decision_index,phase,time_s,duration_s,requested_current_A,screened_current_A,executed_current_A,reward,goal,failure_reason,protective_stop,numerical_failure,post_switch_peak_unknown,intervention,filter_wall_s,safety_details,reward_terms
0,charge,90.0,90.0,"[7.5, 5.0, 3.0]","[7.5, 5.0, 3.0]","[7.5, 5.0, 3.0]",-5.298900018810456,False,,False,False,False,False,0.8853629999975965,"{""requested_current_A"": [7.5, 5.0, 3.0], ""applied_current_A"": [7.5, 5.0, 3.0], ""intervention"": false, ""infeasible"": false, ""reason"": ""Requested currents passed nominal screening"", ""voltage_margin_V"": 0.03, ""temperature_margin_K"": 1.0, ""soc_max"": 0.95, ""voltage_guard_V"": 4.17, ""temperature_guard_K"": 308.0, ""nominal_state"": [[0.22742478288937246, 3.504942091546549, 298.15], [0.4041972736804839, 3.689663422209775, 298.15], [0.5083186146561426, 3.78786234310426, 298.15]], ""observation"": [[0.22742478288937246, 3.504942091546549, 298.15], [0.4041972736804839, 3.689663422209775, 298.15], [0.5083186146561426, 3.78786234310426, 298.15]], ""positive_voltage_bias_V"": [0.0, 0.0, 0.0], ""positive_temperature_bias_K"": [0.0, 0.0, 0.0], ""absolute_soc_bias"": [0.0, 0.0, 0.0], ""cells"": [{""cell_index"": 0, ""candidate_count"": 1, ""feasible"": true, ""rejections"": [], ""current_A"": 7.5, ""nominal_next_peaks"": {""voltage_V"": 3.7778610806264004, ""temperature_K"": 298.69246204315783, ""soc"": 0.2714649655034006}, ""nominal_backup_peaks"": {""voltage_V"": 3.603038422559623, ""temperature_K"": 298.69246204315783, ""soc"": 0.2714649655034007}, ""bias_adjusted_peaks"": {""voltage_V"": 3.7778610806264004, ""temperature_K"": 298.69246204315783, ""soc"": 0.2714649655034007}}, {""cell_index"": 1, ""candidate_count"": 1, ""feasible"": true, ""rejections"": [], ""current_A"": 5.0, ""nominal_next_peaks"": {""voltage_V"": 3.888330643051648, ""temperature_K"": 298.3718071805838, ""soc"": 0.43530100589994686}, ""nominal_backup_peaks"": {""voltage_V"": 3.763682092336028, ""temperature_K"": 298.3718071805838, ""soc"": 0.435301005899947}, ""bias_adjusted_peaks"": {""voltage_V"": 3.888330643051648, ""temperature_K"": 298.3718071805838, ""soc"": 0.435301005899947}}, {""cell_index"": 2, ""candidate_count"": 1, ""feasible"": true, ""rejections"": [], ""current_A"": 3.0, ""nominal_next_peaks"": {""voltage_V"": 3.914638162824045, ""temperature_K"": 298.2260866924441, ""soc"": 0.527859424460719}, ""nominal_backup_peaks"": {""voltage_V"": 3.8315658224572147, ""temperature_K"": 298.2260866924441, ""soc"": 0.527859424460719}, ""bias_adjusted_peaks"": {""voltage_V"": 3.914638162824045, ""temperature_K"": 298.2260866924441, ""soc"": 0.527859424460719}}], ""candidate_solve_count"": 6, ""screen_horizon_s"": 90.0, ""zero_current_backup_horizon_s"": 90.0, ""safety_guarantee"": ""finite-horizon sampled screen only"", ""filter_wall_time_s"": 0.8853319000008923}","{""time"": -0.75, ""balance"": -4.548900018810456, ""voltage"": -0.0, ""temperature"": -0.0, ""numerical_failure"": 0.0, ""protective_stop"": 0.0}"
1,charge,180.0,90.0,"[7.5, 4.5, 3.0]","[7.5, 4.5, 3.0]","[7.5, 4.5, 3.0]",-4.796639156783535,False,,False,False,False,False,0.5522254999996221,"{""requested_current_A"": [7.5, 4.5, 3.0], ""applied_current_A"": [7.5, 4.5, 3.0], ""intervention"": false, ""infeasible"": false, ""reason"": ""Requested currents passed nominal screening"", ""voltage_margin_V"": 0.03, ""temperature_margin_K"": 1.0, ""soc_max"": 0.95, ""voltage_guard_V"": 4.17, ""temperature_guard_K"": 308.0, ""nominal_state"": [[0.2714649655034006, 3.7778610806264004, 298.69246204315783], [0.4353010058999456, 3.888330643051648, 298.3718071805838], [0.5278594244607199, 3.914638162824045, 298.2260866924441]], ""observation"": [[0.27146496550340765, 3.777193656834191, 298.6904559353303], [0.43530100589994286, 3.8897073661659376, 298.3670803275362], [0.527859424460712, 3.9144591026587077, 298.22955666088785]], ""positive_voltage_bias_V"": [0.0, 0.0013767231142893799, 0.0], ""positive_temperature_bias_K"": [0.0, 0.0, 0.003469968443766902], ""absolute_soc_bias"": [7.049916206369744e-15, 2.7200464103316335e-15, 7.882583474838611e-15], ""cells"": [{""cell_index"": 0, ""candidate_count"": 1, ""feasible"": true, ""rejections"": [], ""current_A"": 7.5, ""nominal_next_peaks"": {""voltage_V"": 3.8313938186807857, ""temperature_K"": 299.25560797950004, ""soc"": 0.31550514811743735}, ""nominal_backup_peaks"": {""voltage_V"": 3.658484728055347, ""temperature_K"": 299.25560797950004, ""soc"": 0.31550514811743735}, ""bias_adjusted_peaks"": {""voltage_V"": 3.8313938186807857, ""temperature_K"": 299.25560797950004, ""soc"": 0.3155051481174444}}, {""cell_index"": 1, ""candidate_count"": 1, ""feasible"": true, ""rejections"": [], ""current_A"": 4.5, ""nominal_next_peaks"": {""voltage_V"": 3.907404893786192, ""temperature_K"": 298.5608418408023, ""soc"": 0.4632943648974609}, ""nominal_backup_peaks"": {""voltage_V"": 3.7931670204473287, ""temperature_K"": 298.5608418408023, ""soc"": 0.4632943648974681}, ""bias_adjusted_peaks"": {""voltage_V"": 3.908781616900481, ""temperature_K"": 298.5608418408023, ""soc"": 0.46329436489747083}}, {""cell_index"": 2, ""candidate_count"": 1, ""feasible"": true, ""rejections"": [], ""current_A"": 3.0, ""nominal_next_peaks"": {""voltage_V"": 3.9330049661503463, ""temperature_K"": 298.3045978107233, ""soc"": 0.5474002342652996}, ""nominal_backup_peaks"": {""voltage_V"": 3.849783388903371, ""temperature_K"": 298.3045978107233, ""soc"": 0.5474002342652996}, ""bias_adjusted_peaks"": {""voltage_V"": 3.9330049661503463, ""temperature_K"": 298.30806777916706, ""soc"": 0.5474002342653075}}], ""candidate_solve_count"": 6, ""screen_horizon_s"": 90.0, ""zero_current_backup_horizon_s"": 90.0, ""safety_guarantee"": ""finite-horizon sampled screen only"", ""filter_wall_time_s"": 0.5521855000006326}","{""time"": -0.75, ""balance"": -4.046639156783535, ""voltage"": -0.0, ""temperature"": -0.0, ""numerical_failure"": 0.0, ""protective_stop"": 0.0}"
2,charge,270.0,90.0,"[7.5, 4.5, 3.0]","[7.5, 4.5, 3.0]","[7.5, 4.5, 3.0]",-4.288702874142718,False,,False,False,False,False,0.5758284999974421,"{""requested_current_A"": [7.5, 4.5, 3.0], ""applied_current_A"": [7.5, 4.5, 3.0], ""intervention"": false, ""infeasible"": false, ""reason"": ""Requested currents passed nominal screening"", ""voltage_margin_V"": 0.03, ""temperature_margin_K"": 1.0, ""soc_max"": 0.95, ""voltage_guard_V"": 4.17, ""temperature_guard_K"": 308.0, ""nominal_state"": [[0.31550514811743763, 3.8313938186807857, 299.25560797950004], [0.4632943648974615, 3.907404893786192, 298.5608418408023], [0.5474002342652983, 3.9330049661503463, 298.3045978107233]], ""observation"": [[0.31550514811744207, 3.830299372224383, 299.25174064931014], [0.4632943648974519, 3.9091000355049808, 298.5522264441205], [0.5474002342652766, 3.9327716100845187, 298.3116080306644]], ""positive_voltage_bias_V"": [0.0, 0.0016951417187889284, 0.0], ""positive_temperature_bias_K"": [0.0, 0.0, 0.007010219941093965], ""absolute_soc_bias"": [4.440892098500626e-15, 9.603429163007604e-15, 2.1649348980190553e-14], ""cells"": [{""cell_index"": 0, ""candidate_count"": 1, ""feasible"": true, ""rejections"": [], ""current_A"": 7.5, ""nominal_next_peaks"": {""voltage_V"": 3.875046783403205, ""temperature_K"": 299.8031494499524, ""soc"": 0.3595453307314737}, ""nominal_backup_peaks"": {""voltage_V"": 3.7049288943870082, ""temperature_K"": 299.8031494499524, ""soc"": 0.3595453307314737}, ""bias_adjusted_peaks"": {""voltage_V"": 3.875046783403205, ""temperature_K"": 299.8031494499524, ""soc"": 0.35954533073147815}}, {""cell_index"": 1, ""candidate_count"": 1, ""feasible"": true, ""rejections"": [], ""current_A"": 4.5, ""nominal_next_peaks"": {""voltage_V"": 3.9334336966163823, ""temperature_K"": 298.7452244355451, ""soc"": 0.49128772389497577}, ""nominal_backup_peaks"": {""voltage_V"": 3.8198509713234765, ""temperature_K"": 298.7452244355451, ""soc"": 0.49128772389498004}, ""bias_adjusted_peaks"": {""voltage_V"": 3.9351288383351712, ""temperature_K"": 298.7452244355451, ""soc"": 0.49128772389498965}}, {""cell_index"": 2, ""candidate_count"": 1, ""feasible"": true, ""rejections"": [], ""current_A"": 3.0, ""nominal_next_peaks"": {""voltage_V"": 3.9480166623628623, ""temperature_K"": 298.38253945254525, ""soc"": 0.5669410440698762}, ""nominal_backup_peaks"": {""voltage_V"": 3.8648602142819843, ""temperature_K"": 298.38253945254525, ""soc"": 0.5669410440698762}, ""bias_adjusted_peaks"": {""voltage_V"": 3.9480166623628623, ""temperature_K"": 298.38954967248634, ""soc"": 0.5669410440698979}}], ""candidate_solve_count"": 6, ""screen_horizon_s"": 90.0, ""zero_current_backup_horizon_s"": 90.0, ""safety_guarantee"": ""finite-horizon sampled screen only"", ""filter_wall_time_s"": 0.5758008999982849}","{""time"": -0.75, ""balance"": -3.538702874142718, ""voltage"": -0.0, ""temperature"": -0.0, ""numerical_failure"": 0.0, ""protective_stop"": 0.0}"
3,charge,360.0,90.0,"[7.0, 4.5, 3.0]","[7.0, 4.5, 3.0]","[7.0, 4.5, 3.0]",-3.813070303833495,False,,False,False,False,False,0.6766788999993878,"{""requested_current_A"": [7.0, 4.5, 3.0], ""applied_current_A"": [7.0, 4.5, 3.0], ""intervention"": false, ""infeasible"": false, ""reason"": ""Requested currents passed nominal screening"", ""voltage_margin_V"": 0.03, ""temperature_margin_K"": 1.0, ""soc_max"": 0.95, ""voltage_guard_V"": 4.17, ""temperature_guard_K"": 308.0, ""nominal_state"": [[0.3595453307314737, 3.875046783403205, 299.8031494499524], [0.49128772389497677, 3.9334336966163823, 298.7452244355451], [0.5669410440698762, 3.9480166623628623, 298.38253945254525]], ""observation"": [[0.3595453307314745, 3.8733894822696997, 299.79769582742927], [0.4912877238949633, 3.935215494139893, 298.73293709752386], [0.5669410440698422, 3.9477451725445443, 298.3930230446197]], ""positive_voltage_bias_V"": [0.0, 0.0017817975235105976, 0.0], ""positive_temperature_bias_K"": [0.0, 0.0, 0.01048359207447902], ""absolute_soc_bias"": [7.771561172376096e-16, 1.3489209749195652e-14, 3.397282455352979e-14], ""cells"": [{""cell_index"": 0, ""candidate_count"": 1, ""feasible"": true, ""rejections"": [], ""current_A"": 7.0, ""nominal_next_peaks"": {""voltage_V"": 3.899913738713088, ""temperature_K"": 300.26961728120193, ""soc"": 0.4006495011712404}, ""nominal_backup_peaks"": {""voltage_V"": 3.7416215407858298, ""temperature_K"": 300.26961728120193, ""soc"": 0.4006495011712418}, ""bias_adjusted_peaks"": {""voltage_V"": 3.899913738713088, ""temperature_K"": 300.26961728120193, ""soc"": 0.4006495011712426}}, {""cell_index"": 1, ""candidate_count"": 1, ""feasible"": true, ""rejections"": [], ""current_A"": 4.5, ""nominal_next_peaks"": {""voltage_V"": 3.9556679454225154, ""temperature_K"": 298.9258831675145, ""soc"": 0.5192810828924931}, ""nominal_backup_peaks"": {""voltage_V"": 3.8425710952241596, ""temperature_K"": 298.9258831675145, ""soc"": 0.5192810828924934}, ""bias_adjusted_peaks"": {""voltage_V"": 3.957449742946026, ""temperature_K"": 298.9258831675145, ""soc"": 0.519281082892507}}, {""cell_index"": 2, ""candidate_count"": 1, ""feasible"": true, ""rejections"": [], ""current_A"": 3.0, ""nominal_next_peaks"": {""voltage_V"": 3.9623229557608712, ""temperature_K"": 298.459831119818, ""soc"": 0.5864818538744526}, ""nominal_backup_peaks"": {""voltage_V"": 3.879186572228013, ""temperature_K"": 298.459831119818, ""soc"": 0.5864818538744526}, ""bias_adjusted_peaks"": {""voltage_V"": 3.9623229557608712, ""temperature_K"": 298.47031471189246, ""soc"": 0.5864818538744866}}], ""candidate_solve_count"": 6, ""screen_horizon_s"": 90.0, ""zero_current_backup_horizon_s"": 90.0, ""safety_guarantee"": ""finite-horizon sampled screen only"", ""filter_wall_time_s"": 0.6766437000005681}","{""time"": -0.75, ""balance"": -3.063070303833495, ""voltage"": -0.0, ""temperature"": -0.0, ""numerical_failure"": 0.0, ""protective_stop"": 0.0}"
4,charge,450.0,90.0,"[6.5, 4.0, 3.0]","[6.5, 4.0, 3.0]","[6.5, 4.0, 3.0]",-3.3963379676061356,False,,False,False,False,False,0.7039417999985744,"{""requested_current_A"": [6.5, 4.0, 3.0], ""applied_current_A"": [6.5, 4.0, 3.0], ""intervention"": false, ""infeasible"": false, ""reason"": ""Requested currents passed nominal screening"", ""voltage_margin_V"": 0.03, ""temperature_margin_K"": 1.0, ""soc_max"": 0.95, ""voltage_guard_V"": 4.17, ""temperature_guard_K"": 308.0, ""nominal_state"": [[0.40064950117124165, 3.899913738713088, 300.26961728120193], [0.519281082892492, 3.9556679454225154, 298.9258831675145], [0.5864818538744537, 3.9623229557608712, 298.459831119818]], ""observation"": [[0.40064950117123704, 3.8977901188733624, 300.26307738607244], [0.5192810828924752, 3.9574270358697783, 298.9101160228769], [0.5864818538744048, 3.962013824762712, 298.47371825665033]], ""positive_voltage_bias_V"": [0.0, 0.0017590904472628566, 0.0], ""positive_temperature_bias_K"": [0.0, 0.0, 0.013887136832352098], ""absolute_soc_bias"": [4.6074255521944e-15, 1.6764367671839864e-14, 4.8960835385969403e-14], ""cells"": [{""cell_index"": 0, ""candidate_count"": 1, ""feasible"": true, ""rejections"": [], ""current_A"": 6.5, ""nominal_next_peaks"": {""voltage_V"": 3.921843936364855, ""temperature_K"": 300.6601882250369, ""soc"": 0.4388176594367407}, ""nominal_backup_peaks"": {""voltage_V"": 3.7748369712795493, ""temperature_K"": 300.6601882250369, ""soc"": 0.43881765943674084}, ""bias_adjusted_peaks"": {""voltage_V"": 3.921843936364855, ""temperature_K"": 300.6601882250369, ""soc"": 0.43881765943674544}}, {""cell_index"": 1, ""candidate_count"": 1, ""feasible"": true, ""rejections"": [], ""current_A"": 4.0, ""nominal_next_peaks"": {""voltage_V"": 3.9588843132958793, ""temperature_K"": 299.0669725064275, ""soc"": 0.5441640686680613}, ""nominal_backup_peaks"": {""voltage_V"": 3.8566507749020973, ""temperature_K"": 299.0669725064275, ""soc"": 0.5441640686680614}, ""bias_adjusted_peaks"": {""voltage_V"": 3.960643403743142, ""temperature_K"": 299.0669725064275, ""soc"": 0.5441640686680782}}, {""cell_index"": 2, ""candidate_count"": 1, ""feasible"": true, ""rejections"": [], ""current_A"": 3.0, ""nominal_next_peaks"": {""voltage_V"": 3.977494486974238, ""temperature_K"": 298.5365227165252, ""soc"": 0.6060226636790326}, ""nominal_backup_peaks"": {""voltage_V"": 3.894321805793144, ""temperature_K"": 298.5365227165252, ""soc"": 0.6060226636790326}, ""bias_adjusted_peaks"": {""voltage_V"": 3.977494486974238, ""temperature_K"": 298.55040985335756, ""soc"": 0.6060226636790815}}], ""candidate_solve_count"": 6, ""screen_horizon_s"": 90.0, ""zero_current_backup_horizon_s"": 90.0, ""safety_guarantee"": ""finite-horizon sampled screen only"", ""filter_wall_time_s"": 0.7039054000015312}","{""time"": -0.75, ""balance"": -2.6463379676061356, ""voltage"": -0.0, ""temperature"": -0.0, ""numerical_failure"": 0.0, ""protective_stop"": 0.0}"
5,charge,540.0,90.0,"[6.0, 4.0, 3.0]","[6.0, 4.0, 3.0]","[6.0, 4.0, 3.0]",-3.038574195847507,False,,False,False,False,False,0.6163833999999042,"{""requested_current_A"": [6.0, 4.0, 3.0], ""applied_current_A"": [6.0, 4.0, 3.0], ""intervention"": false, ""infeasible"": false, ""reason"": ""Requested currents passed nominal screening"", ""voltage_margin_V"": 0.03, ""temperature_margin_K"": 1.0, ""soc_max"": 0.95, ""voltage_guard_V"": 4.17, ""temperature_guard_K"": 308.0, ""nominal_state"": [[0.43881765943674106, 3.921843936364855, 300.6601882250369], [0.5441640686680607, 3.9588843132958793, 299.0669725064275], [0.6060226636790312, 3.977494486974238, 298.5365227165252]], ""observation"": [[0.4388176594367299, 3.919562165719839, 300.65300566736227], [0.5441640686680408, 3.9605434464705436, 299.048668786244], [0.6060226636789697, 3.9771354210477474, 298.5537465713022]], ""positive_voltage_bias_V"": [0.0, 0.0016591331746642624, 0.0], ""positive_temperature_bias_K"": [0.0, 0.0, 0.017223854777000724], ""absolute_soc_bias"": [1.1157741397482823e-14, 1.9872992140790302e-14, 6.150635556423367e-14], ""cells"": [{""cell_index"": 0, ""candidate_count"": 1, ""feasible"": true, ""rejections"": [], ""current_A"": 6.0, ""nominal_next_peaks"": {""voltage_V"": 3.939470894288319, ""temperature_K"": 300.9825540684909, ""soc"": 0.4740498055279743}, ""nominal_backup_peaks"": {""voltage_V"": 3.803298285409402, ""temperature_K"": 300.9825540684909, ""soc"": 0.4740498055279744}, ""bias_adjusted_peaks"": {""voltage_V"": 3.939470894288319, ""temperature_K"": 300.9825540684909, ""soc"": 0.47404980552798553}}, {""cell_index"": 1, ""candidate_count"": 1, ""feasible"": true, ""rejections"": [], ""current_A"": 4.0, ""nominal_next_peaks"": {""voltage_V"": 3.975414411128991, ""temperature_K"": 299.2046209143066, ""soc"": 0.5690470544436296}, ""nominal_backup_peaks"": {""voltage_V"": 3.8734107462656184, ""temperature_K"": 299.2046209143066, ""soc"": 0.5690470544436338}, ""bias_adjusted_peaks"": {""voltage_V"": 3.9770735443036553, ""temperature_K"": 299.2046209143066, ""soc"": 0.5690470544436537}}, {""cell_index"": 2, ""candidate_count"": 1, ""feasible"": true, ""rejections"": [], ""current_A"": 3.0, ""nominal_next_peaks"": {""voltage_V"": 3.9954763199195584, ""temperature_K"": 298.6126696424311, ""soc"": 0.6255634734836079}, ""nominal_backup_peaks"": {""voltage_V"": 3.9122093181306403, ""temperature_K"": 298.6126696424311, ""soc"": 0.6255634734836079}, ""bias_adjusted_peaks"": {""voltage_V"": 3.9954763199195584, ""temperature_K"": 298.6298934972081, ""soc"": 0.6255634734836694}}], ""candidate_solve_count"": 6, ""screen_horizon_s"": 90.0, ""zero_current_backup_horizon_s"": 90.0, ""safety_guarantee"": ""finite-horizon sampled screen only"", ""filter_wall_time_s"": 0.616316800002096}","{""time"": -0.75, ""balance"": -2.288574195847507, ""voltage"": -0.0, ""temperature"": -0.0, ""numerical_failure"": 0.0, ""protective_stop"": 0.0}"
6,charge,630.0,90.0,"[6.0, 4.0, 3.0]","[6.0, 4.0, 3.0]","[6.0, 4.0, 3.0]",-2.7131052197980976,False,,False,False,False,False,0.5804925999982515,"{""requested_current_A"": [6.0, 4.0, 3.0], ""applied_current_A"": [6.0, 4.0, 3.0], ""intervention"": false, ""infeasible"": false, ""reason"": ""Requested currents passed nominal screening"", ""voltage_margin_V"": 0.03, ""temperature_margin_K"": 1.0, ""soc_max"": 0.95, ""voltage_guard_V"": 4.17, ""temperature_guard_K"": 308.0, ""nominal_state"": [[0.4740498055279727, 3.939470894288319, 300.9825540684909], [0.5690470544436308, 3.975414411128991, 299.2046209143066], [0.625563473483608, 3.9954763199195584, 298.6126696424311]], ""observation"": [[0.4740498055279529, 3.937355609012513, 300.9751110927986], [0.5690470544436077, 3.9770546440252303, 299.1839339713604], [0.625563473483535, 3.9950428327133602, 298.6331665871606]], ""positive_voltage_bias_V"": [0.0, 0.0016402328962392687, 0.0], ""positive_temperature_bias_K"": [0.0, 0.0, 0.020496944729472943], ""absolute_soc_bias"": [1.9817480989559044e-14, 2.3092638912203256e-14, 7.294165271787278e-14], ""cells"": [{""cell_index"": 0, ""candidate_count"": 1, ""feasible"": true, ""rejections"": [], ""current_A"": 6.0, ""nominal_next_peaks"": {""voltage_V"": 3.968460252557246, ""temperature_K"": 301.29537811166773, ""soc"": 0.5092819516192008}, ""nominal_backup_peaks"": {""voltage_V"": 3.833255126342972, ""temperature_K"": 301.29537811166773, ""soc"": 0.5092819516192044}, ""bias_adjusted_peaks"": {""voltage_V"": 3.968460252557246, ""temperature_K"": 301.29537811166773, ""soc"": 0.5092819516192242}}, {""cell_index"": 1, ""candidate_count"": 1, ""feasible"": true, ""rejections"": [], ""current_A"": 4.0, ""nominal_next_peaks"": {""voltage_V"": 3.993044841222205, ""temperature_K"": 299.33993529483695, ""soc"": 0.5939300402192024}, ""nominal_backup_peaks"": {""voltage_V"": 3.891119404523374, ""temperature_K"": 299.33993529483695, ""soc"": 0.5939300402192357}, ""bias_adjusted_peaks"": {""voltage_V"": 3.9946850741184443, ""temperature_K"": 299.33993529483695, ""soc"": 0.5939300402192588}}, {""cell_index"": 2, ""candidate_count"": 1, ""feasible"": true, ""rejections"": [], ""current_A"": 3.0, ""nominal_next_peaks"": {""voltage_V"": 4.018057727225855, ""temperature_K"": 298.68832874148893, ""soc"": 0.6451042832881805}, ""nominal_backup_peaks"": {""voltage_V"": 3.934636563302822, ""temperature_K"": 298.68832874148893, ""soc"": 0.6451042832881805}, ""bias_adjusted_peaks"": {""voltage_V"": 4.018057727225855, ""temperature_K"": 298.7088256862184, ""soc"": 0.6451042832882534}}], ""candidate_solve_count"": 6, ""screen_horizon_s"": 90.0, ""zero_current_backup_horizon_s"": 90.0, ""safety_guarantee"": ""finite-horizon sampled screen only"", ""filter_wall_time_s"": 0.5804473999996844}","{""time"": -0.75, ""balance"": -1.9631052197980974, ""voltage"": -0.0, ""temperature"": -0.0, ""numerical_failure"": 0.0, ""protective_stop"": 0.0}"
7,charge,720.0,90.0,"[5.5, 4.0, 3.0]","[5.5, 4.0, 3.0]","[5.5, 4.0, 3.0]",-2.419792912354813,False,,False,False,False,False,0.638146000001143,"{""requested_current_A"": [5.5, 4.0, 3.0], ""applied_current_A"": [5.5, 4.0, 3.0], ""intervention"": false, ""infeasible"": false, ""reason"": ""Requested currents passed nominal screening"", ""voltage_margin_V"": 0.03, ""temperature_margin_K"": 1.0, ""soc_max"": 0.95, ""voltage_guard_V"": 4.17, ""temperature_guard_K"": 308.0, ""nominal_state"": [[0.5092819516192019, 3.968460252557246, 301.29537811166773], [0.5939300402192024, 3.993044841222205, 299.33993529483695], [0.645104283288179, 4.018057727225855, 298.68832874148893]], ""observation"": [[0.5092819516191771, 3.9666111644143256, 301.2878143225204], [0.5939300402191724, 3.9947283483815403, 299.3169916375075], [0.6451042832880989, 4.0175410961511915, 298.7120383443436]], ""positive_voltage_bias_V"": [0.0, 0.0016835071593352957, 0.0], ""positive_temperature_bias_K"": [0.0, 0.0, 0.023709602854694367], ""absolute_soc_bias"": [2.475797344914099e-14, 2.9976021664879227e-14, 8.01581023779363e-14], ""cells"": [{""cell_index"": 0, ""candidate_count"": 1, ""feasible"": true, ""rejections"": [], ""current_A"": 5.5, ""nominal_next_peaks"": {""voltage_V"": 3.978639179985696, ""temperature_K"": 301.54996051616655, ""soc"": 0.541578085536161}, ""nominal_backup_peaks"": {""voltage_V"": 3.8536884707981995, ""temperature_K"": 301.54996051616655, ""soc"": 0.541578085536161}, ""bias_adjusted_peaks"": {""voltage_V"": 3.978639179985696, ""temperature_K"": 301.54996051616655, ""soc"": 0.5415780855361858}}, {""cell_index"": 1, ""candidate_count"": 1, ""feasible"": true, ""rejections"": [], ""current_A"": 4.0, ""nominal_next_peaks"": {""voltage_V"": 4.014139492018997, ""temperature_K"": 299.4731255338338, ""soc"": 0.6188130259947698}, ""nominal_backup_peaks"": {""voltage_V"": 3.9121868603955514, ""temperature_K"": 299.4731255338338, ""soc"": 0.6188130259947706}, ""bias_adjusted_peaks"": {""voltage_V"": 4.015822999178333, ""temperature_K"": 299.4731255338338, ""soc"": 0.6188130259948006}}, {""cell_index"": 2, ""candidate_count"": 1, ""feasible"": true, ""rejections"": [], ""current_A"": 3.0, ""nominal_next_peaks"": {""voltage_V"": 4.043749231411542, ""temperature_K"": 298.7635570490238, ""soc"": 0.6646450930927567}, ""nominal_backup_peaks"": {""voltage_V"": 3.9601116673938312, ""temperature_K"": 298.7635570490238, ""soc"": 0.6646450930927567}, ""bias_adjusted_peaks"": {""voltage_V"": 4.043749231411542, ""temperature_K"": 298.7872666518785, ""soc"": 0.6646450930928368}}], ""candidate_solve_count"": 6, ""screen_horizon_s"": 90.0, ""zero_current_backup_horizon_s"": 90.0, ""safety_guarantee"": ""finite-horizon sampled screen only"", ""filter_wall_time_s"": 0.6381046999995306}","{""time"": -0.75, ""balance"": -1.669792912354813, ""voltage"": -0.0, ""temperature"": -0.0, ""numerical_failure"": 0.0, ""protective_stop"": 0.0}"
8,charge,810.0,90.0,"[5.0, 3.5, 3.0]","[5.0, 3.5, 3.0]","[5.0, 3.5, 3.0]",-2.185539157576294,False,,False,False,False,False,0.6238661999996111,"{""requested_current_A"": [5.0, 3.5, 3.0], ""applied_current_A"": [5.0, 3.5, 3.0], ""intervention"": false, ""infeasible"": false, ""reason"": ""Requested currents passed nominal screening"", ""voltage_margin_V"": 0.03, ""temperature_margin_K"": 1.0, ""soc_max"": 0.95, ""voltage_guard_V"": 4.17, ""temperature_guard_K"": 308.0, ""nominal_state"": [[0.5415780855361617, 3.978639179985696, 301.54996051616655], [0.6188130259947706, 4.014139492018997, 299.4731255338338], [0.6646450930927567, 4.043749231411542, 298.7635570490238]], ""observation"": [[0.5415780855361294, 3.9770402224949524, 301.5425874830329], [0.6188130259947409, 4.015935740493726, 299.4480443229501], [0.664645093092659, 4.0432019159273835, 298.7904220090495]], ""positive_voltage_bias_V"": [0.0, 0.001796248474728479, 0.0], ""positive_temperature_bias_K"": [0.0, 0.0, 0.02686496002570493], ""absolute_soc_bias"": [3.2307490016592055e-14, 2.9753977059954195e-14, 9.769962616701378e-14], ""cells"": [{""cell_index"": 0, ""candidate_count"": 1, ""feasible"": true, ""rejections"": [], ""current_A"": 5.0, ""nominal_next_peaks"": {""voltage_V"": 3.985137197913987, ""temperature_K"": 301.75020493424825, ""soc"": 0.570938207278857}, ""nominal_backup_peaks"": {""voltage_V"": 3.870390702244273, ""temperature_K"": 301.75020493424825, ""soc"": 0.5709382072788571}, ""bias_adjusted_peaks"": {""voltage_V"": 3.985137197913987, ""temperature_K"": 301.75020493424825, ""soc"": 0.5709382072788894}}, {""cell_index"": 1, ""candidate_count"": 1, ""feasible"": true, ""rejections"": [], ""current_A"": 3.5, ""nominal_next_peaks"": {""voltage_V"": 4.022654031658849, ""temperature_K"": 299.5716416965147, ""soc"": 0.6405856385483951}, ""nominal_backup_peaks"": {""voltage_V"": 3.931564322754193, ""temperature_K"": 299.5716416965147, ""soc"": 0.6405856385483973}, ""bias_adjusted_peaks"": {""voltage_V"": 4.0244502801335775, ""temperature_K"": 299.5716416965147, ""soc"": 0.6405856385484271}}, {""cell_index"": 2, ""candidate_count"": 1, ""feasible"": true, ""rejections"": [], ""current_A"": 3.0, ""nominal_next_peaks"": {""voltage_V"": 4.068014344994642, ""temperature_K"": 298.8384154158527, ""soc"": 0.6841859028973313}, ""nominal_backup_peaks"": {""voltage_V"": 3.9840950987638584, ""temperature_K"": 298.8384154158527, ""soc"": 0.6841859028973313}, ""bias_adjusted_peaks"": {""voltage_V"": 4.068014344994642, ""temperature_K"": 298.8652803758784, ""soc"": 0.684185902897429}}], ""candidate_solve_count"": 6, ""screen_horizon_s"": 90.0, ""zero_current_backup_horizon_s"": 90.0, ""safety_guarantee"": ""finite-horizon sampled screen only"", ""filter_wall_time_s"": 0.6238230000017211}","{""time"": -0.75, ""balance"": -1.4355391575762941, ""voltage"": -0.0, ""temperature"": -0.0, ""numerical_failure"": 0.0, ""protective_stop"": 0.0}"
9,charge,900.0,90.0,"[5.0, 3.5, 3.0]","[5.0, 3.5, 3.0]","[5.0, 3.5, 3.0]",-1.9785514358721987,False,,False,False,False,False,0.6100785999988148,"{""requested_current_A"": [5.0, 3.5, 3.0], ""applied_current_A"": [5.0, 3.5, 3.0], ""intervention"": false, ""infeasible"": false, ""reason"": ""Requested currents passed nominal screening"", ""voltage_margin_V"": 0.03, ""temperature_margin_K"": 1.0, ""soc_max"": 0.95, ""voltage_guard_V"": 4.17, ""temperature_guard_K"": 308.0, ""nominal_state"": [[0.5709382072788554, 3.985137197913987, 301.75020493424825], [0.6405856385483957, 4.022654031658849, 299.5716416965147], [0.6841859028973312, 4.068014344994642, 298.8384154158527]], ""observation"": [[0.5709382072788152, 3.9837108113776845, 301.7432962027106], [0.6405856385483611, 4.024448073379862, 299.5452198202311], [0.6841859028972241, 4.067488792148664, 298.86838175248556]], ""positive_voltage_bias_V"": [0.0, 0.001794041721012718, 0.0], ""positive_temperature_bias_K"": [0.0, 0.0, 0.029966336632867296], ""absolute_soc_bias"": [4.0190073491430667e-14, 3.452793606584237e-14, 1.0702549957386509e-13], ""cells"": [{""cell_index"": 0, ""candidate_count"": 1, ""feasible"": true, ""rejections"": [], ""current_A"": 5.0, ""nominal_next_peaks"": {""voltage_V"": 4.006631459115111, ""temperature_K"": 301.9453827014944, ""soc"": 0.6002983290215491}, ""nominal_backup_peaks"": {""voltage_V"": 3.8920870543492634, ""temperature_K"": 301.9453827014944, ""soc"": 0.6002983290215501}, ""bias_adjusted_peaks"": {""voltage_V"": 4.006631459115111, ""temperature_K"": 301.9453827014944, ""soc"": 0.6002983290215903}}, {""cell_index"": 1, ""candidate_count"": 1, ""feasible"": true, ""rejections"": [], ""current_A"": 3.5, ""nominal_next_peaks"": {""voltage_V"": 4.050425435558419, ""temperature_K"": 299.6680635863813, ""soc"": 0.6623582511020163}, ""nominal_backup_peaks"": {""voltage_V"": 3.959168782292548, ""temperature_K"": 299.6680635863813, ""soc"": 0.6623582511020212}, ""bias_adjusted_peaks"": {""voltage_V"": 4.052219477279432, ""temperature_K"": 299.6680635863813, ""soc"": 0.6623582511020557}}, {""cell_index"": 2, ""candidate_count"": 1, ""feasible"": true, ""rejections"": [], ""current_A"": 3.0, ""nominal_next_peaks"": {""voltage_V"": 4.089309186717053, ""temperature_K"": 298.9129667066237, ""soc"": 0.7037267127019202}, ""nominal_backup_peaks"": {""voltage_V"": 4.005039189249484, ""temperature_K"": 298.9129667066237, ""soc"": 0.7037267127019204}, ""bias_adjusted_peaks"": {""voltage_V"": 4.089309186717053, ""temperature_K"": 298.9429330432566, ""soc"": 0.7037267127020275}}], ""candidate_solve_count"": 6, ""screen_horizon_s"": 90.0, ""zero_current_backup_horizon_s"": 90.0, ""safety_guarantee"": ""finite-horizon sampled screen only"", ""filter_wall_time_s"": 0.6100389000021096}","{""time"": -0.75, ""balance"": -1.2285514358721987, ""voltage"": -0.0, ""temperature"": -0.0, ""numerical_failure"": 0.0, ""protective_stop"": 0.0}"
10,charge,990.0,90.0,"[5.0, 3.5, 3.0]","[5.0, 3.5, 3.0]","[5.0, 3.5, 3.0]",-1.772215359908282,False,,False,False,False,False,0.5180618000013055,"{""requested_current_A"": [5.0, 3.5, 3.0], ""applied_current_A"": [5.0, 3.5, 3.0], ""intervention"": false, ""infeasible"": false, ""reason"": ""Requested currents passed nominal screening"", ""voltage_margin_V"": 0.03, ""temperature_margin_K"": 1.0, ""soc_max"": 0.95, ""voltage_guard_V"": 4.17, ""temperature_guard_K"": 308.0, ""nominal_state"": [[0.6002983290215484, 4.006631459115111, 301.9453827014944], [0.6623582511020175, 4.050425435558419, 299.6680635863813], [0.7037267127019181, 4.089309186717053, 298.9129667066237]], ""observation"": [[0.6002983290215002, 4.005254135656154, 301.9390102616044], [0.6623582511019835, 4.052299202982631, 299.6403932538364], [0.7037267127017852, 4.088800854342681, 298.94598366111404]], ""positive_voltage_bias_V"": [0.0, 0.0018737674242119695, 0.0], ""positive_temperature_bias_K"": [0.0, 0.0, 0.03301695449033559], ""absolute_soc_bias"": [4.829470157119431e-14, 3.397282455352979e-14, 1.3289369604763124e-13], ""cells"": [{""cell_index"": 0, ""candidate_count"": 1, ""feasible"": true, ""rejections"": [], ""current_A"": 5.0, ""nominal_next_peaks"": {""voltage_V"": 4.034811903220335, ""temperature_K"": 302.137437175406, ""soc"": 0.6296584507642419}, ""nominal_backup_peaks"": {""voltage_V"": 3.9202554825609797, ""temperature_K"": 302.137437175406, ""soc"": 0.6296584507642576}, ""bias_adjusted_peaks"": {""voltage_V"": 4.034811903220335, ""temperature_K"": 302.137437175406, ""soc"": 0.6296584507643059}}, {""cell_index"": 1, ""candidate_count"": 1, ""feasible"": true, ""rejections"": [], ""current_A"": 3.5, ""nominal_next_peaks"": {""voltage_V"": 4.0774316329089935, ""temperature_K"": 299.7632783992989, ""soc"": 0.684130863655642}, ""nominal_backup_peaks"": {""voltage_V"": 3.9858767766571805, ""temperature_K"": 299.7632783992989, ""soc"": 0.684130863655642}, ""bias_adjusted_peaks"": {""voltage_V"": 4.079305400333205, ""temperature_K"": 299.7632783992989, ""soc"": 0.684130863655676}}, {""cell_index"": 2, ""candidate_count"": 1, ""feasible"": true, ""rejections"": [], ""current_A"": 3.0, ""nominal_next_peaks"": {""voltage_V"": 4.108887819204947, ""temperature_K"": 298.9872756527005, ""soc"": 0.7232675225064963}, ""nominal_backup_peaks"": {""voltage_V"": 4.02419334595605, ""temperature_K"": 298.9872756527005, ""soc"": 0.7232675225064963}, ""bias_adjusted_peaks"": {""voltage_V"": 4.108887819204947, ""temperature_K"": 299.0202926071908, ""soc"": 0.7232675225066292}}], ""candidate_solve_count"": 6, ""screen_horizon_s"": 90.0, ""zero_current_backup_horizon_s"": 90.0, ""safety_guarantee"": ""finite-horizon sampled screen only"", ""filter_wall_time_s"": 0.5180122999990999}","{""time"": -0.75, ""balance"": -1.022215359908282, ""voltage"": -0.0, ""temperature"": -0.0, ""numerical_failure"": 0.0, ""protective_stop"": 0.0}"
11,charge,1080.0,89.99999999999989,"[4.5, 3.5, 3.0]","[4.5, 3.5, 3.0]","[4.5, 3.5, 3.0]",-1.5980538571844911,False,,False,False,False,False,0.4703122999999323,"{""requested_current_A"": [4.5, 3.5, 3.0], ""applied_current_A"": [4.5, 3.5, 3.0], ""intervention"": false, ""infeasible"": false, ""reason"": ""Requested currents passed nominal screening"", ""voltage_margin_V"": 0.03, ""temperature_margin_K"": 1.0, ""soc_max"": 0.95, ""voltage_guard_V"": 4.17, ""temperature_guard_K"": 308.0, ""nominal_state"": [[0.6296584507642409, 4.034811903220335, 302.137437175406], [0.684130863655641, 4.0774316329089935, 299.7632783992989], [0.7232675225064963, 4.108887819204947, 298.9872756527005]], ""observation"": [[0.6296584507641834, 4.033401324411418, 302.1316630313662], [0.6841308636556018, 4.079375000603964, 299.73443119489735], [0.7232675225063436, 4.108382629279145, 299.02329580312755]], ""positive_voltage_bias_V"": [0.0, 0.0019433676949702772, 0.0], ""positive_temperature_bias_K"": [0.0, 0.0, 0.036020150427077624], ""absolute_soc_bias"": [5.750955267558311e-14, 3.9190872769268026e-14, 1.5265566588595902e-13], ""cells"": [{""cell_index"": 0, ""candidate_count"": 1, ""feasible"": true, ""rejections"": [], ""current_A"": 4.5, ""nominal_next_peaks"": {""voltage_V"": 4.053776154220315, ""temperature_K"": 302.28297909099115, ""soc"": 0.6560825603326642}, ""nominal_backup_peaks"": {""voltage_V"": 3.9491006493189404, ""temperature_K"": 302.28297909099115, ""soc"": 0.6560825603326647}, ""bias_adjusted_peaks"": {""voltage_V"": 4.053776154220315, ""temperature_K"": 302.28297909099115, ""soc"": 0.6560825603327222}}, {""cell_index"": 1, ""candidate_count"": 1, ""feasible"": true, ""rejections"": [], ""current_A"": 3.5, ""nominal_next_peaks"": {""voltage_V"": 4.101042945041497, ""temperature_K"": 299.8574411489779, ""soc"": 0.7059034762092656}, ""nominal_backup_peaks"": {""voltage_V"": 4.009097774232254, ""temperature_K"": 299.8574411489779, ""soc"": 0.7059034762092693}, ""bias_adjusted_peaks"": {""voltage_V"": 4.102986312736467, ""temperature_K"": 299.8574411489779, ""soc"": 0.7059034762093085}}, {""cell_index"": 2, ""candidate_count"": 1, ""feasible"": true, ""rejections"": [], ""current_A"": 3.0, ""nominal_next_peaks"": {""voltage_V"": 4.1276142639630855, ""temperature_K"": 299.06141321520454, ""soc"": 0.7428083323110708}, ""nominal_backup_peaks"": {""voltage_V"": 4.042415909865259, ""temperature_K"": 299.06141321520454, ""soc"": 0.7428083323110708}, ""bias_adjusted_peaks"": {""voltage_V"": 4.1276142639630855, ""temperature_K"": 299.0974333656316, ""soc"": 0.7428083323112235}}], ""candidate_solve_count"": 6, ""screen_horizon_s"": 90.0, ""zero_current_backup_horizon_s"": 90.0, ""safety_guarantee"": ""finite-horizon sampled screen only"", ""filter_wall_time_s"": 0.470282700000098}","{""time"": -0.749999999999999, ""balance"": -0.8480538571844922, ""voltage"": -0.0, ""temperature"": -0.0, ""numerical_failure"": 0.0, ""protective_stop"": 0.0}"
12,charge,1170.0,90.0,"[4.5, 3.5, 3.0]","[4.5, 3.5, 3.0]","[4.5, 3.5, 3.0]",-1.45562570831531,False,,False,False,False,False,0.44345000000248547,"{""requested_current_A"": [4.5, 3.5, 3.0], ""applied_current_A"": [4.5, 3.5, 3.0], ""intervention"": false, ""infeasible"": false, ""reason"": ""Requested currents passed nominal screening"", ""voltage_margin_V"": 0.03, ""temperature_margin_K"": 1.0, ""soc_max"": 0.95, ""voltage_guard_V"": 4.17, ""temperature_guard_K"": 308.0, ""nominal_state"": [[0.6560825603326629, 4.053776154220315, 302.28297909099115], [0.7059034762092651, 4.101042945041497, 299.8574411489779], [0.7428083323110708, 4.1276142639630855, 299.06141321520454]], ""observation"": [[0.6560825603326, 4.05236512205756, 302.2780225612705], [0.7059034762092214, 4.103048394795933, 299.82748394809425], [0.742808332310907, 4.127115613581237, 299.10039273574887]], ""positive_voltage_bias_V"": [0.0, 0.0020054497544359506, 0.0], ""positive_temperature_bias_K"": [0.0, 0.0, 0.038979520544330626], ""absolute_soc_bias"": [6.283862319378386e-14, 4.363176486776865e-14, 1.637578961322106e-13], ""cells"": [{""cell_index"": 0, ""candidate_count"": 1, ""feasible"": true, ""rejections"": [], ""current_A"": 4.5, ""nominal_next_peaks"": {""voltage_V"": 4.087097875047688, ""temperature_K"": 302.4254689596587, ""soc"": 0.6825066699010871}, ""nominal_backup_peaks"": {""voltage_V"": 3.982159752466823, ""temperature_K"": 302.4254689596587, ""soc"": 0.6825066699010873}, ""bias_adjusted_peaks"": {""voltage_V"": 4.087097875047688, ""temperature_K"": 302.4254689596587, ""soc"": 0.6825066699011502}}, {""cell_index"": 1, ""candidate_count"": 1, ""feasible"": true, ""rejections"": [], ""current_A"": 3.5, ""nominal_next_peaks"": {""voltage_V"": 4.122836391914726, ""temperature_K"": 299.9506815196671, ""soc"": 0.727676088762883}, ""nominal_backup_peaks"": {""voltage_V"": 4.030404074606091, ""temperature_K"": 299.9506815196671, ""soc"": 0.7276760887628873}, ""bias_adjusted_peaks"": {""voltage_V"": 4.124841841669162, ""temperature_K"": 299.9506815196671, ""soc"": 0.7276760887629309}}, {""cell_index"": 2, ""candidate_count"": 1, ""feasible"": true, ""rejections"": [], ""current_A"": 3.0, ""nominal_next_peaks"": {""voltage_V"": 4.145284239705845, ""temperature_K"": 299.13545557748415, ""soc"": 0.7623491421156454}, ""nominal_backup_peaks"": {""voltage_V"": 4.059495677003312, ""temperature_K"": 299.13545557748415, ""soc"": 0.7623491421156454}, ""bias_adjusted_peaks"": {""voltage_V"": 4.145284239705845, ""temperature_K"": 299.1744350980285, ""soc"": 0.7623491421158092}}], ""candidate_solve_count"": 6, ""screen_horizon_s"": 90.0, ""zero_current_backup_horizon_s"": 90.0, ""safety_guarantee"": ""finite-horizon sampled screen only"", ""filter_wall_time_s"": 0.4434221000010439}","{""time"": -0.75, ""balance"": -0.7056257083153098, ""voltage"": -0.0, ""temperature"": -0.0, ""numerical_failure"": 0.0, ""protective_stop"": 0.0}"
13,charge,1260.0,90.0,"[4.5, 3.5, 3.0]","[4.5, 3.5, 3.0]","[4.5, 3.5, 3.0]",-1.31336995783128,False,,False,False,False,False,0.43399090000093565,"{""requested_current_A"": [4.5, 3.5, 3.0], ""applied_current_A"": [4.5, 3.5, 3.0], ""intervention"": false, ""infeasible"": false, ""reason"": ""Requested currents passed nominal screening"", ""voltage_margin_V"": 0.03, ""temperature_margin_K"": 1.0, ""soc_max"": 0.95, ""voltage_guard_V"": 4.17, ""temperature_guard_K"": 308.0, ""nominal_state"": [[0.682506669901087, 4.087097875047688, 302.4254689596587], [0.7276760887628845, 4.122836391914726, 299.9506815196671], [0.7623491421156454, 4.145284239705845, 299.13545557748415]], ""observation"": [[0.6825066699010143, 4.085583526360245, 302.421371601313], [0.7276760887628423, 4.124860307591389, 299.9196772491115], [0.7623491421154689, 4.14481120210152, 299.1773542525423]], ""positive_voltage_bias_V"": [0.0, 0.002023915676662824, 0.0], ""positive_temperature_bias_K"": [0.0, 0.0, 0.04189867505812117], ""absolute_soc_bias"": [7.271960811294775e-14, 4.218847493575595e-14, 1.765254609153999e-13], ""cells"": [{""cell_index"": 0, ""candidate_count"": 1, ""feasible"": true, ""rejections"": [], ""current_A"": 4.5, ""nominal_next_peaks"": {""voltage_V"": 4.116211960106622, ""temperature_K"": 302.56646100205927, ""soc"": 0.7089307794695093}, ""nominal_backup_peaks"": {""voltage_V"": 4.010817609186942, ""temperature_K"": 302.56646100205927, ""soc"": 0.7089307794695093}, ""bias_adjusted_peaks"": {""voltage_V"": 4.116211960106622, ""temperature_K"": 302.56646100205927, ""soc"": 0.708930779469582}}, {""cell_index"": 1, ""candidate_count"": 1, ""feasible"": true, ""rejections"": [], ""current_A"": 3.5, ""nominal_next_peaks"": {""voltage_V"": 4.143618675085687, ""temperature_K"": 300.0431338682722, ""soc"": 0.7494487013165103}, ""nominal_backup_peaks"": {""voltage_V"": 4.050594260118592, ""temperature_K"": 300.0431338682722, ""soc"": 0.7494487013165148}, ""bias_adjusted_peaks"": {""voltage_V"": 4.14564259076235, ""temperature_K"": 300.0431338682722, ""soc"": 0.7494487013165569}}, {""cell_index"": 2, ""candidate_count"": 1, ""feasible"": true, ""rejections"": [], ""current_A"": 3.0, ""nominal_next_peaks"": {""voltage_V"": 4.161006297145498, ""temperature_K"": 299.20948662088625, ""soc"": 0.7818899519202186}, ""nominal_backup_peaks"": {""voltage_V"": 4.0745327534545215, ""temperature_K"": 299.20948662088625, ""soc"": 0.7818899519202186}, ""bias_adjusted_peaks"": {""voltage_V"": 4.161006297145498, ""temperature_K"": 299.2513852959444, ""soc"": 0.7818899519203951}}], ""candidate_solve_count"": 6, ""screen_horizon_s"": 90.0, ""zero_current_backup_horizon_s"": 90.0, ""safety_guarantee"": ""finite-horizon sampled screen only"", ""filter_wall_time_s"": 0.43395460000101593}","{""time"": -0.75, ""balance"": -0.5633699578312801, ""voltage"": -0.0, ""temperature"": -0.0, ""numerical_failure"": 0.0, ""protective_stop"": 0.0}"
14,charge,1350.0,90.0,"[4.0, 3.5, 3.0]","[4.0, 3.5, 2.5]","[4.0, 3.5, 2.5]",-1.1707009269180273,False,,False,False,False,True,0.5792655999975977,"{""requested_current_A"": [4.0, 3.5, 3.0], ""applied_current_A"": [4.0, 3.5, 2.5], ""intervention"": true, ""infeasible"": false, ""reason"": ""Reduced requested current by nominal V/T/SOC and backup screening"", ""voltage_margin_V"": 0.03, ""temperature_margin_K"": 1.0, ""soc_max"": 0.95, ""voltage_guard_V"": 4.17, ""temperature_guard_K"": 308.0, ""nominal_state"": [[0.7089307794695083, 4.116211960106622, 302.56646100205927], [0.7494487013165103, 4.143618675085687, 300.0431338682722], [0.7818899519202163, 4.161006297145498, 299.20948662088625]], ""observation"": [[0.7089307794694263, 4.1145938655403755, 302.5632570049669], [0.7494487013164627, 4.145556673529323, 300.01114136445625], [0.7818899519200259, 4.160585783995183, 299.254268120447]], ""positive_voltage_bias_V"": [0.0, 0.0019379984436360687, 0.0], ""positive_temperature_bias_K"": [0.0, 0.0, 0.044781499560770044], ""absolute_soc_bias"": [8.204548151979907e-14, 4.7628567756419216e-14, 1.9040324872321435e-13], ""cells"": [{""cell_index"": 0, ""candidate_count"": 1, ""feasible"": true, ""rejections"": [], ""current_A"": 4.0, ""nominal_next_peaks"": {""voltage_V"": 4.124967545351939, ""temperature_K"": 302.6660067224102, ""soc"": 0.7324188768636614}, ""nominal_backup_peaks"": {""voltage_V"": 4.029410287447773, ""temperature_K"": 302.6660067224102, ""soc"": 0.7324188768636615}, ""bias_adjusted_peaks"": {""voltage_V"": 4.124967545351939, ""temperature_K"": 302.6660067224102, ""soc"": 0.7324188768637435}}, {""cell_index"": 1, ""candidate_count"": 1, ""feasible"": true, ""rejections"": [], ""current_A"": 3.5, ""nominal_next_peaks"": {""voltage_V"": 4.162667531310939, ""temperature_K"": 300.1349442937812, ""soc"": 0.7712213138701374}, ""nominal_backup_peaks"": {""voltage_V"": 4.068935822046901, ""temperature_K"": 300.1349442937812, ""soc"": 0.7712213138701376}, ""bias_adjusted_peaks"": {""voltage_V"": 4.164605529754575, ""temperature_K"": 300.1349442937812, ""soc"": 0.7712213138701852}}, {""cell_index"": 2, ""candidate_count"": 2, ""feasible"": true, ""rejections"": [{""current_A"": 3.0, ""nominal_next_peaks"": {""voltage_V"": 4.173715309798823, ""temperature_K"": 299.2835993897429, ""soc"": 0.8014307617247892}, ""nominal_backup_peaks"": null, ""bias_adjusted_peaks"": {""voltage_V"": 4.173715309798823, ""temperature_K"": 299.3283808893037, ""soc"": 0.8014307617249796}, ""reason"": ""next_interval:voltage_V""}], ""current_A"": 2.5, ""nominal_next_peaks"": {""voltage_V"": 4.155608366796704, ""temperature_K"": 299.2601215161849, ""soc"": 0.7981739600906916}, ""nominal_backup_peaks"": {""voltage_V"": 4.081134178306263, ""temperature_K"": 299.2601215161849, ""soc"": 0.7981739600906917}, ""bias_adjusted_peaks"": {""voltage_V"": 4.155608366796704, ""temperature_K"": 299.30490301574565, ""soc"": 0.7981739600908822}}], ""candidate_solve_count"": 7, ""screen_horizon_s"": 90.0, ""zero_current_backup_horizon_s"": 90.0, ""safety_guarantee"": ""finite-horizon sampled screen only"", ""filter_wall_time_s"": 0.5792131000016525}","{""time"": -0.75, ""balance"": -0.42070092691802735, ""voltage"": -0.0, ""temperature"": -0.0, ""numerical_failure"": 0.0, ""protective_stop"": 0.0}"
15,charge,1440.0,90.0,"[4.0, 3.5, 3.0]","[4.0, 3.0, 2.5]","[4.0, 3.0, 2.5]",-1.0248656972633068,False,,False,False,False,True,0.6799647999978333,"{""requested_current_A"": [4.0, 3.5, 3.0], ""applied_current_A"": [4.0, 3.0, 2.5], ""intervention"": true, ""infeasible"": false, ""reason"": ""Reduced requested current by nominal V/T/SOC and backup screening"", ""voltage_margin_V"": 0.03, ""temperature_margin_K"": 1.0, ""soc_max"": 0.95, ""voltage_guard_V"": 4.17, ""temperature_guard_K"": 308.0, ""nominal_state"": [[0.7324188768636593, 4.124967545351939, 302.6660067224102], [0.7712213138701364, 4.162667531310939, 300.1349442937812], [0.7981739600906905, 4.155608366796704, 299.2601215161849]], ""observation"": [[0.7324188768635683, 4.1234112588923, 302.6638773686901], [0.7712213138700843, 4.164363462016893, 300.10201930880544], [0.7981739600904918, 4.155262408400018, 299.3067081165805]], ""positive_voltage_bias_V"": [0.0, 0.001695930705953863, 0.0], ""positive_temperature_bias_K"": [0.0, 0.0, 0.04658660039564211], ""absolute_soc_bias"": [9.092726571680032e-14, 5.206945985491984e-14, 1.9872992140790302e-13], ""cells"": [{""cell_index"": 0, ""candidate_count"": 1, ""feasible"": true, ""rejections"": [], ""current_A"": 4.0, ""nominal_next_peaks"": {""voltage_V"": 4.147596565188513, ""temperature_K"": 302.7639392711332, ""soc"": 0.7559069742578147}, ""nominal_backup_peaks"": {""voltage_V"": 4.051410093931137, ""temperature_K"": 302.7639392711332, ""soc"": 0.7559069742578147}, ""bias_adjusted_peaks"": {""voltage_V"": 4.147596565188513, ""temperature_K"": 302.7639392711332, ""soc"": 0.7559069742579057}}, {""cell_index"": 1, ""candidate_count"": 2, ""feasible"": true, ""rejections"": [{""current_A"": 3.5, ""nominal_next_peaks"": {""voltage_V"": 4.178491224395556, ""temperature_K"": 300.22627101397666, ""soc"": 0.7929939264237639}, ""nominal_backup_peaks"": null, ""bias_adjusted_peaks"": {""voltage_V"": 4.1801871551015095, ""temperature_K"": 300.22627101397666, ""soc"": 0.7929939264238159}, ""reason"": ""next_interval:voltage_V""}], ""current_A"": 3.0, ""nominal_next_peaks"": {""voltage_V"": 4.16099892105327, ""temperature_K"": 300.1962565138613, ""soc"": 0.7898835532018169}, ""nominal_backup_peaks"": {""voltage_V"": 4.078251593846039, ""temperature_K"": 300.1962565138613, ""soc"": 0.7898835532018171}, ""bias_adjusted_peaks"": {""voltage_V"": 4.162694851759224, ""temperature_K"": 300.1962565138613, ""soc"": 0.7898835532018692}}, {""cell_index"": 2, ""candidate_count"": 2, ""feasible"": true, ""rejections"": [{""current_A"": 3.0, ""nominal_next_peaks"": {""voltage_V"": 4.181140027114994, ""temperature_K"": 299.3339099794682, ""soc"": 0.8177147698952655}, ""nominal_backup_peaks"": null, ""bias_adjusted_peaks"": {""voltage_V"": 4.181140027114994, ""temperature_K"": 299.38049657986386, ""soc"": 0.8177147698954642}, ""reason"": ""next_interval:voltage_V""}], ""current_A"": 2.5, ""nominal_next_peaks"": {""voltage_V"": 4.164167076698563, ""temperature_K"": 299.3104047429903, ""soc"": 0.8144579682611709}, ""nominal_backup_peaks"": {""voltage_V"": 4.089041875959005, ""temperature_K"": 299.3104047429903, ""soc"": 0.8144579682611709}, ""bias_adjusted_peaks"": {""voltage_V"": 4.164167076698563, ""temperature_K"": 299.3569913433859, ""soc"": 0.8144579682613696}}], ""candidate_solve_count"": 8, ""screen_horizon_s"": 90.0, ""zero_current_backup_horizon_s"": 90.0, ""safety_guarantee"": ""finite-horizon sampled screen only"", ""filter_wall_time_s"": 0.6799291999996058}","{""time"": -0.75, ""balance"": -0.27486569726330684, ""voltage"": -0.0, ""temperature"": -0.0, ""numerical_failure"": 0.0, ""protective_stop"": 0.0}"
16,charge,1530.0,90.0,"[4.0, 3.0, 3.0]","[4.0, 2.5, 2.0]","[4.0, 2.5, 2.0]",-0.8420360544336966,False,,False,False,False,True,0.8095510999992257,"{""requested_current_A"": [4.0, 3.0, 3.0], ""applied_current_A"": [4.0, 2.5, 2.0], ""intervention"": true, ""infeasible"": false, ""reason"": ""Reduced requested current by nominal V/T/SOC and backup screening"", ""voltage_margin_V"": 0.03, ""temperature_margin_K"": 1.0, ""soc_max"": 0.95, ""voltage_guard_V"": 4.17, ""temperature_guard_K"": 308.0, ""nominal_state"": [[0.7559069742578124, 4.147596565188513, 302.7639392711332], [0.7898835532018147, 4.16099892105327, 300.1962565138613], [0.8144579682611686, 4.164167076698563, 299.3104047429903]], ""observation"": [[0.7559069742577129, 4.146130234560152, 302.76290242797813], [0.7898835532017564, 4.162345387814305, 300.1630691110866], [0.814457968260953, 4.163886862246983, 299.3587593761678]], ""positive_voltage_bias_V"": [0.0, 0.0013464667610350034, 0.0], ""positive_temperature_bias_K"": [0.0, 0.0, 0.04835463317755284], ""absolute_soc_bias"": [9.947598300641403e-14, 5.828670879282072e-14, 2.156053113822054e-13], ""cells"": [{""cell_index"": 0, ""candidate_count"": 1, ""feasible"": true, ""rejections"": [], ""current_A"": 4.0, ""nominal_next_peaks"": {""voltage_V"": 4.1687867736175095, ""temperature_K"": 302.8615529183552, ""soc"": 0.7793950716519649}, ""nominal_backup_peaks"": {""voltage_V"": 4.071782188793376, ""temperature_K"": 302.8615529183552, ""soc"": 0.7793950716519649}, ""bias_adjusted_peaks"": {""voltage_V"": 4.1687867736175095, ""temperature_K"": 302.8615529183552, ""soc"": 0.7793950716520643}}, {""cell_index"": 1, ""candidate_count"": 2, ""feasible"": true, ""rejections"": [{""current_A"": 3.0, ""nominal_next_peaks"": {""voltage_V"": 4.171907695133555, ""temperature_K"": 300.2567473161124, ""soc"": 0.8085457925334947}, ""nominal_backup_peaks"": null, ""bias_adjusted_peaks"": {""voltage_V"": 4.17325416189459, ""temperature_K"": 300.2567473161124, ""soc"": 0.808545792533553}, ""reason"": ""next_interval:voltage_V""}], ""current_A"": 2.5, ""nominal_next_peaks"": {""voltage_V"": 4.154526303973199, ""temperature_K"": 300.2303146105947, ""soc"": 0.8054354193115508}, ""nominal_backup_peaks"": {""voltage_V"": 4.083532977396869, ""temperature_K"": 300.2303146105947, ""soc"": 0.805435419311551}, ""bias_adjusted_peaks"": {""voltage_V"": 4.155872770734234, ""temperature_K"": 300.2303146105947, ""soc"": 0.8054354193116093}}, {""cell_index"": 2, ""candidate_count"": 3, ""feasible"": true, ""rejections"": [{""current_A"": 3.0, ""nominal_next_peaks"": {""voltage_V"": 4.186702262728129, ""temperature_K"": 299.38448933456414, ""soc"": 0.8339987780657417}, ""nominal_backup_peaks"": null, ""bias_adjusted_peaks"": {""voltage_V"": 4.186702262728129, ""temperature_K"": 299.4328439677417, ""soc"": 0.8339987780659573}, ""reason"": ""next_interval:voltage_V""}, {""current_A"": 2.5, ""nominal_next_peaks"": {""voltage_V"": 4.1707245353938855, ""temperature_K"": 299.3608192951644, ""soc"": 0.8307419764316444}, ""nominal_backup_peaks"": null, ""bias_adjusted_peaks"": {""voltage_V"": 4.1707245353938855, ""temperature_K"": 299.40917392834194, ""soc"": 0.83074197643186}, ""reason"": ""next_interval:voltage_V""}], ""current_A"": 2.0, ""nominal_next_peaks"": {""voltage_V"": 4.153447455718511, ""temperature_K"": 299.3405495123399, ""soc"": 0.827485174797546}, ""nominal_backup_peaks"": {""voltage_V"": 4.091311532495494, ""temperature_K"": 299.3405495123399, ""soc"": 0.827485174797546}, ""bias_adjusted_peaks"": {""voltage_V"": 4.153447455718511, ""temperature_K"": 299.3889041455175, ""soc"": 0.8274851747977616}}], ""candidate_solve_count"": 9, ""screen_horizon_s"": 90.0, ""zero_current_backup_horizon_s"": 90.0, ""safety_guarantee"": ""finite-horizon sampled screen only"", ""filter_wall_time_s"": 0.809486599999218}","{""time"": -0.75, ""balance"": -0.0920360544336966, ""voltage"": -0.0, ""temperature"": -0.0, ""numerical_failure"": 0.0, ""protective_stop"": 0.0}"
17,charge,1620.0,90.0,"[3.5, 3.0, 3.0]","[3.5, 2.5, 2.0]","[3.5, 2.5, 2.0]",-0.75,False,,False,False,False,True,0.8518667999996978,"{""requested_current_A"": [3.5, 3.0, 3.0], ""applied_current_A"": [3.5, 2.5, 2.0], ""intervention"": true, ""infeasible"": false, ""reason"": ""Reduced requested current by nominal V/T/SOC and backup screening"", ""voltage_margin_V"": 0.03, ""temperature_margin_K"": 1.0, ""soc_max"": 0.95, ""voltage_guard_V"": 4.17, ""temperature_guard_K"": 308.0, ""nominal_state"": [[0.7793950716519636, 4.1687867736175095, 302.8615529183552], [0.8054354193115486, 4.154526303973199, 300.2303146105947], [0.8274851747975457, 4.153447455718511, 299.3405495123399]], ""observation"": [[0.779395071651853, 4.167544715491097, 302.8616209119507], [0.8054354193114851, 4.155558389697452, 300.19744768132085], [0.827485174797318, 4.153225722281098, 299.3897554560437]], ""positive_voltage_bias_V"": [0.0, 0.0010320857242529513, 0.0], ""positive_temperature_bias_K"": [6.799359550768713e-05, 0.0, 0.049205943703782395], ""absolute_soc_bias"": [1.1068923555512811e-13, 6.350475700855895e-14, 2.277067423506196e-13], ""cells"": [{""cell_index"": 0, ""candidate_count"": 1, ""feasible"": true, ""rejections"": [], ""current_A"": 3.5, ""nominal_next_peaks"": {""voltage_V"": 4.169573984573119, ""temperature_K"": 302.9221805297916, ""soc"": 0.7999471568718483}, ""nominal_backup_peaks"": {""voltage_V"": 4.082568188491804, ""temperature_K"": 302.9221805297916, ""soc"": 0.7999471568718494}, ""bias_adjusted_peaks"": {""voltage_V"": 4.169573984573119, ""temperature_K"": 302.9222485233871, ""soc"": 0.79994715687196}}, {""cell_index"": 1, ""candidate_count"": 2, ""feasible"": true, ""rejections"": [{""current_A"": 3.0, ""nominal_next_peaks"": {""voltage_V"": 4.178455117130714, ""temperature_K"": 300.29036859448433, ""soc"": 0.8240976586432276}, ""nominal_backup_peaks"": null, ""bias_adjusted_peaks"": {""voltage_V"": 4.1794872028549666, ""temperature_K"": 300.29036859448433, ""soc"": 0.8240976586432911}, ""reason"": ""next_interval:voltage_V""}], ""current_A"": 2.5, ""nominal_next_peaks"": {""voltage_V"": 4.162092415650276, ""temperature_K"": 300.2638926625433, ""soc"": 0.8209872854212819}, ""nominal_backup_peaks"": {""voltage_V"": 4.090446130703148, ""temperature_K"": 300.2638926625433, ""soc"": 0.8209872854212819}, ""bias_adjusted_peaks"": {""voltage_V"": 4.163124501374529, ""temperature_K"": 300.2638926625433, ""soc"": 0.8209872854213454}}, {""cell_index"": 2, ""candidate_count"": 3, ""feasible"": true, ""rejections"": [{""current_A"": 3.0, ""nominal_next_peaks"": {""voltage_V"": 4.189905409525469, ""temperature_K"": 299.41449166952015, ""soc"": 0.8470259846021194}, ""nominal_backup_peaks"": null, ""bias_adjusted_peaks"": {""voltage_V"": 4.189905409525469, ""temperature_K"": 299.4636976132239, ""soc"": 0.8470259846023471}, ""reason"": ""next_interval:voltage_V""}, {""current_A"": 2.5, ""nominal_next_peaks"": {""voltage_V"": 4.174347264462053, ""temperature_K"": 299.3907825342549, ""soc"": 0.8437691829680253}, ""nominal_backup_peaks"": null, ""bias_adjusted_peaks"": {""voltage_V"": 4.174347264462053, ""temperature_K"": 299.4399884779587, ""soc"": 0.843769182968253}, ""reason"": ""next_interval:voltage_V""}], ""current_A"": 2.0, ""nominal_next_peaks"": {""voltage_V"": 4.157682459036134, ""temperature_K"": 299.37047703965186, ""soc"": 0.8405123813339276}, ""nominal_backup_peaks"": {""voltage_V"": 4.0949691007633415, ""temperature_K"": 299.37047703965186, ""soc"": 0.8405123813339276}, ""bias_adjusted_peaks"": {""voltage_V"": 4.157682459036134, ""temperature_K"": 299.41968298335564, ""soc"": 0.8405123813341553}}], ""candidate_solve_count"": 9, ""screen_horizon_s"": 90.0, ""zero_current_backup_horizon_s"": 90.0, ""safety_guarantee"": ""finite-horizon sampled screen only"", ""filter_wall_time_s"": 0.851825400000962}","{""time"": -0.75, ""balance"": -0.0, ""voltage"": -0.0, ""temperature"": -0.0, ""numerical_failure"": 0.0, ""protective_stop"": 0.0}"
18,charge,1710.0,90.0,"[3.5, 3.0, 3.0]","[3.0, 2.5, 2.0]","[3.0, 2.5, 2.0]",-0.75,False,,False,False,False,True,0.9100574000003689,"{""requested_current_A"": [3.5, 3.0, 3.0], ""applied_current_A"": [3.0, 2.5, 2.0], ""intervention"": true, ""infeasible"": false, ""reason"": ""Reduced requested current by nominal V/T/SOC and backup screening"", ""voltage_margin_V"": 0.03, ""temperature_margin_K"": 1.0, ""soc_max"": 0.95, ""voltage_guard_V"": 4.17, ""temperature_guard_K"": 308.0, ""nominal_state"": [[0.7999471568718476, 4.169573984573119, 302.9221805297916], [0.8209872854212806, 4.162092415650276, 300.2638926625433], [0.8405123813339263, 4.157682459036134, 299.37047703965186]], ""observation"": [[0.7999471568717279, 4.168639481472371, 302.92350304786], [0.8209872854212129, 4.162831489884832, 300.2313597138499], [0.8405123813336814, 4.157499174926805, 299.42051441355096]], ""positive_voltage_bias_V"": [0.0, 0.0007390742345556589, 0.0], ""positive_temperature_bias_K"": [0.0013225180683775761, 0.0, 0.05003737389910157], ""absolute_soc_bias"": [1.1968204205459188e-13, 6.772360450213455e-14, 2.44804176929847e-13], ""cells"": [{""cell_index"": 0, ""candidate_count"": 2, ""feasible"": true, ""rejections"": [{""current_A"": 3.5, ""nominal_next_peaks"": {""voltage_V"": 4.1809757120561475, ""temperature_K"": 302.98225133973784, ""soc"": 0.8204992420917333}, ""nominal_backup_peaks"": null, ""bias_adjusted_peaks"": {""voltage_V"": 4.1809757120561475, ""temperature_K"": 302.9835738578062, ""soc"": 0.820499242091853}, ""reason"": ""next_interval:voltage_V""}], ""current_A"": 3.0, ""nominal_next_peaks"": {""voltage_V"": 4.16521578455902, ""temperature_K"": 302.94919401654636, ""soc"": 0.8175632299174671}, ""nominal_backup_peaks"": {""voltage_V"": 4.088752570585868, ""temperature_K"": 302.94919401654636, ""soc"": 0.8175632299174671}, ""bias_adjusted_peaks"": {""voltage_V"": 4.16521578455902, ""temperature_K"": 302.95051653461474, ""soc"": 0.8175632299175868}}, {""cell_index"": 1, ""candidate_count"": 2, ""feasible"": true, ""rejections"": [{""current_A"": 3.0, ""nominal_next_peaks"": {""voltage_V"": 4.18350027276896, ""temperature_K"": 300.3242367576525, ""soc"": 0.8396495247529516}, ""nominal_backup_peaks"": null, ""bias_adjusted_peaks"": {""voltage_V"": 4.1842393470035155, ""temperature_K"": 300.3242367576525, ""soc"": 0.8396495247530193}, ""reason"": ""next_interval:voltage_V""}], ""current_A"": 2.5, ""nominal_next_peaks"": {""voltage_V"": 4.167991369006758, ""temperature_K"": 300.29756491659214, ""soc"": 0.8365391515310151}, ""nominal_backup_peaks"": {""voltage_V"": 4.095572496809071, ""temperature_K"": 300.29756491659214, ""soc"": 0.836539151531016}, ""bias_adjusted_peaks"": {""voltage_V"": 4.168730443241314, ""temperature_K"": 300.29756491659214, ""soc"": 0.8365391515310837}}, {""cell_index"": 2, ""candidate_count"": 3, ""feasible"": true, ""rejections"": [{""current_A"": 3.0, ""nominal_next_peaks"": {""voltage_V"": 4.193185178570328, ""temperature_K"": 299.444867167016, ""soc"": 0.8600531911385014}, ""nominal_backup_peaks"": null, ""bias_adjusted_peaks"": {""voltage_V"": 4.193185178570328, ""temperature_K"": 299.4949045409151, ""soc"": 0.8600531911387462}, ""reason"": ""next_interval:voltage_V""}, {""current_A"": 2.5, ""nominal_next_peaks"": {""voltage_V"": 4.177595419618841, ""temperature_K"": 299.42099681177194, ""soc"": 0.856796389504403}, ""nominal_backup_peaks"": null, ""bias_adjusted_peaks"": {""voltage_V"": 4.177595419618841, ""temperature_K"": 299.47103418567104, ""soc"": 0.8567963895046478}, ""reason"": ""next_interval:voltage_V""}], ""current_A"": 2.0, ""nominal_next_peaks"": {""voltage_V"": 4.161195733112663, ""temperature_K"": 299.4005377406657, ""soc"": 0.8535395878703058}, ""nominal_backup_peaks"": {""voltage_V"": 4.097808899654908, ""temperature_K"": 299.4005377406657, ""soc"": 0.8535395878703058}, ""bias_adjusted_peaks"": {""voltage_V"": 4.161195733112663, ""temperature_K"": 299.4505751145648, ""soc"": 0.8535395878705506}}], ""candidate_solve_count"": 10, ""screen_horizon_s"": 90.0, ""zero_current_backup_horizon_s"": 90.0, ""safety_guarantee"": ""finite-horizon sampled screen only"", ""filter_wall_time_s"": 0.9099597999993421}","{""time"": -0.75, ""balance"": -0.0, ""voltage"": -0.0, ""temperature"": -0.0, ""numerical_failure"": 0.0, ""protective_stop"": 0.0}"
19,charge,1800.0,90.0,"[3.5, 3.0, 3.0]","[2.5, 2.0, 2.0]","[2.5, 2.0, 2.0]",-0.75,False,,False,False,False,True,1.1403085000019928,"{""requested_current_A"": [3.5, 3.0, 3.0], ""applied_current_A"": [2.5, 2.0, 2.0], ""intervention"": true, ""infeasible"": false, ""reason"": ""Reduced requested current by nominal V/T/SOC and backup screening"", ""voltage_margin_V"": 0.03, ""temperature_margin_K"": 1.0, ""soc_max"": 0.95, ""voltage_guard_V"": 4.17, ""temperature_guard_K"": 308.0, ""nominal_state"": [[0.8175632299174648, 4.16521578455902, 302.94919401654636], [0.8365391515310138, 4.167991369006758, 300.29756491659214], [0.8535395878703061, 4.161195733112663, 299.4005377406657]], ""observation"": [[0.8175632299173294, 4.1645525049825505, 302.95189509902974], [0.8365391515309397, 4.168492646135546, 300.26536735587086], [0.853539587870044, 4.161034033520425, 299.45140228606465]], ""positive_voltage_bias_V"": [0.0, 0.0005012771287873363, 0.0], ""positive_temperature_bias_K"": [0.0027010824833837432, 0.0, 0.05086454539895158], ""absolute_soc_bias"": [1.3533618670180658e-13, 7.405187574249794e-14, 2.6212365611399946e-13], ""cells"": [{""cell_index"": 0, ""candidate_count"": 3, ""feasible"": true, ""rejections"": [{""current_A"": 3.5, ""nominal_next_peaks"": {""voltage_V"": 4.187437021620132, ""temperature_K"": 303.0092220597483, ""soc"": 0.8381153151373514}, ""nominal_backup_peaks"": null, ""bias_adjusted_peaks"": {""voltage_V"": 4.187437021620132, ""temperature_K"": 303.0119231422317, ""soc"": 0.8381153151374867}, ""reason"": ""next_interval:voltage_V""}, {""current_A"": 3.0, ""nominal_next_peaks"": {""voltage_V"": 4.17279771425499, ""temperature_K"": 302.976064589095, ""soc"": 0.8351793029630823}, ""nominal_backup_peaks"": null, ""bias_adjusted_peaks"": {""voltage_V"": 4.17279771425499, ""temperature_K"": 302.9787656715784, ""soc"": 0.8351793029632176}, ""reason"": ""next_interval:voltage_V""}], ""current_A"": 2.5, ""nominal_next_peaks"": {""voltage_V"": 4.157222429250931, ""temperature_K"": 302.94919401654636, ""soc"": 0.83224329078881}, ""nominal_backup_peaks"": {""voltage_V"": 4.091920939993832, ""temperature_K"": 302.9471281614575, ""soc"": 0.8322432907888131}, ""bias_adjusted_peaks"": {""voltage_V"": 4.157222429250931, ""temperature_K"": 302.95189509902974, ""soc"": 0.8322432907889484}}, {""cell_index"": 1, ""candidate_count"": 3, ""feasible"": true, ""rejections"": [{""current_A"": 3.0, ""nominal_next_peaks"": {""voltage_V"": 4.187552983914836, ""temperature_K"": 300.3583167204504, ""soc"": 0.8552013908626903}, ""nominal_backup_peaks"": null, ""bias_adjusted_peaks"": {""voltage_V"": 4.188054261043623, ""temperature_K"": 300.3583167204504, ""soc"": 0.8552013908627644}, ""reason"": ""next_interval:voltage_V""}, {""current_A"": 2.5, ""nominal_next_peaks"": {""voltage_V"": 4.172384362772272, ""temperature_K"": 300.3314225039553, ""soc"": 0.8520910176407436}, ""nominal_backup_peaks"": null, ""bias_adjusted_peaks"": {""voltage_V"": 4.172885639901059, ""temperature_K"": 300.3314225039553, ""soc"": 0.8520910176408176}, ""reason"": ""next_interval:voltage_V""}], ""current_A"": 2.0, ""nominal_next_peaks"": {""voltage_V"": 4.156363426659307, ""temperature_K"": 300.30847554622574, ""soc"": 0.8489806444187971}, ""nominal_backup_peaks"": {""voltage_V"": 4.096577635815658, ""temperature_K"": 300.30847554622574, ""soc"": 0.8489806444188062}, ""bias_adjusted_peaks"": {""voltage_V"": 4.156864703788094, ""temperature_K"": 300.30847554622574, ""soc"": 0.8489806444188802}}, {""cell_index"": 2, ""candidate_count"": 3, ""feasible"": true, ""rejections"": [{""current_A"": 3.0, ""nominal_next_peaks"": {""voltage_V"": 4.197299854351087, ""temperature_K"": 299.47546344819176, ""soc"": 0.87308039767488}, ""nominal_backup_peaks"": null, ""bias_adjusted_peaks"": {""voltage_V"": 4.197299854351087, ""temperature_K"": 299.5263279935907, ""soc"": 0.8730803976751421}, ""reason"": ""next_interval:voltage_V""}, {""current_A"": 2.5, ""nominal_next_peaks"": {""voltage_V"": 4.181073035189723, ""temperature_K"": 299.4514124623156, ""soc"": 0.869823596040782}, ""nominal_backup_peaks"": null, ""bias_adjusted_peaks"": {""voltage_V"": 4.181073035189723, ""temperature_K"": 299.50227700771455, ""soc"": 0.8698235960410441}, ""reason"": ""next_interval:voltage_V""}], ""current_A"": 2.0, ""nominal_next_peaks"": {""voltage_V"": 4.164397081492845, ""temperature_K"": 299.43078126079433, ""soc"": 0.866566794406683}, ""nominal_backup_peaks"": {""voltage_V"": 4.100269333976264, ""temperature_K"": 299.43078126079433, ""soc"": 0.866566794406683}, ""bias_adjusted_peaks"": {""voltage_V"": 4.164397081492845, ""temperature_K"": 299.4816458061933, ""soc"": 0.8665667944069452}}], ""candidate_solve_count"": 12, ""screen_horizon_s"": 90.0, ""zero_current_backup_horizon_s"": 90.0, ""safety_guarantee"": ""finite-horizon sampled screen only"", ""filter_wall_time_s"": 1.1402258000016445}","{""time"": -0.75, ""balance"": -0.0, ""voltage"": -0.0, ""temperature"": -0.0, ""numerical_failure"": 0.0, ""protective_stop"": 0.0}"
20,charge,1890.0,90.0,"[3.5, 3.0, 3.0]","[2.5, 2.0, 2.0]","[2.5, 2.0, 2.0]",-0.75,False,,False,False,False,True,1.1231241000023147,"{""requested_current_A"": [3.5, 3.0, 3.0], ""applied_current_A"": [2.5, 2.0, 2.0], ""intervention"": true, ""infeasible"": false, ""reason"": ""Reduced requested current by nominal V/T/SOC and backup screening"", ""voltage_margin_V"": 0.03, ""temperature_margin_K"": 1.0, ""soc_max"": 0.95, ""voltage_guard_V"": 4.17, ""temperature_guard_K"": 308.0, ""nominal_state"": [[0.8322432907888088, 4.157222429250931, 302.9471281614575], [0.8489806444187995, 4.156363426659307, 300.30847554622574], [0.8665667944066816, 4.164397081492845, 299.43078126079433]], ""observation"": [[0.8322432907886639, 4.15675683092053, 302.95130356026397], [0.8489806444187236, 4.156736847670093, 300.27708524575723], [0.8665667944064119, 4.1642348002716085, 299.4824708988426]], ""positive_voltage_bias_V"": [0.0, 0.0003734210107859681, 0.0], ""positive_temperature_bias_K"": [0.004175398806467001, 0.0, 0.051689638048287634], ""absolute_soc_bias"": [1.4488410471358293e-13, 7.593925488436071e-14, 2.696731726814505e-13], ""cells"": [{""cell_index"": 0, ""candidate_count"": 3, ""feasible"": true, ""rejections"": [{""current_A"": 3.5, ""nominal_next_peaks"": {""voltage_V"": 4.1913493051394, ""temperature_K"": 303.0075246161252, ""soc"": 0.8527953760086933}, ""nominal_backup_peaks"": null, ""bias_adjusted_peaks"": {""voltage_V"": 4.1913493051394, ""temperature_K"": 303.01170001493165, ""soc"": 0.8527953760088381}, ""reason"": ""next_interval:voltage_V""}, {""current_A"": 3.0, ""nominal_next_peaks"": {""voltage_V"": 4.177208295465851, ""temperature_K"": 302.9742743318495, ""soc"": 0.8498593638344251}, ""nominal_backup_peaks"": null, ""bias_adjusted_peaks"": {""voltage_V"": 4.177208295465851, ""temperature_K"": 302.97844973065594, ""soc"": 0.84985936383457}, ""reason"": ""next_interval:voltage_V""}], ""current_A"": 2.5, ""nominal_next_peaks"": {""voltage_V"": 4.162350023353051, ""temperature_K"": 302.9471281614575, ""soc"": 0.8469233516601562}, ""nominal_backup_peaks"": {""voltage_V"": 4.096303992015008, ""temperature_K"": 302.94524923590353, ""soc"": 0.8469233516601562}, ""bias_adjusted_peaks"": {""voltage_V"": 4.162350023353051, ""temperature_K"": 302.95130356026397, ""soc"": 0.8469233516603011}}, {""cell_index"": 1, ""candidate_count"": 3, ""feasible"": true, ""rejections"": [{""current_A"": 3.0, ""nominal_next_peaks"": {""voltage_V"": 4.190745903255287, ""temperature_K"": 300.3692666596896, ""soc"": 0.8676428837504736}, ""nominal_backup_peaks"": null, ""bias_adjusted_peaks"": {""voltage_V"": 4.191119324266073, ""temperature_K"": 300.3692666596896, ""soc"": 0.8676428837505495}, ""reason"": ""next_interval:voltage_V""}, {""current_A"": 2.5, ""nominal_next_peaks"": {""voltage_V"": 4.175315354962988, ""temperature_K"": 300.34230297855635, ""soc"": 0.864532510528531}, ""nominal_backup_peaks"": null, ""bias_adjusted_peaks"": {""voltage_V"": 4.175688775973774, ""temperature_K"": 300.34230297855635, ""soc"": 0.8645325105286069}, ""reason"": ""next_interval:voltage_V""}], ""current_A"": 2.0, ""nominal_next_peaks"": {""voltage_V"": 4.159316355936446, ""temperature_K"": 300.31929221993107, ""soc"": 0.8614221373065893}, ""nominal_backup_peaks"": {""voltage_V"": 4.098884680398571, ""temperature_K"": 300.31929221993107, ""soc"": 0.8614221373065893}, ""bias_adjusted_peaks"": {""voltage_V"": 4.159689776947232, ""temperature_K"": 300.31929221993107, ""soc"": 0.8614221373066653}}, {""cell_index"": 2, ""candidate_count"": 3, ""feasible"": true, ""rejections"": [{""current_A"": 3.0, ""nominal_next_peaks"": {""voltage_V"": 4.203272614883074, ""temperature_K"": 299.50631533926514, ""soc"": 0.886107604211254}, ""nominal_backup_peaks"": null, ""bias_adjusted_peaks"": {""voltage_V"": 4.203272614883074, ""temperature_K"": 299.55800497731343, ""soc"": 0.8861076042115237}, ""reason"": ""next_interval:voltage_V""}, {""current_A"": 2.5, ""nominal_next_peaks"": {""voltage_V"": 4.185769099448761, ""temperature_K"": 299.48206725049187, ""soc"": 0.8828508025771555}, ""nominal_backup_peaks"": null, ""bias_adjusted_peaks"": {""voltage_V"": 4.185769099448761, ""temperature_K"": 299.53375688854015, ""soc"": 0.8828508025774252}, ""reason"": ""next_interval:voltage_V""}], ""current_A"": 2.0, ""nominal_next_peaks"": {""voltage_V"": 4.168173372716794, ""temperature_K"": 299.4612480679246, ""soc"": 0.8795940009430611}, ""nominal_backup_peaks"": {""voltage_V"": 4.103231170741063, ""temperature_K"": 299.4612480679246, ""soc"": 0.8795940009430611}, ""bias_adjusted_peaks"": {""voltage_V"": 4.168173372716794, ""temperature_K"": 299.5129377059729, ""soc"": 0.8795940009433307}}], ""candidate_solve_count"": 12, ""screen_horizon_s"": 90.0, ""zero_current_backup_horizon_s"": 90.0, ""safety_guarantee"": ""finite-horizon sampled screen only"", ""filter_wall_time_s"": 1.123063799997908}","{""time"": -0.75, ""balance"": -0.0, ""voltage"": -0.0, ""temperature"": -0.0, ""numerical_failure"": 0.0, ""protective_stop"": 0.0}"
21,charge,1980.0,90.0,"[3.5, 3.0, 3.0]","[2.5, 2.0, 1.5]","[2.5, 2.0, 1.5]",-0.75,False,,False,False,False,True,1.1262271000014152,"{""requested_current_A"": [3.5, 3.0, 3.0], ""applied_current_A"": [2.5, 2.0, 1.5], ""intervention"": true, ""infeasible"": false, ""reason"": ""Reduced requested current by nominal V/T/SOC and backup screening"", ""voltage_margin_V"": 0.03, ""temperature_margin_K"": 1.0, ""soc_max"": 0.95, ""voltage_guard_V"": 4.17, ""temperature_guard_K"": 308.0, ""nominal_state"": [[0.8469233516601555, 4.162350023353051, 302.94524923590353], [0.8614221373065869, 4.159316355936446, 300.31929221993107], [0.8795940009430607, 4.168173372716794, 299.4612480679246]], ""observation"": [[0.8469233516599975, 4.162047599373464, 302.9508735186135], [0.8614221373065036, 4.1596295395520615, 300.2887010974356], [0.8795940009427792, 4.167985004982132, 299.5137624073743]], ""positive_voltage_bias_V"": [0.0, 0.00031318361561538666, 0.0], ""positive_temperature_bias_K"": [0.005624282709959516, 0.0, 0.05251433944971495], ""absolute_soc_bias"": [1.5798473640415978e-13, 8.326672684688674e-14, 2.815525590449397e-13], ""cells"": [{""cell_index"": 0, ""candidate_count"": 3, ""feasible"": true, ""rejections"": [{""current_A"": 3.5, ""nominal_next_peaks"": {""voltage_V"": 4.195402608917255, ""temperature_K"": 303.007023188319, ""soc"": 0.8674754368800404}, ""nominal_backup_peaks"": null, ""bias_adjusted_peaks"": {""voltage_V"": 4.195402608917255, ""temperature_K"": 303.01264747102897, ""soc"": 0.8674754368801983}, ""reason"": ""next_interval:voltage_V""}, {""current_A"": 3.0, ""nominal_next_peaks"": {""voltage_V"": 4.181117641670056, ""temperature_K"": 302.973492451001, ""soc"": 0.8645394247057699}, ""nominal_backup_peaks"": null, ""bias_adjusted_peaks"": {""voltage_V"": 4.181117641670056, ""temperature_K"": 302.97911673371095, ""soc"": 0.8645394247059279}, ""reason"": ""next_interval:voltage_V""}], ""current_A"": 2.5, ""nominal_next_peaks"": {""voltage_V"": 4.16647167220694, ""temperature_K"": 302.94524923590353, ""soc"": 0.861603412531502}, ""nominal_backup_peaks"": {""voltage_V"": 4.0995620942051865, ""temperature_K"": 302.94419905876896, ""soc"": 0.861603412531505}, ""bias_adjusted_peaks"": {""voltage_V"": 4.16647167220694, ""temperature_K"": 302.9508735186135, ""soc"": 0.861603412531663}}, {""cell_index"": 1, ""candidate_count"": 3, ""feasible"": true, ""rejections"": [{""current_A"": 3.0, ""nominal_next_peaks"": {""voltage_V"": 4.195200723947725, ""temperature_K"": 300.3808078658355, ""soc"": 0.8800843766382647}, ""nominal_backup_peaks"": null, ""bias_adjusted_peaks"": {""voltage_V"": 4.19551390756334, ""temperature_K"": 300.3808078658355, ""soc"": 0.8800843766383479}, ""reason"": ""next_interval:voltage_V""}, {""current_A"": 2.5, ""nominal_next_peaks"": {""voltage_V"": 4.178952473009067, ""temperature_K"": 300.35363159475025, ""soc"": 0.8769740034163176}, ""nominal_backup_peaks"": null, ""bias_adjusted_peaks"": {""voltage_V"": 4.179265656624683, ""temperature_K"": 300.35363159475025, ""soc"": 0.8769740034164009}, ""reason"": ""next_interval:voltage_V""}], ""current_A"": 2.0, ""nominal_next_peaks"": {""voltage_V"": 4.162460843351366, ""temperature_K"": 300.3304187593086, ""soc"": 0.8738636301943713}, ""nominal_backup_peaks"": {""voltage_V"": 4.101285199944735, ""temperature_K"": 300.3304187593086, ""soc"": 0.8738636301943778}, ""bias_adjusted_peaks"": {""voltage_V"": 4.162774026966981, ""temperature_K"": 300.3304187593086, ""soc"": 0.8738636301944611}}, {""cell_index"": 2, ""candidate_count"": 4, ""feasible"": true, ""rejections"": [{""current_A"": 3.0, ""nominal_next_peaks"": {""voltage_V"": 4.212034063721639, ""temperature_K"": 299.5374705809688, ""soc"": 0.8991348107476345}, ""nominal_backup_peaks"": null, ""bias_adjusted_peaks"": {""voltage_V"": 4.212034063721639, ""temperature_K"": 299.5899849204185, ""soc"": 0.899134810747916}, ""reason"": ""next_interval:voltage_V""}, {""current_A"": 2.5, ""nominal_next_peaks"": {""voltage_V"": 4.192713209735894, ""temperature_K"": 299.5130073145178, ""soc"": 0.8958780091135412}, ""nominal_backup_peaks"": null, ""bias_adjusted_peaks"": {""voltage_V"": 4.192713209735894, ""temperature_K"": 299.5655216539675, ""soc"": 0.8958780091138228}, ""reason"": ""next_interval:voltage_V""}, {""current_A"": 2.0, ""nominal_next_peaks"": {""voltage_V"": 4.173577080894599, ""temperature_K"": 299.4919825501108, ""soc"": 0.8926212074794377}, ""nominal_backup_peaks"": null, ""bias_adjusted_peaks"": {""voltage_V"": 4.173577080894599, ""temperature_K"": 299.5444968895605, ""soc"": 0.8926212074797193}, ""reason"": ""next_interval:voltage_V""}], ""current_A"": 1.5, ""nominal_next_peaks"": {""voltage_V"": 4.154346108192954, ""temperature_K"": 299.4747665154379, ""soc"": 0.8893644058453453}, ""nominal_backup_peaks"": {""voltage_V"": 4.103836020499772, ""temperature_K"": 299.4747665154379, ""soc"": 0.8893644058453453}, ""bias_adjusted_peaks"": {""voltage_V"": 4.154346108192954, ""temperature_K"": 299.52728085488764, ""soc"": 0.8893644058456268}}], ""candidate_solve_count"": 13, ""screen_horizon_s"": 90.0, ""zero_current_backup_horizon_s"": 90.0, ""safety_guarantee"": ""finite-horizon sampled screen only"", ""filter_wall_time_s"": 1.1261832999989565}","{""time"": -0.75, ""balance"": -0.0, ""voltage"": -0.0, ""temperature"": -0.0, ""numerical_failure"": 0.0, ""protective_stop"": 0.0}"
22,charge,2070.0,90.0,"[3.5, 3.0, 3.0]","[2.0, 2.0, 1.5]","[2.0, 2.0, 1.5]",-0.75,False,,False,False,False,True,1.1573346000004676,"{""requested_current_A"": [3.5, 3.0, 3.0], ""applied_current_A"": [2.0, 2.0, 1.5], ""intervention"": true, ""infeasible"": false, ""reason"": ""Reduced requested current by nominal V/T/SOC and backup screening"", ""voltage_margin_V"": 0.03, ""temperature_margin_K"": 1.0, ""soc_max"": 0.95, ""voltage_guard_V"": 4.17, ""temperature_guard_K"": 308.0, ""nominal_state"": [[0.8616034125315015, 4.16647167220694, 302.94419905876896], [0.8738636301943739, 4.162460843351366, 300.3304187593086], [0.8893644058453466, 4.154346108192954, 299.4747665154379]], ""observation"": [[0.8616034125313353, 4.166251940173861, 302.9512448768044], [0.8738636301942826, 4.16280452375057, 300.3006106064184], [0.889364405845043, 4.154171385680838, 299.52734605258024]], ""positive_voltage_bias_V"": [0.0, 0.00034368039920451565, 0.0], ""positive_temperature_bias_K"": [0.00704581803546489, 0.0, 0.05257953714232144], ""absolute_soc_bias"": [1.6620038678638593e-13, 9.126033262418787e-14, 3.036459972349803e-13], ""cells"": [{""cell_index"": 0, ""candidate_count"": 4, ""feasible"": true, ""rejections"": [{""current_A"": 3.5, ""nominal_next_peaks"": {""voltage_V"": 4.201031818329804, ""temperature_K"": 303.0075132390252, ""soc"": 0.8821554977513861}, ""nominal_backup_peaks"": null, ""bias_adjusted_peaks"": {""voltage_V"": 4.201031818329804, ""temperature_K"": 303.01455905706064, ""soc"": 0.8821554977515523}, ""reason"": ""next_interval:voltage_V""}, {""current_A"": 3.0, ""nominal_next_peaks"": {""voltage_V"": 4.185732753826315, ""temperature_K"": 302.9736681337678, ""soc"": 0.8792194855771199}, ""nominal_backup_peaks"": null, ""bias_adjusted_peaks"": {""voltage_V"": 4.185732753826315, ""temperature_K"": 302.98071395180324, ""soc"": 0.8792194855772861}, ""reason"": ""next_interval:voltage_V""}, {""current_A"": 2.5, ""nominal_next_peaks"": {""voltage_V"": 4.1704944239738015, ""temperature_K"": 302.94419905876896, ""soc"": 0.876283473402848}, ""nominal_backup_peaks"": null, ""bias_adjusted_peaks"": {""voltage_V"": 4.1704944239738015, ""temperature_K"": 302.9512448768044, ""soc"": 0.8762834734030142}, ""reason"": ""next_interval:voltage_V""}], ""current_A"": 2.0, ""nominal_next_peaks"": {""voltage_V"": 4.155065462332142, ""temperature_K"": 302.94419905876896, ""soc"": 0.8733474612285813}, ""nominal_backup_peaks"": {""voltage_V"": 4.100094260050863, ""temperature_K"": 302.91903287993284, ""soc"": 0.8733474612285816}, ""bias_adjusted_peaks"": {""voltage_V"": 4.155065462332142, ""temperature_K"": 302.9512448768044, ""soc"": 0.8733474612287478}}, {""cell_index"": 1, ""candidate_count"": 3, ""feasible"": true, ""rejections"": [{""current_A"": 3.0, ""nominal_next_peaks"": {""voltage_V"": 4.201715698556171, ""temperature_K"": 300.39276176732125, ""soc"": 0.8925258695260508}, ""nominal_backup_peaks"": null, ""bias_adjusted_peaks"": {""voltage_V"": 4.202059378955376, ""temperature_K"": 300.39276176732125, ""soc"": 0.8925258695261421}, ""reason"": ""next_interval:voltage_V""}, {""current_A"": 2.5, ""nominal_next_peaks"": {""voltage_V"": 4.184090529455828, ""temperature_K"": 300.3653491516396, ""soc"": 0.8894154963040989}, ""nominal_backup_peaks"": null, ""bias_adjusted_peaks"": {""voltage_V"": 4.1844342098550324, ""temperature_K"": 300.3653491516396, ""soc"": 0.8894154963041901}, ""reason"": ""next_interval:voltage_V""}], ""current_A"": 2.0, ""nominal_next_peaks"": {""voltage_V"": 4.166523698897437, ""temperature_K"": 300.3419115765919, ""soc"": 0.886305123082158}, ""nominal_backup_peaks"": {""voltage_V"": 4.104532793596876, ""temperature_K"": 300.3419115765919, ""soc"": 0.886305123082158}, ""bias_adjusted_peaks"": {""voltage_V"": 4.166867379296641, ""temperature_K"": 300.3419115765919, ""soc"": 0.8863051230822493}}, {""cell_index"": 2, ""candidate_count"": 4, ""feasible"": true, ""rejections"": [{""current_A"": 3.0, ""nominal_next_peaks"": {""voltage_V"": 4.219915652081472, ""temperature_K"": 299.5510946012427, ""soc"": 0.9089052156499162}, ""nominal_backup_peaks"": null, ""bias_adjusted_peaks"": {""voltage_V"": 4.219915652081472, ""temperature_K"": 299.60367413838503, ""soc"": 0.9089052156502199}, ""reason"": ""next_interval:voltage_V""}, {""current_A"": 2.5, ""nominal_next_peaks"": {""voltage_V"": 4.199152969427525, ""temperature_K"": 299.52656677917844, ""soc"": 0.9056484140158205}, ""nominal_backup_peaks"": null, ""bias_adjusted_peaks"": {""voltage_V"": 4.199152969427525, ""temperature_K"": 299.57914631632076, ""soc"": 0.9056484140161242}, ""reason"": ""next_interval:voltage_V""}, {""current_A"": 2.0, ""nominal_next_peaks"": {""voltage_V"": 4.17868385206448, ""temperature_K"": 299.50548082549005, ""soc"": 0.90239161238173}, ""nominal_backup_peaks"": null, ""bias_adjusted_peaks"": {""voltage_V"": 4.17868385206448, ""temperature_K"": 299.5580603626324, ""soc"": 0.9023916123820337}, ""reason"": ""next_interval:voltage_V""}], ""current_A"": 1.5, ""nominal_next_peaks"": {""voltage_V"": 4.158277395156778, ""temperature_K"": 299.48821213930864, ""soc"": 0.8991348107476307}, ""nominal_backup_peaks"": {""voltage_V"": 4.107185764475927, ""temperature_K"": 299.48821213930864, ""soc"": 0.8991348107476307}, ""bias_adjusted_peaks"": {""voltage_V"": 4.158277395156778, ""temperature_K"": 299.54079167645097, ""soc"": 0.8991348107479343}}], ""candidate_solve_count"": 14, ""screen_horizon_s"": 90.0, ""zero_current_backup_horizon_s"": 90.0, ""safety_guarantee"": ""finite-horizon sampled screen only"", ""filter_wall_time_s"": 1.157303599997249}","{""time"": -0.75, ""balance"": -0.0, ""voltage"": -0.0, ""temperature"": -0.0, ""numerical_failure"": 0.0, ""protective_stop"": 0.0}"
23,charge,2160.0,90.0,"[3.5, 3.0, 3.0]","[2.0, 1.5, 1.5]","[2.0, 1.5, 1.5]",-0.75,False,,False,False,False,True,1.3936031000012008,"{""requested_current_A"": [3.5, 3.0, 3.0], ""applied_current_A"": [2.0, 1.5, 1.5], ""intervention"": true, ""infeasible"": false, ""reason"": ""Reduced requested current by nominal V/T/SOC and backup screening"", ""voltage_margin_V"": 0.03, ""temperature_margin_K"": 1.0, ""soc_max"": 0.95, ""voltage_guard_V"": 4.17, ""temperature_guard_K"": 308.0, ""nominal_state"": [[0.8733474612285792, 4.155065462332142, 302.91903287993284], [0.886305123082159, 4.166523698897437, 300.3419115765919], [0.899134810747628, 4.158277395156778, 299.48821213930864]], ""observation"": [[0.8733474612284053, 4.1548695246051555, 302.92757045503777], [0.8863051230820663, 4.166994510263265, 300.3128693698747], [0.8991348107473105, 4.158076087073388, 299.5408520121935]], ""positive_voltage_bias_V"": [0.0, 0.0004708113658287161, 0.0], ""positive_temperature_bias_K"": [0.008537575104924144, 0.0, 0.0526398728848676], ""absolute_soc_bias"": [1.7386092565629951e-13, 9.270362255620057e-14, 3.1752378504279477e-13], ""cells"": [{""cell_index"": 0, ""candidate_count"": 4, ""feasible"": true, ""rejections"": [{""current_A"": 3.5, ""nominal_next_peaks"": {""voltage_V"": 4.207292567796126, ""temperature_K"": 302.9832308012125, ""soc"": 0.8938995464484667}, ""nominal_backup_peaks"": null, ""bias_adjusted_peaks"": {""voltage_V"": 4.207292567796126, ""temperature_K"": 302.99176837631745, ""soc"": 0.8938995464486406}, ""reason"": ""next_interval:voltage_V""}, {""current_A"": 3.0, ""nominal_next_peaks"": {""voltage_V"": 4.190678546803335, ""temperature_K"": 302.94926204805114, ""soc"": 0.8909635342741966}, ""nominal_backup_peaks"": null, ""bias_adjusted_peaks"": {""voltage_V"": 4.190678546803335, ""temperature_K"": 302.95779962315606, ""soc"": 0.8909635342743705}, ""reason"": ""next_interval:voltage_V""}, {""current_A"": 2.5, ""nominal_next_peaks"": {""voltage_V"": 4.174408308355451, ""temperature_K"": 302.9195485672169, ""soc"": 0.8880275220999244}, ""nominal_backup_peaks"": null, ""bias_adjusted_peaks"": {""voltage_V"": 4.174408308355451, ""temperature_K"": 302.92808614232183, ""soc"": 0.8880275221000983}, ""reason"": ""next_interval:voltage_V""}], ""current_A"": 2.0, ""nominal_next_peaks"": {""voltage_V"": 4.158251153132294, ""temperature_K"": 302.91903287993284, ""soc"": 0.8850915099256554}, ""nominal_backup_peaks"": {""voltage_V"": 4.102564121519025, ""temperature_K"": 302.8943984194674, ""soc"": 0.8850915099256591}, ""bias_adjusted_peaks"": {""voltage_V"": 4.158251153132294, ""temperature_K"": 302.92757045503777, ""soc"": 0.885091509925833}}, {""cell_index"": 1, ""candidate_count"": 4, ""feasible"": true, ""rejections"": [{""current_A"": 3.0, ""nominal_next_peaks"": {""voltage_V"": 4.2110579833268424, ""temperature_K"": 300.4051684975678, ""soc"": 0.904967362413835}, ""nominal_backup_peaks"": null, ""bias_adjusted_peaks"": {""voltage_V"": 4.211528794692671, ""temperature_K"": 300.4051684975678, ""soc"": 0.9049673624139277}, ""reason"": ""next_interval:voltage_V""}, {""current_A"": 2.5, ""nominal_next_peaks"": {""voltage_V"": 4.191611442086348, ""temperature_K"": 300.37749894963645, ""soc"": 0.901856989191891}, ""nominal_backup_peaks"": null, ""bias_adjusted_peaks"": {""voltage_V"": 4.192082253452177, ""temperature_K"": 300.37749894963645, ""soc"": 0.9018569891919836}, ""reason"": ""next_interval:voltage_V""}, {""current_A"": 2.0, ""nominal_next_peaks"": {""voltage_V"": 4.1724376792895255, ""temperature_K"": 300.3538167941831, ""soc"": 0.8987466159699452}, ""nominal_backup_peaks"": null, ""bias_adjusted_peaks"": {""voltage_V"": 4.172908490655354, ""temperature_K"": 300.3538167941831, ""soc"": 0.8987466159700379}, ""reason"": ""next_interval:voltage_V""}], ""current_A"": 1.5, ""nominal_next_peaks"": {""voltage_V"": 4.153339966767923, ""temperature_K"": 300.3419115765919, ""soc"": 0.8956362427479949}, ""nominal_backup_peaks"": {""voltage_V"": 4.105306353623591, ""temperature_K"": 300.3345283394598, ""soc"": 0.8956362427480044}, ""bias_adjusted_peaks"": {""voltage_V"": 4.153810778133752, ""temperature_K"": 300.3419115765919, ""soc"": 0.8956362427480971}}, {""cell_index"": 2, ""candidate_count"": 4, ""feasible"": true, ""rejections"": [{""current_A"": 3.0, ""nominal_next_peaks"": {""voltage_V"": 4.230118691864906, ""temperature_K"": 299.56523622886255, ""soc"": 0.9186756205521958}, ""nominal_backup_peaks"": null, ""bias_adjusted_peaks"": {""voltage_V"": 4.230118691864906, ""temperature_K"": 299.6178761017474, ""soc"": 0.9186756205525133}, ""reason"": ""next_interval:voltage_V""}, {""current_A"": 2.5, ""nominal_next_peaks"": {""voltage_V"": 4.207753501024696, ""temperature_K"": 299.5405233968478, ""soc"": 0.9154188189181072}, ""nominal_backup_peaks"": null, ""bias_adjusted_peaks"": {""voltage_V"": 4.207753501024696, ""temperature_K"": 299.59316326973266, ""soc"": 0.9154188189184247}, ""reason"": ""next_interval:voltage_V""}, {""current_A"": 2.0, ""nominal_next_peaks"": {""voltage_V"": 4.18571534918259, ""temperature_K"": 299.5192601818679, ""soc"": 0.9121620172840122}, ""nominal_backup_peaks"": null, ""bias_adjusted_peaks"": {""voltage_V"": 4.18571534918259, ""temperature_K"": 299.57190005475275, ""soc"": 0.9121620172843298}, ""reason"": ""next_interval:voltage_V""}], ""current_A"": 1.5, ""nominal_next_peaks"": {""voltage_V"": 4.163832632829985, ""temperature_K"": 299.501826581844, ""soc"": 0.9089052156499104}, ""nominal_backup_peaks"": {""voltage_V"": 4.112077012071206, ""temperature_K"": 299.501826581844, ""soc"": 0.9089052156499104}, ""bias_adjusted_peaks"": {""voltage_V"": 4.163832632829985, ""temperature_K"": 299.55446645472887, ""soc"": 0.908905215650228}}], ""candidate_solve_count"": 15, ""screen_horizon_s"": 90.0, ""zero_current_backup_horizon_s"": 90.0, ""safety_guarantee"": ""finite-horizon sampled screen only"", ""filter_wall_time_s"": 1.3935708999997587}","{""time"": -0.75, ""balance"": -0.0, ""voltage"": -0.0, ""temperature"": -0.0, ""numerical_failure"": 0.0, ""protective_stop"": 0.0}"
24,charge,2250.0,90.0,"[3.0, 3.0, 0.0]","[2.0, 1.5, 0.0]","[2.0, 1.5, 0.0]",-0.75,False,,False,False,False,True,1.1009325000013632,"{""requested_current_A"": [3.0, 3.0, 0.0], ""applied_current_A"": [2.0, 1.5, 0.0], ""intervention"": true, ""infeasible"": false, ""reason"": ""Reduced requested current by nominal V/T/SOC and backup screening"", ""voltage_margin_V"": 0.03, ""temperature_margin_K"": 1.0, ""soc_max"": 0.95, ""voltage_guard_V"": 4.17, ""temperature_guard_K"": 308.0, ""nominal_state"": [[0.8850915099256552, 4.158251153132294, 302.8943984194674], [0.8956362427479974, 4.153339966767923, 300.3345283394598], [0.9089052156499091, 4.163832632829985, 299.501826581844]], ""observation"": [[0.8850915099254707, 4.158015114686072, 302.90439406733634], [0.8956362427479064, 4.153809782290749, 300.30663118196924], [0.9089052156495762, 4.163595232295647, 299.55453250590506]], ""positive_voltage_bias_V"": [0.0, 0.00046981552282598926, 0.0], ""positive_temperature_bias_K"": [0.009995647868947799, 0.0, 0.05270592406105834], ""absolute_soc_bias"": [1.8451906669270102e-13, 9.092726571680032e-14, 3.3295588508508445e-13], ""cells"": [{""cell_index"": 0, ""candidate_count"": 3, ""feasible"": true, ""rejections"": [{""current_A"": 3.0, ""nominal_next_peaks"": {""voltage_V"": 4.198112416115356, ""temperature_K"": 302.92616626085174, ""soc"": 0.9027075829712742}, ""nominal_backup_peaks"": null, ""bias_adjusted_peaks"": {""voltage_V"": 4.198112416115356, ""temperature_K"": 302.9361619087207, ""soc"": 0.9027075829714587}, ""reason"": ""next_interval:voltage_V""}, {""current_A"": 2.5, ""nominal_next_peaks"": {""voltage_V"": 4.180283480853552, ""temperature_K"": 302.8961646550126, ""soc"": 0.8997715707970001}, ""nominal_backup_peaks"": null, ""bias_adjusted_peaks"": {""voltage_V"": 4.180283480853552, ""temperature_K"": 302.9061603028816, ""soc"": 0.8997715707971846}, ""reason"": ""next_interval:voltage_V""}], ""current_A"": 2.0, ""nominal_next_peaks"": {""voltage_V"": 4.162833151903981, ""temperature_K"": 302.8943984194674, ""soc"": 0.8968355586227358}, ""nominal_backup_peaks"": {""voltage_V"": 4.106332138853928, ""temperature_K"": 302.87074392283284, ""soc"": 0.8968355586227359}, ""bias_adjusted_peaks"": {""voltage_V"": 4.162833151903981, ""temperature_K"": 302.90439406733634, ""soc"": 0.8968355586229204}}, {""cell_index"": 1, ""candidate_count"": 4, ""feasible"": true, ""rejections"": [{""current_A"": 3.0, ""nominal_next_peaks"": {""voltage_V"": 4.21928292299847, ""temperature_K"": 300.3981702501914, ""soc"": 0.9142984820796742}, ""nominal_backup_peaks"": null, ""bias_adjusted_peaks"": {""voltage_V"": 4.219752738521296, ""temperature_K"": 300.3981702501914, ""soc"": 0.9142984820797652}, ""reason"": ""next_interval:voltage_V""}, {""current_A"": 2.5, ""nominal_next_peaks"": {""voltage_V"": 4.198444026439889, ""temperature_K"": 300.3704187348012, ""soc"": 0.9111881088577289}, ""nominal_backup_peaks"": null, ""bias_adjusted_peaks"": {""voltage_V"": 4.198913841962715, ""temperature_K"": 300.3704187348012, ""soc"": 0.9111881088578199}, ""reason"": ""next_interval:voltage_V""}, {""current_A"": 2.0, ""nominal_next_peaks"": {""voltage_V"": 4.17794744972473, ""temperature_K"": 300.3466589107484, ""soc"": 0.9080777356357853}, ""nominal_backup_peaks"": null, ""bias_adjusted_peaks"": {""voltage_V"": 4.178417265247556, ""temperature_K"": 300.3466589107484, ""soc"": 0.9080777356358762}, ""reason"": ""next_interval:voltage_V""}], ""current_A"": 1.5, ""nominal_next_peaks"": {""voltage_V"": 4.1576426096657055, ""temperature_K"": 300.3345283394598, ""soc"": 0.9049673624138378}, ""nominal_backup_peaks"": {""voltage_V"": 4.10902739743422, ""temperature_K"": 300.32730356198, ""soc"": 0.904967362413838}, ""bias_adjusted_peaks"": {""voltage_V"": 4.1581124251885315, ""temperature_K"": 300.3345283394598, ""soc"": 0.9049673624139289}}, {""cell_index"": 2, ""candidate_count"": 1, ""feasible"": true, ""rejections"": [], ""current_A"": 0.0, ""nominal_next_peaks"": {""voltage_V"": 4.112077012071206, ""temperature_K"": 299.501826581844, ""soc"": 0.9089052156499104}, ""nominal_backup_peaks"": {""voltage_V"": 4.102508258337297, ""temperature_K"": 299.4911812820598, ""soc"": 0.9089052156498955}, ""bias_adjusted_peaks"": {""voltage_V"": 4.112077012071206, ""temperature_K"": 299.55453250590506, ""soc"": 0.9089052156502434}}], ""candidate_solve_count"": 11, ""screen_horizon_s"": 90.0, ""zero_current_backup_horizon_s"": 90.0, ""safety_guarantee"": ""finite-horizon sampled screen only"", ""filter_wall_time_s"": 1.1008900000015274}","{""time"": -0.75, ""balance"": -0.0, ""voltage"": -0.0, ""temperature"": -0.0, ""numerical_failure"": 0.0, ""protective_stop"": 0.0}"
25,charge,2340.0,90.0,"[3.0, 0.0, 0.0]","[2.0, 0.0, 0.0]","[2.0, 0.0, 0.0]",-0.75,True,,False,False,False,True,0.6991151999973226,"{""requested_current_A"": [3.0, 0.0, 0.0], ""applied_current_A"": [2.0, 0.0, 0.0], ""intervention"": true, ""infeasible"": false, ""reason"": ""Reduced requested current by nominal V/T/SOC and backup screening"", ""voltage_margin_V"": 0.03, ""temperature_margin_K"": 1.0, ""soc_max"": 0.95, ""voltage_guard_V"": 4.17, ""temperature_guard_K"": 308.0, ""nominal_state"": [[0.8968355586227346, 4.162833151903981, 302.87074392283284], [0.904967362413838, 4.1576426096657055, 300.32730356198], [0.9089052156498952, 4.102508258337297, 299.4911812820598]], ""observation"": [[0.8968355586225374, 4.162494634969749, 302.8821629704457], [0.9049673624137419, 4.1582191935993045, 300.3005284917806], [0.9089052156495544, 4.102461451996406, 299.5428857901891]], ""positive_voltage_bias_V"": [0.0, 0.0005765839335989398, 0.0], ""positive_temperature_bias_K"": [0.011419047612832856, 0.0, 0.051704508129262194], ""absolute_soc_bias"": [1.971756091734278e-13, 9.614531393253856e-14, 3.4083846855992306e-13], ""cells"": [{""cell_index"": 0, ""candidate_count"": 3, ""feasible"": true, ""rejections"": [{""current_A"": 3.0, ""nominal_next_peaks"": {""voltage_V"": 4.208594641168716, ""temperature_K"": 302.9041659837343, ""soc"": 0.9144516316683511}, ""nominal_backup_peaks"": null, ""bias_adjusted_peaks"": {""voltage_V"": 4.208594641168716, ""temperature_K"": 302.9155850313471, ""soc"": 0.9144516316685483}, ""reason"": ""next_interval:voltage_V""}, {""current_A"": 2.5, ""nominal_next_peaks"": {""voltage_V"": 4.188828413610409, ""temperature_K"": 302.8738467249704, ""soc"": 0.9115156194940768}, ""nominal_backup_peaks"": null, ""bias_adjusted_peaks"": {""voltage_V"": 4.188828413610409, ""temperature_K"": 302.88526577258324, ""soc"": 0.911515619494274}, ""reason"": ""next_interval:voltage_V""}], ""current_A"": 2.0, ""nominal_next_peaks"": {""voltage_V"": 4.169604034058277, ""temperature_K"": 302.87074392283284, ""soc"": 0.9085796073198125}, ""nominal_backup_peaks"": {""voltage_V"": 4.1122144398860545, ""temperature_K"": 302.84812740742586, ""soc"": 0.9085796073198126}, ""bias_adjusted_peaks"": {""voltage_V"": 4.169604034058277, ""temperature_K"": 302.8821629704457, ""soc"": 0.9085796073200098}}, {""cell_index"": 1, ""candidate_count"": 1, ""feasible"": true, ""rejections"": [], ""current_A"": 0.0, ""nominal_next_peaks"": {""voltage_V"": 4.10902739743422, ""temperature_K"": 300.32730356198, ""soc"": 0.904967362413838}, ""nominal_backup_peaks"": {""voltage_V"": 4.100680564907973, ""temperature_K"": 300.2936788492772, ""soc"": 0.9049673624138386}, ""bias_adjusted_peaks"": {""voltage_V"": 4.109603981367819, ""temperature_K"": 300.32730356198, ""soc"": 0.9049673624139347}}, {""cell_index"": 2, ""candidate_count"": 1, ""feasible"": true, ""rejections"": [], ""current_A"": 0.0, ""nominal_next_peaks"": {""voltage_V"": 4.102508258337297, ""temperature_K"": 299.4911812820598, ""soc"": 0.9089052156498955}, ""nominal_backup_peaks"": {""voltage_V"": 4.101336241687763, ""temperature_K"": 299.4806198115893, ""soc"": 0.9089052156498942}, ""bias_adjusted_peaks"": {""voltage_V"": 4.102508258337297, ""temperature_K"": 299.5428857901891, ""soc"": 0.9089052156502363}}], ""candidate_solve_count"": 8, ""screen_horizon_s"": 90.0, ""zero_current_backup_horizon_s"": 90.0, ""safety_guarantee"": ""finite-horizon sampled screen only"", ""filter_wall_time_s"": 0.6990764000001946}","{""time"": -0.75, ""balance"": -0.0, ""voltage"": -0.0, ""temperature"": -0.0, ""numerical_failure"": 0.0, ""protective_stop"": 0.0}"
26,hold,2430.0,90.0,"[0.0, 0.0, 0.0]","[0.0, 0.0, 0.0]","[0.0, 0.0, 0.0]",-0.75,True,,False,False,False,False,0.0,"{""reason"": ""zero-current terminal observation with common interlock""}","{""time"": -0.75, ""balance"": -0.0, ""voltage"": -0.0, ""temperature"": -0.0, ""numerical_failure"": 0.0, ""protective_stop"": 0.0}"
27,hold,2520.0,90.0,"[0.0, 0.0, 0.0]","[0.0, 0.0, 0.0]","[0.0, 0.0, 0.0]",-0.75,True,,False,False,False,False,0.0,"{""reason"": ""zero-current terminal observation with common interlock""}","{""time"": -0.75, ""balance"": -0.0, ""voltage"": -0.0, ""temperature"": -0.0, ""numerical_failure"": 0.0, ""protective_stop"": 0.0}"
28,hold,2610.0,90.0,"[0.0, 0.0, 0.0]","[0.0, 0.0, 0.0]","[0.0, 0.0, 0.0]",-0.75,True,,False,False,False,False,0.0,"{""reason"": ""zero-current terminal observation with common interlock""}","{""time"": -0.75, ""balance"": -0.0, ""voltage"": -0.0, ""temperature"": -0.0, ""numerical_failure"": 0.0, ""protective_stop"": 0.0}"
