study_panel,action_kind,n_agents,test_family,reference_method,comparison_method,metric,endpoint_status,difference_direction,preferred_direction,conditioning,mean_seed_difference,seed_bootstrap_ci_low,seed_bootstrap_ci_high,independent_paired_training_seeds,nonzero_seed_effects,minimum_two_sided_exact_p_if_no_ties,matched_case_pairs,contributing_case_pairs,complete_case_and_seed_pairing,p_value,test,sign_assignments_or_mc_draws,automatic_superiority_claim,note,holm_family_size,holm_adjusted_p
main,continuous,3,familiar_A_B,mappo_continuous,cccv_continuous,safe_success_difference,primary,comparison_minus_reference,higher,all_paired_cases,0.1,0.0,0.3,5,1,1.0,10,10,True,1.0,exact_two_sided_seed_sign_flip,32,False,Seed bootstrap conditional on fixed cases. Joint-success endpoints are selected subsets; input Wh is not loss or efficiency.,10,1.0
main,continuous,3,familiar_A_B,mappo_continuous,cccv_continuous,capped_charge_time_difference_s,primary,comparison_minus_reference,lower,all_paired_cases,-1197.0,-1899.0,-783.0,5,5,0.0625,10,10,True,0.0625,exact_two_sided_seed_sign_flip,32,False,Seed bootstrap conditional on fixed cases. Joint-success endpoints are selected subsets; input Wh is not loss or efficiency.,10,0.625
main,continuous,3,familiar_A_B,mappo_continuous,cccv_continuous,joint_success_charge_time_difference_s,secondary,comparison_minus_reference,lower,joint_success_only,-954.0,-1170.0,-783.0,5,5,0.0625,10,9,True,0.0625,exact_two_sided_seed_sign_flip,32,False,Seed bootstrap conditional on fixed cases. Joint-success endpoints are selected subsets; input Wh is not loss or efficiency.,10,0.625
main,continuous,3,familiar_A_B,mappo_continuous,cccv_continuous,joint_success_imbalance_integral_difference_soc_s,secondary,comparison_minus_reference,lower,joint_success_only,-114.29990667162619,-124.17705886057524,-105.14660056998919,5,5,0.0625,10,9,True,0.0625,exact_two_sided_seed_sign_flip,32,False,Seed bootstrap conditional on fixed cases. Joint-success endpoints are selected subsets; input Wh is not loss or efficiency.,10,0.625
main,continuous,3,familiar_A_B,mappo_continuous,cccv_continuous,joint_success_terminal_input_difference_Wh,secondary,comparison_minus_reference,neither_efficiency_nor_loss,joint_success_only,-0.17566043681784435,-0.32991216564705467,0.013839462480699538,5,5,0.0625,10,9,True,0.1875,exact_two_sided_seed_sign_flip,32,False,Seed bootstrap conditional on fixed cases. Joint-success endpoints are selected subsets; input Wh is not loss or efficiency.,10,1.0
main,continuous,3,familiar_A_B,mappo_continuous,sac,safe_success_difference,primary,comparison_minus_reference,higher,all_paired_cases,0.1,0.0,0.3,5,1,1.0,10,10,True,1.0,exact_two_sided_seed_sign_flip,32,False,Seed bootstrap conditional on fixed cases. Joint-success endpoints are selected subsets; input Wh is not loss or efficiency.,10,1.0
main,continuous,3,familiar_A_B,mappo_continuous,sac,capped_charge_time_difference_s,primary,comparison_minus_reference,lower,all_paired_cases,-639.0,-1161.0,-162.0,5,5,0.0625,10,10,True,0.125,exact_two_sided_seed_sign_flip,32,False,Seed bootstrap conditional on fixed cases. Joint-success endpoints are selected subsets; input Wh is not loss or efficiency.,10,0.875
main,continuous,3,familiar_A_B,mappo_continuous,sac,joint_success_charge_time_difference_s,secondary,comparison_minus_reference,lower,joint_success_only,-279.0,-648.0,90.0,5,5,0.0625,10,9,True,0.3125,exact_two_sided_seed_sign_flip,32,False,Seed bootstrap conditional on fixed cases. Joint-success endpoints are selected subsets; input Wh is not loss or efficiency.,10,1.0
main,continuous,3,familiar_A_B,mappo_continuous,sac,joint_success_imbalance_integral_difference_soc_s,secondary,comparison_minus_reference,lower,joint_success_only,-39.57325722736475,-116.02042927343211,36.87391481870262,5,5,0.0625,10,9,True,0.4375,exact_two_sided_seed_sign_flip,32,False,Seed bootstrap conditional on fixed cases. Joint-success endpoints are selected subsets; input Wh is not loss or efficiency.,10,1.0
main,continuous,3,familiar_A_B,mappo_continuous,sac,joint_success_terminal_input_difference_Wh,secondary,comparison_minus_reference,neither_efficiency_nor_loss,joint_success_only,-0.042746585790168726,-0.21643658350274125,0.13070622061893822,5,5,0.0625,10,9,True,0.6875,exact_two_sided_seed_sign_flip,32,False,Seed bootstrap conditional on fixed cases. Joint-success endpoints are selected subsets; input Wh is not loss or efficiency.,10,1.0
main,continuous,3,random_nominal,mappo_continuous,cccv_continuous,safe_success_difference,primary,comparison_minus_reference,higher,all_paired_cases,0.016666666666666666,0.0,0.05,5,1,1.0,60,60,True,1.0,exact_two_sided_seed_sign_flip,32,False,Seed bootstrap conditional on fixed cases. Joint-success endpoints are selected subsets; input Wh is not loss or efficiency.,10,1.0
main,continuous,3,random_nominal,mappo_continuous,cccv_continuous,capped_charge_time_difference_s,primary,comparison_minus_reference,lower,all_paired_cases,-771.0,-885.0,-658.5,5,5,0.0625,60,60,True,0.0625,exact_two_sided_seed_sign_flip,32,False,Seed bootstrap conditional on fixed cases. Joint-success endpoints are selected subsets; input Wh is not loss or efficiency.,10,0.625
main,continuous,3,random_nominal,mappo_continuous,cccv_continuous,joint_success_charge_time_difference_s,secondary,comparison_minus_reference,lower,joint_success_only,-715.5,-862.5,-586.5,5,5,0.0625,60,59,True,0.0625,exact_two_sided_seed_sign_flip,32,False,Seed bootstrap conditional on fixed cases. Joint-success endpoints are selected subsets; input Wh is not loss or efficiency.,10,0.625
main,continuous,3,random_nominal,mappo_continuous,cccv_continuous,joint_success_imbalance_integral_difference_soc_s,secondary,comparison_minus_reference,lower,joint_success_only,-112.6438199183502,-136.99126452764256,-92.97257708971819,5,5,0.0625,60,59,True,0.0625,exact_two_sided_seed_sign_flip,32,False,Seed bootstrap conditional on fixed cases. Joint-success endpoints are selected subsets; input Wh is not loss or efficiency.,10,0.625
main,continuous,3,random_nominal,mappo_continuous,cccv_continuous,joint_success_terminal_input_difference_Wh,secondary,comparison_minus_reference,neither_efficiency_nor_loss,joint_success_only,-0.354034448242209,-0.36884869635976836,-0.33437093541192275,5,5,0.0625,60,59,True,0.0625,exact_two_sided_seed_sign_flip,32,False,Seed bootstrap conditional on fixed cases. Joint-success endpoints are selected subsets; input Wh is not loss or efficiency.,10,0.625
main,continuous,3,random_nominal,mappo_continuous,sac,safe_success_difference,primary,comparison_minus_reference,higher,all_paired_cases,0.016666666666666666,0.0,0.05,5,1,1.0,60,60,True,1.0,exact_two_sided_seed_sign_flip,32,False,Seed bootstrap conditional on fixed cases. Joint-success endpoints are selected subsets; input Wh is not loss or efficiency.,10,1.0
main,continuous,3,random_nominal,mappo_continuous,sac,capped_charge_time_difference_s,primary,comparison_minus_reference,lower,all_paired_cases,-525.0,-619.575,-427.5,5,5,0.0625,60,60,True,0.0625,exact_two_sided_seed_sign_flip,32,False,Seed bootstrap conditional on fixed cases. Joint-success endpoints are selected subsets; input Wh is not loss or efficiency.,10,0.625
main,continuous,3,random_nominal,mappo_continuous,sac,joint_success_charge_time_difference_s,secondary,comparison_minus_reference,lower,joint_success_only,-470.8636363636364,-622.5,-272.59090909090907,5,5,0.0625,60,59,True,0.0625,exact_two_sided_seed_sign_flip,32,False,Seed bootstrap conditional on fixed cases. Joint-success endpoints are selected subsets; input Wh is not loss or efficiency.,10,0.625
main,continuous,3,random_nominal,mappo_continuous,sac,joint_success_imbalance_integral_difference_soc_s,secondary,comparison_minus_reference,lower,joint_success_only,-84.52440334764029,-109.88345145182306,-47.99767739733463,5,5,0.0625,60,59,True,0.0625,exact_two_sided_seed_sign_flip,32,False,Seed bootstrap conditional on fixed cases. Joint-success endpoints are selected subsets; input Wh is not loss or efficiency.,10,0.625
main,continuous,3,random_nominal,mappo_continuous,sac,joint_success_terminal_input_difference_Wh,secondary,comparison_minus_reference,neither_efficiency_nor_loss,joint_success_only,-0.2111200608621106,-0.28123463444278285,-0.09514011803770998,5,5,0.0625,60,59,True,0.125,exact_two_sided_seed_sign_flip,32,False,Seed bootstrap conditional on fixed cases. Joint-success endpoints are selected subsets; input Wh is not loss or efficiency.,10,0.625
main,discrete,3,familiar_A_B,qmix,cccv,safe_success_difference,primary,comparison_minus_reference,higher,all_paired_cases,0.0,0.0,0.0,5,0,1.0,10,10,True,1.0,exact_two_sided_seed_sign_flip,32,False,Seed bootstrap conditional on fixed cases. Joint-success endpoints are selected subsets; input Wh is not loss or efficiency.,25,1.0
main,discrete,3,familiar_A_B,qmix,cccv,capped_charge_time_difference_s,primary,comparison_minus_reference,lower,all_paired_cases,-783.0,-1377.0,-423.0,5,5,0.0625,10,10,True,0.0625,exact_two_sided_seed_sign_flip,32,False,Seed bootstrap conditional on fixed cases. Joint-success endpoints are selected subsets; input Wh is not loss or efficiency.,25,1.0
main,discrete,3,familiar_A_B,qmix,cccv,joint_success_charge_time_difference_s,secondary,comparison_minus_reference,lower,joint_success_only,-783.0,-1377.0,-423.0,5,5,0.0625,10,10,True,0.0625,exact_two_sided_seed_sign_flip,32,False,Seed bootstrap conditional on fixed cases. Joint-success endpoints are selected subsets; input Wh is not loss or efficiency.,25,1.0
main,discrete,3,familiar_A_B,qmix,cccv,joint_success_imbalance_integral_difference_soc_s,secondary,comparison_minus_reference,lower,joint_success_only,-79.24650523163226,-95.22431911022156,-55.59996569823282,5,5,0.0625,10,10,True,0.0625,exact_two_sided_seed_sign_flip,32,False,Seed bootstrap conditional on fixed cases. Joint-success endpoints are selected subsets; input Wh is not loss or efficiency.,25,1.0
main,discrete,3,familiar_A_B,qmix,cccv,joint_success_terminal_input_difference_Wh,secondary,comparison_minus_reference,neither_efficiency_nor_loss,joint_success_only,-0.23318039638822263,-0.4189998130850519,-0.06288729964122375,5,5,0.0625,10,10,True,0.125,exact_two_sided_seed_sign_flip,32,False,Seed bootstrap conditional on fixed cases. Joint-success endpoints are selected subsets; input Wh is not loss or efficiency.,25,1.0
main,discrete,3,familiar_A_B,qmix,dqn,safe_success_difference,primary,comparison_minus_reference,higher,all_paired_cases,-0.1,-0.3,0.0,5,1,1.0,10,10,True,1.0,exact_two_sided_seed_sign_flip,32,False,Seed bootstrap conditional on fixed cases. Joint-success endpoints are selected subsets; input Wh is not loss or efficiency.,25,1.0
main,discrete,3,familiar_A_B,qmix,dqn,capped_charge_time_difference_s,primary,comparison_minus_reference,lower,all_paired_cases,504.0,324.0,684.0,5,5,0.0625,10,10,True,0.0625,exact_two_sided_seed_sign_flip,32,False,Seed bootstrap conditional on fixed cases. Joint-success endpoints are selected subsets; input Wh is not loss or efficiency.,25,1.0
main,discrete,3,familiar_A_B,qmix,dqn,joint_success_charge_time_difference_s,secondary,comparison_minus_reference,lower,joint_success_only,405.0,72.0,684.0,5,5,0.0625,10,9,True,0.125,exact_two_sided_seed_sign_flip,32,False,Seed bootstrap conditional on fixed cases. Joint-success endpoints are selected subsets; input Wh is not loss or efficiency.,25,1.0
main,discrete,3,familiar_A_B,qmix,dqn,joint_success_imbalance_integral_difference_soc_s,secondary,comparison_minus_reference,lower,joint_success_only,70.50011167061666,4.5908815021230165,128.2712192620391,5,5,0.0625,10,9,True,0.1875,exact_two_sided_seed_sign_flip,32,False,Seed bootstrap conditional on fixed cases. Joint-success endpoints are selected subsets; input Wh is not loss or efficiency.,25,1.0
main,discrete,3,familiar_A_B,qmix,dqn,joint_success_terminal_input_difference_Wh,secondary,comparison_minus_reference,neither_efficiency_nor_loss,joint_success_only,0.05978777428807831,-0.2006895551177866,0.37462683899354376,5,5,0.0625,10,9,True,0.75,exact_two_sided_seed_sign_flip,32,False,Seed bootstrap conditional on fixed cases. Joint-success endpoints are selected subsets; input Wh is not loss or efficiency.,25,1.0
main,discrete,3,familiar_A_B,qmix,iql_shared,safe_success_difference,primary,comparison_minus_reference,higher,all_paired_cases,0.0,0.0,0.0,5,0,1.0,10,10,True,1.0,exact_two_sided_seed_sign_flip,32,False,Seed bootstrap conditional on fixed cases. Joint-success endpoints are selected subsets; input Wh is not loss or efficiency.,25,1.0
main,discrete,3,familiar_A_B,qmix,iql_shared,capped_charge_time_difference_s,primary,comparison_minus_reference,lower,all_paired_cases,108.0,-757.5749999999999,900.0,5,5,0.0625,10,10,True,0.8125,exact_two_sided_seed_sign_flip,32,False,Seed bootstrap conditional on fixed cases. Joint-success endpoints are selected subsets; input Wh is not loss or efficiency.,25,1.0
main,discrete,3,familiar_A_B,qmix,iql_shared,joint_success_charge_time_difference_s,secondary,comparison_minus_reference,lower,joint_success_only,108.0,-756.0,900.0,5,5,0.0625,10,10,True,0.8125,exact_two_sided_seed_sign_flip,32,False,Seed bootstrap conditional on fixed cases. Joint-success endpoints are selected subsets; input Wh is not loss or efficiency.,25,1.0
main,discrete,3,familiar_A_B,qmix,iql_shared,joint_success_imbalance_integral_difference_soc_s,secondary,comparison_minus_reference,lower,joint_success_only,34.95217870581149,-29.63569906964482,108.38918436283352,5,5,0.0625,10,10,True,0.4375,exact_two_sided_seed_sign_flip,32,False,Seed bootstrap conditional on fixed cases. Joint-success endpoints are selected subsets; input Wh is not loss or efficiency.,25,1.0
main,discrete,3,familiar_A_B,qmix,iql_shared,joint_success_terminal_input_difference_Wh,secondary,comparison_minus_reference,neither_efficiency_nor_loss,joint_success_only,0.06184799493345814,-0.20547814803410275,0.32785492257283266,5,5,0.0625,10,10,True,0.6875,exact_two_sided_seed_sign_flip,32,False,Seed bootstrap conditional on fixed cases. Joint-success endpoints are selected subsets; input Wh is not loss or efficiency.,25,1.0
main,discrete,3,familiar_A_B,qmix,mappo,safe_success_difference,primary,comparison_minus_reference,higher,all_paired_cases,0.0,0.0,0.0,5,0,1.0,10,10,True,1.0,exact_two_sided_seed_sign_flip,32,False,Seed bootstrap conditional on fixed cases. Joint-success endpoints are selected subsets; input Wh is not loss or efficiency.,25,1.0
main,discrete,3,familiar_A_B,qmix,mappo,capped_charge_time_difference_s,primary,comparison_minus_reference,lower,all_paired_cases,-198.0,-1053.0,432.0,5,5,0.0625,10,10,True,0.75,exact_two_sided_seed_sign_flip,32,False,Seed bootstrap conditional on fixed cases. Joint-success endpoints are selected subsets; input Wh is not loss or efficiency.,25,1.0
main,discrete,3,familiar_A_B,qmix,mappo,joint_success_charge_time_difference_s,secondary,comparison_minus_reference,lower,joint_success_only,-198.0,-945.0,432.0,5,5,0.0625,10,10,True,0.75,exact_two_sided_seed_sign_flip,32,False,Seed bootstrap conditional on fixed cases. Joint-success endpoints are selected subsets; input Wh is not loss or efficiency.,25,1.0
main,discrete,3,familiar_A_B,qmix,mappo,joint_success_imbalance_integral_difference_soc_s,secondary,comparison_minus_reference,lower,joint_success_only,25.460381728851882,-51.940769894693005,102.86153335239676,5,5,0.0625,10,10,True,0.625,exact_two_sided_seed_sign_flip,32,False,Seed bootstrap conditional on fixed cases. Joint-success endpoints are selected subsets; input Wh is not loss or efficiency.,25,1.0
main,discrete,3,familiar_A_B,qmix,mappo,joint_success_terminal_input_difference_Wh,secondary,comparison_minus_reference,neither_efficiency_nor_loss,joint_success_only,0.08524096917357973,-0.19744148249614124,0.3026264817283401,5,5,0.0625,10,10,True,0.5625,exact_two_sided_seed_sign_flip,32,False,Seed bootstrap conditional on fixed cases. Joint-success endpoints are selected subsets; input Wh is not loss or efficiency.,25,1.0
main,discrete,3,familiar_A_B,qmix,soc_rule,safe_success_difference,primary,comparison_minus_reference,higher,all_paired_cases,0.0,0.0,0.0,5,0,1.0,10,10,True,1.0,exact_two_sided_seed_sign_flip,32,False,Seed bootstrap conditional on fixed cases. Joint-success endpoints are selected subsets; input Wh is not loss or efficiency.,25,1.0
main,discrete,3,familiar_A_B,qmix,soc_rule,capped_charge_time_difference_s,primary,comparison_minus_reference,lower,all_paired_cases,-333.0,-927.0,27.0,5,5,0.0625,10,10,True,0.3125,exact_two_sided_seed_sign_flip,32,False,Seed bootstrap conditional on fixed cases. Joint-success endpoints are selected subsets; input Wh is not loss or efficiency.,25,1.0
main,discrete,3,familiar_A_B,qmix,soc_rule,joint_success_charge_time_difference_s,secondary,comparison_minus_reference,lower,joint_success_only,-333.0,-927.0,27.0,5,5,0.0625,10,10,True,0.3125,exact_two_sided_seed_sign_flip,32,False,Seed bootstrap conditional on fixed cases. Joint-success endpoints are selected subsets; input Wh is not loss or efficiency.,25,1.0
main,discrete,3,familiar_A_B,qmix,soc_rule,joint_success_imbalance_integral_difference_soc_s,secondary,comparison_minus_reference,lower,joint_success_only,-103.65044426359027,-119.62825814217956,-83.16423113205754,5,5,0.0625,10,10,True,0.0625,exact_two_sided_seed_sign_flip,32,False,Seed bootstrap conditional on fixed cases. Joint-success endpoints are selected subsets; input Wh is not loss or efficiency.,25,1.0
main,discrete,3,familiar_A_B,qmix,soc_rule,joint_success_terminal_input_difference_Wh,secondary,comparison_minus_reference,neither_efficiency_nor_loss,joint_success_only,-0.839209436894377,-1.0252559360076405,-0.6690485347984623,5,5,0.0625,10,10,True,0.0625,exact_two_sided_seed_sign_flip,32,False,Seed bootstrap conditional on fixed cases. Joint-success endpoints are selected subsets; input Wh is not loss or efficiency.,25,1.0
main,discrete,3,random_nominal,qmix,cccv,safe_success_difference,primary,comparison_minus_reference,higher,all_paired_cases,0.0,0.0,0.0,5,0,1.0,60,60,True,1.0,exact_two_sided_seed_sign_flip,32,False,Seed bootstrap conditional on fixed cases. Joint-success endpoints are selected subsets; input Wh is not loss or efficiency.,25,1.0
main,discrete,3,random_nominal,qmix,cccv,capped_charge_time_difference_s,primary,comparison_minus_reference,lower,all_paired_cases,-789.0,-1624.5,-339.0,5,5,0.0625,60,60,True,0.0625,exact_two_sided_seed_sign_flip,32,False,Seed bootstrap conditional on fixed cases. Joint-success endpoints are selected subsets; input Wh is not loss or efficiency.,25,1.0
main,discrete,3,random_nominal,qmix,cccv,joint_success_charge_time_difference_s,secondary,comparison_minus_reference,lower,joint_success_only,-789.0,-1624.5,-339.0,5,5,0.0625,60,60,True,0.0625,exact_two_sided_seed_sign_flip,32,False,Seed bootstrap conditional on fixed cases. Joint-success endpoints are selected subsets; input Wh is not loss or efficiency.,25,1.0
main,discrete,3,random_nominal,qmix,cccv,joint_success_imbalance_integral_difference_soc_s,secondary,comparison_minus_reference,lower,joint_success_only,-78.77247342611224,-130.9034863278208,-47.4327359354002,5,5,0.0625,60,60,True,0.0625,exact_two_sided_seed_sign_flip,32,False,Seed bootstrap conditional on fixed cases. Joint-success endpoints are selected subsets; input Wh is not loss or efficiency.,25,1.0
main,discrete,3,random_nominal,qmix,cccv,joint_success_terminal_input_difference_Wh,secondary,comparison_minus_reference,neither_efficiency_nor_loss,joint_success_only,-0.37885775351873124,-0.426294495889257,-0.3121662567873289,5,5,0.0625,60,60,True,0.0625,exact_two_sided_seed_sign_flip,32,False,Seed bootstrap conditional on fixed cases. Joint-success endpoints are selected subsets; input Wh is not loss or efficiency.,25,1.0
main,discrete,3,random_nominal,qmix,dqn,safe_success_difference,primary,comparison_minus_reference,higher,all_paired_cases,0.0,0.0,0.0,5,0,1.0,60,60,True,1.0,exact_two_sided_seed_sign_flip,32,False,Seed bootstrap conditional on fixed cases. Joint-success endpoints are selected subsets; input Wh is not loss or efficiency.,25,1.0
main,discrete,3,random_nominal,qmix,dqn,capped_charge_time_difference_s,primary,comparison_minus_reference,lower,all_paired_cases,-28.5,-831.0,423.0,5,5,0.0625,60,60,True,1.0,exact_two_sided_seed_sign_flip,32,False,Seed bootstrap conditional on fixed cases. Joint-success endpoints are selected subsets; input Wh is not loss or efficiency.,25,1.0
main,discrete,3,random_nominal,qmix,dqn,joint_success_charge_time_difference_s,secondary,comparison_minus_reference,lower,joint_success_only,-28.5,-832.5,423.0,5,5,0.0625,60,60,True,1.0,exact_two_sided_seed_sign_flip,32,False,Seed bootstrap conditional on fixed cases. Joint-success endpoints are selected subsets; input Wh is not loss or efficiency.,25,1.0
main,discrete,3,random_nominal,qmix,dqn,joint_success_imbalance_integral_difference_soc_s,secondary,comparison_minus_reference,lower,joint_success_only,24.931131653434452,-17.204440326656357,57.251244502528394,5,5,0.0625,60,60,True,0.3125,exact_two_sided_seed_sign_flip,32,False,Seed bootstrap conditional on fixed cases. Joint-success endpoints are selected subsets; input Wh is not loss or efficiency.,25,1.0
main,discrete,3,random_nominal,qmix,dqn,joint_success_terminal_input_difference_Wh,secondary,comparison_minus_reference,neither_efficiency_nor_loss,joint_success_only,-0.0005073045033202987,-0.045082043014633776,0.044067434007993185,5,5,0.0625,60,60,True,1.0,exact_two_sided_seed_sign_flip,32,False,Seed bootstrap conditional on fixed cases. Joint-success endpoints are selected subsets; input Wh is not loss or efficiency.,25,1.0
main,discrete,3,random_nominal,qmix,iql_shared,safe_success_difference,primary,comparison_minus_reference,higher,all_paired_cases,0.0,0.0,0.0,5,0,1.0,60,60,True,1.0,exact_two_sided_seed_sign_flip,32,False,Seed bootstrap conditional on fixed cases. Joint-success endpoints are selected subsets; input Wh is not loss or efficiency.,25,1.0
main,discrete,3,random_nominal,qmix,iql_shared,capped_charge_time_difference_s,primary,comparison_minus_reference,lower,all_paired_cases,-60.0,-1063.5,658.5,5,5,0.0625,60,60,True,1.0,exact_two_sided_seed_sign_flip,32,False,Seed bootstrap conditional on fixed cases. Joint-success endpoints are selected subsets; input Wh is not loss or efficiency.,25,1.0
main,discrete,3,random_nominal,qmix,iql_shared,joint_success_charge_time_difference_s,secondary,comparison_minus_reference,lower,joint_success_only,-60.0,-1063.5,658.5,5,5,0.0625,60,60,True,1.0,exact_two_sided_seed_sign_flip,32,False,Seed bootstrap conditional on fixed cases. Joint-success endpoints are selected subsets; input Wh is not loss or efficiency.,25,1.0
main,discrete,3,random_nominal,qmix,iql_shared,joint_success_imbalance_integral_difference_soc_s,secondary,comparison_minus_reference,lower,joint_success_only,29.752527057235785,-46.877827069331424,107.36035541727306,5,5,0.0625,60,60,True,0.625,exact_two_sided_seed_sign_flip,32,False,Seed bootstrap conditional on fixed cases. Joint-success endpoints are selected subsets; input Wh is not loss or efficiency.,25,1.0
main,discrete,3,random_nominal,qmix,iql_shared,joint_success_terminal_input_difference_Wh,secondary,comparison_minus_reference,neither_efficiency_nor_loss,joint_success_only,0.026192823432481603,-0.0294896561218397,0.07968137083814568,5,5,0.0625,60,60,True,0.4375,exact_two_sided_seed_sign_flip,32,False,Seed bootstrap conditional on fixed cases. Joint-success endpoints are selected subsets; input Wh is not loss or efficiency.,25,1.0
main,discrete,3,random_nominal,qmix,mappo,safe_success_difference,primary,comparison_minus_reference,higher,all_paired_cases,0.0,0.0,0.0,5,0,1.0,60,60,True,1.0,exact_two_sided_seed_sign_flip,32,False,Seed bootstrap conditional on fixed cases. Joint-success endpoints are selected subsets; input Wh is not loss or efficiency.,25,1.0
main,discrete,3,random_nominal,qmix,mappo,capped_charge_time_difference_s,primary,comparison_minus_reference,lower,all_paired_cases,-361.5,-1371.0,295.5,5,5,0.0625,60,60,True,0.75,exact_two_sided_seed_sign_flip,32,False,Seed bootstrap conditional on fixed cases. Joint-success endpoints are selected subsets; input Wh is not loss or efficiency.,25,1.0
main,discrete,3,random_nominal,qmix,mappo,joint_success_charge_time_difference_s,secondary,comparison_minus_reference,lower,joint_success_only,-361.5,-1302.0,295.5,5,5,0.0625,60,60,True,0.75,exact_two_sided_seed_sign_flip,32,False,Seed bootstrap conditional on fixed cases. Joint-success endpoints are selected subsets; input Wh is not loss or efficiency.,25,1.0
main,discrete,3,random_nominal,qmix,mappo,joint_success_imbalance_integral_difference_soc_s,secondary,comparison_minus_reference,lower,joint_success_only,-4.590370534051436,-88.77469707361222,65.94353727275508,5,5,0.0625,60,60,True,0.9375,exact_two_sided_seed_sign_flip,32,False,Seed bootstrap conditional on fixed cases. Joint-success endpoints are selected subsets; input Wh is not loss or efficiency.,25,1.0
main,discrete,3,random_nominal,qmix,mappo,joint_success_terminal_input_difference_Wh,secondary,comparison_minus_reference,neither_efficiency_nor_loss,joint_success_only,0.08241154139161458,0.05738719045065081,0.10743589233257833,5,5,0.0625,60,60,True,0.0625,exact_two_sided_seed_sign_flip,32,False,Seed bootstrap conditional on fixed cases. Joint-success endpoints are selected subsets; input Wh is not loss or efficiency.,25,1.0
main,discrete,3,random_nominal,qmix,soc_rule,safe_success_difference,primary,comparison_minus_reference,higher,all_paired_cases,0.0,0.0,0.0,5,0,1.0,60,60,True,1.0,exact_two_sided_seed_sign_flip,32,False,Seed bootstrap conditional on fixed cases. Joint-success endpoints are selected subsets; input Wh is not loss or efficiency.,25,1.0
main,discrete,3,random_nominal,qmix,soc_rule,capped_charge_time_difference_s,primary,comparison_minus_reference,lower,all_paired_cases,-631.5,-1467.0,-181.5,5,5,0.0625,60,60,True,0.0625,exact_two_sided_seed_sign_flip,32,False,Seed bootstrap conditional on fixed cases. Joint-success endpoints are selected subsets; input Wh is not loss or efficiency.,25,1.0
main,discrete,3,random_nominal,qmix,soc_rule,joint_success_charge_time_difference_s,secondary,comparison_minus_reference,lower,joint_success_only,-631.5,-1467.0,-181.5,5,5,0.0625,60,60,True,0.0625,exact_two_sided_seed_sign_flip,32,False,Seed bootstrap conditional on fixed cases. Joint-success endpoints are selected subsets; input Wh is not loss or efficiency.,25,1.0
main,discrete,3,random_nominal,qmix,soc_rule,joint_success_imbalance_integral_difference_soc_s,secondary,comparison_minus_reference,lower,joint_success_only,-101.05827593741506,-152.1649849456739,-69.71853844670302,5,5,0.0625,60,60,True,0.0625,exact_two_sided_seed_sign_flip,32,False,Seed bootstrap conditional on fixed cases. Joint-success endpoints are selected subsets; input Wh is not loss or efficiency.,25,1.0
main,discrete,3,random_nominal,qmix,soc_rule,joint_success_terminal_input_difference_Wh,secondary,comparison_minus_reference,neither_efficiency_nor_loss,joint_success_only,-0.7583056198100322,-0.805742362180558,-0.6916141230786298,5,5,0.0625,60,60,True,0.0625,exact_two_sided_seed_sign_flip,32,False,Seed bootstrap conditional on fixed cases. Joint-success endpoints are selected subsets; input Wh is not loss or efficiency.,25,1.0
