study_panel,action_kind,n_agents,test_family,reference_method,comparison_method,paired_seed,matched_cases,joint_success_cases,complete_case_and_seed_pairing,is_independent_training_replicate,safe_success_difference,safe_success_difference_case_count,capped_charge_time_difference_s,capped_charge_time_difference_s_case_count,joint_success_charge_time_difference_s,joint_success_charge_time_difference_s_case_count,joint_success_imbalance_integral_difference_soc_s,joint_success_imbalance_integral_difference_soc_s_case_count,joint_success_terminal_input_difference_Wh,joint_success_terminal_input_difference_Wh_case_count
reward_and_exploration,discrete,3,reward_exploration_sensitivity,qmix_reward_reference,qmix_domain_random,7,12,12,True,True,0.0,12,435.0,12,435.0,12,66.77815300225694,12,-0.05629129143277467,12
reward_and_exploration,discrete,3,reward_exploration_sensitivity,qmix_reward_reference,qmix_domain_random,17,12,8,True,True,-0.3333333333333333,12,352.5,12,112.5,8,76.04744207579894,8,-0.19708305981332508,8
reward_and_exploration,discrete,3,reward_exploration_sensitivity,qmix_reward_reference,qmix_domain_random,27,12,12,True,True,0.0,12,892.5,12,892.5,12,115.427068571417,12,-0.13315062971081293,12
reward_and_exploration,discrete,3,reward_exploration_sensitivity,qmix_reward_reference,qmix_domain_random,37,12,12,True,True,0.0,12,-360.0,12,-360.0,12,-44.03707646209799,12,0.15244896489448134,12
reward_and_exploration,discrete,3,reward_exploration_sensitivity,qmix_reward_reference,qmix_domain_random,47,12,12,True,True,0.0,12,-172.5,12,-172.5,12,-16.039867977674913,12,0.08697896380124615,12
reward_and_exploration,discrete,3,reward_exploration_sensitivity,qmix_reward_reference,qmix_epsilon_one,7,12,12,True,True,0.0,12,255.0,12,255.0,12,41.657761722544706,12,0.1520929227355028,12
reward_and_exploration,discrete,3,reward_exploration_sensitivity,qmix_reward_reference,qmix_epsilon_one,17,12,12,True,True,0.0,12,-2032.5,12,-2032.5,12,-127.24837456369316,12,-0.26232415465994013,12
reward_and_exploration,discrete,3,reward_exploration_sensitivity,qmix_reward_reference,qmix_epsilon_one,27,12,12,True,True,0.0,12,-7.5,12,-7.5,12,-12.726583223821672,12,0.06662839960574196,12
reward_and_exploration,discrete,3,reward_exploration_sensitivity,qmix_reward_reference,qmix_epsilon_one,37,12,12,True,True,0.0,12,-165.0,12,-165.0,12,-20.42562858345646,12,0.27495991904898,12
reward_and_exploration,discrete,3,reward_exploration_sensitivity,qmix_reward_reference,qmix_epsilon_one,47,12,12,True,True,0.0,12,637.5,12,637.5,12,73.7970697227335,12,0.16453672857904333,12
reward_and_exploration,discrete,3,reward_exploration_sensitivity,qmix_reward_reference,qmix_reward_all_unit_normalized,7,12,12,True,True,0.0,12,367.5,12,367.5,12,87.39112947925331,12,0.09148133690483728,12
reward_and_exploration,discrete,3,reward_exploration_sensitivity,qmix_reward_reference,qmix_reward_all_unit_normalized,17,12,12,True,True,0.0,12,-817.5,12,-817.5,12,51.55413471355962,12,0.19349601069482988,12
reward_and_exploration,discrete,3,reward_exploration_sensitivity,qmix_reward_reference,qmix_reward_all_unit_normalized,27,12,12,True,True,0.0,12,210.0,12,210.0,12,-6.002160846671526,12,0.33488022732264283,12
reward_and_exploration,discrete,3,reward_exploration_sensitivity,qmix_reward_reference,qmix_reward_all_unit_normalized,37,12,12,True,True,0.0,12,165.0,12,165.0,12,18.045284887125703,12,0.25361525685312686,12
reward_and_exploration,discrete,3,reward_exploration_sensitivity,qmix_reward_reference,qmix_reward_all_unit_normalized,47,12,0,True,True,-1.0,12,3517.5,12,,0,,0,,0
reward_and_exploration,discrete,3,reward_exploration_sensitivity,qmix_reward_reference,qmix_reward_all_unit_raw,7,12,2,True,True,-0.8333333333333334,12,2850.0,12,810.0,2,45.56880377904566,2,0.5123398609382459,2
reward_and_exploration,discrete,3,reward_exploration_sensitivity,qmix_reward_reference,qmix_reward_all_unit_raw,17,12,12,True,True,0.0,12,-1747.5,12,-1747.5,12,-71.82350462869569,12,0.04151980660282343,12
reward_and_exploration,discrete,3,reward_exploration_sensitivity,qmix_reward_reference,qmix_reward_all_unit_raw,27,12,12,True,True,0.0,12,-37.5,12,-37.5,12,-20.5429879156191,12,-0.15304501484499866,12
reward_and_exploration,discrete,3,reward_exploration_sensitivity,qmix_reward_reference,qmix_reward_all_unit_raw,37,12,10,True,True,-0.16666666666666666,12,1680.0,12,1404.0,10,264.76039595448054,10,0.4272716956207766,10
reward_and_exploration,discrete,3,reward_exploration_sensitivity,qmix_reward_reference,qmix_reward_all_unit_raw,47,12,9,True,True,-0.25,12,1567.5,12,1050.0,9,61.62695986997424,9,0.38600862440879447,9
reward_and_exploration,discrete,3,reward_exploration_sensitivity,qmix_reward_reference,qmix_reward_balance_double,7,12,12,True,True,0.0,12,-67.5,12,-67.5,12,-31.404507505662014,12,0.005410853013640822,12
reward_and_exploration,discrete,3,reward_exploration_sensitivity,qmix_reward_reference,qmix_reward_balance_double,17,12,12,True,True,0.0,12,-1500.0,12,-1500.0,12,-65.81004880282684,12,-0.15876637296343402,12
reward_and_exploration,discrete,3,reward_exploration_sensitivity,qmix_reward_reference,qmix_reward_balance_double,27,12,12,True,True,0.0,12,15.0,12,15.0,12,7.1019611091904915,12,-0.06442445272570592,12
reward_and_exploration,discrete,3,reward_exploration_sensitivity,qmix_reward_reference,qmix_reward_balance_double,37,12,12,True,True,0.0,12,-330.0,12,-330.0,12,-39.120708613487096,12,0.29198574960544593,12
reward_and_exploration,discrete,3,reward_exploration_sensitivity,qmix_reward_reference,qmix_reward_balance_double,47,12,12,True,True,0.0,12,450.0,12,450.0,12,12.836989598997567,12,0.5649941951288456,12
reward_and_exploration,discrete,3,reward_exploration_sensitivity,qmix_reward_reference,qmix_reward_balance_half,7,12,12,True,True,0.0,12,300.0,12,300.0,12,50.73363658092202,12,0.02579378945541233,12
reward_and_exploration,discrete,3,reward_exploration_sensitivity,qmix_reward_reference,qmix_reward_balance_half,17,12,12,True,True,0.0,12,-1245.0,12,-1245.0,12,-61.67337639375191,12,-0.23112901303726327,12
reward_and_exploration,discrete,3,reward_exploration_sensitivity,qmix_reward_reference,qmix_reward_balance_half,27,12,12,True,True,0.0,12,-105.0,12,-105.0,12,-15.829100172743901,12,-0.06016309588711651,12
reward_and_exploration,discrete,3,reward_exploration_sensitivity,qmix_reward_reference,qmix_reward_balance_half,37,12,12,True,True,0.0,12,-75.0,12,-75.0,12,-7.021424904250801,12,0.17236518769604992,12
reward_and_exploration,discrete,3,reward_exploration_sensitivity,qmix_reward_reference,qmix_reward_balance_half,47,12,12,True,True,0.0,12,667.5,12,667.5,12,71.90268788738757,12,0.32896097726736073,12
reward_and_exploration,discrete,3,reward_exploration_sensitivity,qmix_reward_reference,qmix_reward_temperature_double,7,12,12,True,True,0.0,12,0.0,12,0.0,12,0.0,12,0.0,12
reward_and_exploration,discrete,3,reward_exploration_sensitivity,qmix_reward_reference,qmix_reward_temperature_double,17,12,12,True,True,0.0,12,0.0,12,0.0,12,0.0,12,0.0,12
reward_and_exploration,discrete,3,reward_exploration_sensitivity,qmix_reward_reference,qmix_reward_temperature_double,27,12,12,True,True,0.0,12,0.0,12,0.0,12,0.0,12,0.0,12
reward_and_exploration,discrete,3,reward_exploration_sensitivity,qmix_reward_reference,qmix_reward_temperature_double,37,12,12,True,True,0.0,12,0.0,12,0.0,12,0.0,12,0.0,12
reward_and_exploration,discrete,3,reward_exploration_sensitivity,qmix_reward_reference,qmix_reward_temperature_double,47,12,12,True,True,0.0,12,0.0,12,0.0,12,0.0,12,0.0,12
reward_and_exploration,discrete,3,reward_exploration_sensitivity,qmix_reward_reference,qmix_reward_temperature_half,7,12,12,True,True,0.0,12,0.0,12,0.0,12,0.0,12,0.0,12
reward_and_exploration,discrete,3,reward_exploration_sensitivity,qmix_reward_reference,qmix_reward_temperature_half,17,12,12,True,True,0.0,12,0.0,12,0.0,12,0.0,12,0.0,12
reward_and_exploration,discrete,3,reward_exploration_sensitivity,qmix_reward_reference,qmix_reward_temperature_half,27,12,12,True,True,0.0,12,0.0,12,0.0,12,0.0,12,0.0,12
reward_and_exploration,discrete,3,reward_exploration_sensitivity,qmix_reward_reference,qmix_reward_temperature_half,37,12,12,True,True,0.0,12,0.0,12,0.0,12,0.0,12,0.0,12
reward_and_exploration,discrete,3,reward_exploration_sensitivity,qmix_reward_reference,qmix_reward_temperature_half,47,12,12,True,True,0.0,12,0.0,12,0.0,12,0.0,12,0.0,12
reward_and_exploration,discrete,3,reward_exploration_sensitivity,qmix_reward_reference,qmix_reward_time_double,7,12,12,True,True,0.0,12,-52.5,12,-52.5,12,11.209295125036725,12,0.11801791777086261,12
reward_and_exploration,discrete,3,reward_exploration_sensitivity,qmix_reward_reference,qmix_reward_time_double,17,12,12,True,True,0.0,12,-2167.5,12,-2167.5,12,-134.19186223914028,12,-0.40382468470291916,12
reward_and_exploration,discrete,3,reward_exploration_sensitivity,qmix_reward_reference,qmix_reward_time_double,27,12,12,True,True,0.0,12,7.5,12,7.5,12,8.714773380102455,12,0.0014381582799384656,12
reward_and_exploration,discrete,3,reward_exploration_sensitivity,qmix_reward_reference,qmix_reward_time_double,37,12,12,True,True,0.0,12,307.5,12,307.5,12,-21.578534134765324,12,0.3937764207555639,12
reward_and_exploration,discrete,3,reward_exploration_sensitivity,qmix_reward_reference,qmix_reward_time_double,47,12,12,True,True,0.0,12,795.0,12,795.0,12,78.89459831030099,12,0.22201114420282556,12
reward_and_exploration,discrete,3,reward_exploration_sensitivity,qmix_reward_reference,qmix_reward_time_half,7,12,12,True,True,0.0,12,180.0,12,180.0,12,29.762446423483766,12,0.0841635981089744,12
reward_and_exploration,discrete,3,reward_exploration_sensitivity,qmix_reward_reference,qmix_reward_time_half,17,12,12,True,True,0.0,12,-2040.0,12,-2040.0,12,-128.49546691896964,12,-0.22497172478338712,12
reward_and_exploration,discrete,3,reward_exploration_sensitivity,qmix_reward_reference,qmix_reward_time_half,27,12,12,True,True,0.0,12,-127.5,12,-127.5,12,-22.81299204893989,12,-0.09051125845583712,12
reward_and_exploration,discrete,3,reward_exploration_sensitivity,qmix_reward_reference,qmix_reward_time_half,37,12,12,True,True,0.0,12,-120.0,12,-120.0,12,-28.517849101411077,12,0.2615798076052063,12
reward_and_exploration,discrete,3,reward_exploration_sensitivity,qmix_reward_reference,qmix_reward_time_half,47,12,12,True,True,0.0,12,360.0,12,360.0,12,17.278906814698164,12,-0.004039925409594265,12
reward_and_exploration,discrete,3,reward_exploration_sensitivity,qmix_reward_reference,qmix_reward_voltage_double,7,12,12,True,True,0.0,12,0.0,12,0.0,12,0.0,12,0.0,12
reward_and_exploration,discrete,3,reward_exploration_sensitivity,qmix_reward_reference,qmix_reward_voltage_double,17,12,12,True,True,0.0,12,0.0,12,0.0,12,0.0,12,0.0,12
reward_and_exploration,discrete,3,reward_exploration_sensitivity,qmix_reward_reference,qmix_reward_voltage_double,27,12,12,True,True,0.0,12,0.0,12,0.0,12,0.0,12,0.0,12
reward_and_exploration,discrete,3,reward_exploration_sensitivity,qmix_reward_reference,qmix_reward_voltage_double,37,12,12,True,True,0.0,12,0.0,12,0.0,12,0.0,12,0.0,12
reward_and_exploration,discrete,3,reward_exploration_sensitivity,qmix_reward_reference,qmix_reward_voltage_double,47,12,12,True,True,0.0,12,0.0,12,0.0,12,0.0,12,0.0,12
reward_and_exploration,discrete,3,reward_exploration_sensitivity,qmix_reward_reference,qmix_reward_voltage_half,7,12,12,True,True,0.0,12,0.0,12,0.0,12,0.0,12,0.0,12
reward_and_exploration,discrete,3,reward_exploration_sensitivity,qmix_reward_reference,qmix_reward_voltage_half,17,12,12,True,True,0.0,12,0.0,12,0.0,12,0.0,12,0.0,12
reward_and_exploration,discrete,3,reward_exploration_sensitivity,qmix_reward_reference,qmix_reward_voltage_half,27,12,12,True,True,0.0,12,0.0,12,0.0,12,0.0,12,0.0,12
reward_and_exploration,discrete,3,reward_exploration_sensitivity,qmix_reward_reference,qmix_reward_voltage_half,37,12,12,True,True,0.0,12,0.0,12,0.0,12,0.0,12,0.0,12
reward_and_exploration,discrete,3,reward_exploration_sensitivity,qmix_reward_reference,qmix_reward_voltage_half,47,12,12,True,True,0.0,12,0.0,12,0.0,12,0.0,12,0.0,12
