episode,environment_steps,agent_decisions,reward,epsilon_for_value_agents,loss,reward_penalty_activation_steps,target_reached,constraints_satisfied,failure_reason,wall_s
1,45,135,-232.83724634051686,0.5,{},"{""time"": 45, ""balance"": 45, ""voltage"": 0, ""temperature"": 0}",True,True,,89.45799383700069
2,82,246,-181.15861285287644,0.489875,{},"{""time"": 37, ""balance"": 37, ""voltage"": 0, ""temperature"": 0}",True,True,,164.01301388499996
3,120,360,-129.3126854727451,0.48155,{},"{""time"": 38, ""balance"": 37, ""voltage"": 0, ""temperature"": 0}",True,True,,231.58286550200137
4,151,453,-125.55669317786445,0.473,{},"{""time"": 31, ""balance"": 31, ""voltage"": 0, ""temperature"": 0}",True,True,,299.03591966699605
5,199,597,-231.62257643081966,0.466025,"{""updates"": 50, ""transitions"": 199, ""actor_loss"": 3.5634792280197143, ""critic_loss"": 7.142487668991089, ""entropy"": 5.823295392990112, ""alpha"": 0.19506842344999314, ""alpha_loss"": -7.93898452758789, ""loss"": 10.705966897010804}","{""time"": 48, ""balance"": 48, ""voltage"": 0, ""temperature"": 0}",True,True,,395.5299420489973
6,238,714,-2194.2113124049993,0.455225,"{""updates"": 50, ""transitions"": 238, ""actor_loss"": 6.095199971199036, ""critic_loss"": 33467.17515625, ""entropy"": 5.892098474502563, ""alpha"": 0.19315665811300278, ""alpha_loss"": -8.100185117721558, ""loss"": 33473.2703562212}","{""time"": 39, ""balance"": 39, ""voltage"": 0, ""temperature"": 0}",False,False,event: Protective SOC upper bound,470.3313774049966
7,284,852,-134.06522792521992,0.44645,"{""updates"": 50, ""transitions"": 284, ""actor_loss"": 9.096714820861816, ""critic_loss"": 27921.460542602537, ""entropy"": 5.987007217407227, ""alpha"": 0.19122041195631026, ""alpha_loss"": -8.3066215133667, ""loss"": 27930.5572574234}","{""time"": 46, ""balance"": 46, ""voltage"": 0, ""temperature"": 0}",True,True,,550.4742042489961
8,311,933,-66.79645564169941,0.4361,"{""updates"": 50, ""transitions"": 311, ""actor_loss"": 10.721829090118408, ""critic_loss"": 26639.101830978394, ""entropy"": 5.9999684715271, ""alpha"": 0.18928961247205733, ""alpha_loss"": -8.379145755767823, ""loss"": 26649.823660068512}","{""time"": 27, ""balance"": 27, ""voltage"": 0, ""temperature"": 0}",True,True,,605.6972003839983
9,355,1065,-116.64809912333068,0.430025,"{""updates"": 50, ""transitions"": 355, ""actor_loss"": 11.508945503234862, ""critic_loss"": 18571.320700836182, ""entropy"": 5.995970630645752, ""alpha"": 0.1873812660574913, ""alpha_loss"": -8.423457317352295, ""loss"": 18582.829646339418}","{""time"": 44, ""balance"": 44, ""voltage"": 0, ""temperature"": 0}",True,True,,688.7471387620026
10,398,1194,-246.96517721644835,0.42012499999999997,{},"{""time"": 43, ""balance"": 43, ""voltage"": 0, ""temperature"": 0}",True,True,,785.4042196129958
11,418,1254,-14.999999999999998,0.41045,"{""updates"": 50, ""transitions"": 418, ""actor_loss"": 11.788020706176757, ""critic_loss"": 18559.347558021545, ""entropy"": 5.991791944503785, ""alpha"": 0.18549804747104645, ""alpha_loss"": -8.467244396209717, ""loss"": 18571.13557872772}","{""time"": 20, ""balance"": 0, ""voltage"": 0, ""temperature"": 0}",True,True,,828.2800878589987
12,455,1365,-2082.4545199376753,0.40595000000000003,"{""updates"": 50, ""transitions"": 455, ""actor_loss"": 12.208005981445313, ""critic_loss"": 29658.503313827514, ""entropy"": 5.98624418258667, ""alpha"": 0.1836378774046898, ""alpha_loss"": -8.508507347106933, ""loss"": 29670.71131980896}","{""time"": 37, ""balance"": 37, ""voltage"": 0, ""temperature"": 0}",False,False,event: Protective SOC upper bound,895.549811840996
13,503,1509,-186.6746397858625,0.397625,"{""updates"": 50, ""transitions"": 503, ""actor_loss"": 13.032717437744141, ""critic_loss"": 35801.89625282287, ""entropy"": 5.989003171920777, ""alpha"": 0.18179977297782898, ""alpha_loss"": -8.56374324798584, ""loss"": 35814.92897026062}","{""time"": 48, ""balance"": 48, ""voltage"": 0, ""temperature"": 0}",True,True,,988.421205476996
14,536,1608,-132.49540065742892,0.386825,{},"{""time"": 33, ""balance"": 33, ""voltage"": 0, ""temperature"": 0}",True,True,,1057.829073091998
15,570,1710,-100.19243453700543,0.37939999999999996,"{""updates"": 50, ""transitions"": 570, ""actor_loss"": 14.215816497802734, ""critic_loss"": 38226.37511875152, ""entropy"": 5.998662843704223, ""alpha"": 0.17997848778963088, ""alpha_loss"": -8.630863971710205, ""loss"": 38240.590935249325}","{""time"": 34, ""balance"": 34, ""voltage"": 0, ""temperature"": 0}",True,True,,1125.7553934399984
16,612,1836,-117.8890646971507,0.37175,"{""updates"": 50, ""transitions"": 612, ""actor_loss"": 15.061028633117676, ""critic_loss"": 24647.229464263917, ""entropy"": 6.001102056503296, ""alpha"": 0.17817560374736785, ""alpha_loss"": -8.685762634277344, ""loss"": 24662.290492897035}","{""time"": 42, ""balance"": 41, ""voltage"": 0, ""temperature"": 0}",True,True,,1200.1014800720004
17,658,1974,-140.5942309953846,0.3623,"{""updates"": 50, ""transitions"": 658, ""actor_loss"": 15.450054779052735, ""critic_loss"": 20944.88949157715, ""entropy"": 6.00281192779541, ""alpha"": 0.17639057517051696, ""alpha_loss"": -8.73942014694214, ""loss"": 20960.3395463562}","{""time"": 46, ""balance"": 46, ""voltage"": 0, ""temperature"": 0}",True,True,,1279.6405969909974
18,696,2088,-194.84258965762444,0.35195,{},"{""time"": 38, ""balance"": 38, ""voltage"": 0, ""temperature"": 0}",True,True,,1363.0987281479975
19,737,2211,-195.70893242019747,0.34340000000000004,"{""updates"": 50, ""transitions"": 737, ""actor_loss"": 15.610013008117676, ""critic_loss"": 17249.322120876313, ""entropy"": 6.001588697433472, ""alpha"": 0.17462527751922607, ""alpha_loss"": -8.787969398498536, ""loss"": 17264.93213388443}","{""time"": 41, ""balance"": 41, ""voltage"": 0, ""temperature"": 0}",True,True,,1446.4305977780023
20,778,2334,-220.58055820562672,0.334175,"{""updates"": 50, ""transitions"": 778, ""actor_loss"": 16.281718215942384, ""critic_loss"": 23387.141557464598, ""entropy"": 6.00229172706604, ""alpha"": 0.1728780248761177, ""alpha_loss"": -8.83983917236328, ""loss"": 23403.42327568054}","{""time"": 41, ""balance"": 41, ""voltage"": 0, ""temperature"": 0}",True,True,,1524.516124089001
21,823,2469,-199.93430396323924,0.32494999999999996,"{""updates"": 50, ""transitions"": 823, ""actor_loss"": 16.891947174072264, ""critic_loss"": 12928.182018089294, ""entropy"": 6.002864360809326, ""alpha"": 0.17114930033683776, ""alpha_loss"": -8.89147180557251, ""loss"": 12945.073965263366}","{""time"": 45, ""balance"": 45, ""voltage"": 0, ""temperature"": 0}",True,True,,1606.734723579997
22,859,2577,-155.72068254999496,0.314825,"{""updates"": 50, ""transitions"": 859, ""actor_loss"": 17.470871505737303, ""critic_loss"": 17220.187395305635, ""entropy"": 6.001207532882691, ""alpha"": 0.169438416659832, ""alpha_loss"": -8.939138107299804, ""loss"": 17237.658266811373}","{""time"": 36, ""balance"": 36, ""voltage"": 0, ""temperature"": 0}",True,True,,1682.8928452219989
23,898,2694,-174.46090423092596,0.306725,{},"{""time"": 39, ""balance"": 39, ""voltage"": 0, ""temperature"": 0}",True,True,,1762.0977030029972
24,937,2811,-158.22052556425925,0.29795,"{""updates"": 50, ""transitions"": 937, ""actor_loss"": 18.1228328704834, ""critic_loss"": 12916.763556690215, ""entropy"": 5.98932671546936, ""alpha"": 0.16774671345949174, ""alpha_loss"": -8.968442611694336, ""loss"": 12934.8863895607}","{""time"": 39, ""balance"": 39, ""voltage"": 0, ""temperature"": 0}",True,True,,1839.7921943799956
25,992,2976,-298.7185511061136,0.28917499999999996,"{""updates"": 50, ""transitions"": 992, ""actor_loss"": 18.885160064697267, ""critic_loss"": 15363.819848747253, ""entropy"": 5.908418579101562, ""alpha"": 0.1660824489593506, ""alpha_loss"": -8.873243789672852, ""loss"": 15382.70500881195}","{""time"": 55, ""balance"": 55, ""voltage"": 0, ""temperature"": 0}",True,True,,1947.5955041029956
26,1031,3093,-210.87655055908942,0.2768,"{""updates"": 50, ""transitions"": 1031, ""actor_loss"": 19.76582790374756, ""critic_loss"": 15964.327955532073, ""entropy"": 5.679781379699707, ""alpha"": 0.16447492957115173, ""alpha_loss"": -8.508634128570556, ""loss"": 15984.093783435821}","{""time"": 39, ""balance"": 39, ""voltage"": 0, ""temperature"": 0}",True,True,,2036.0156023279997
27,1054,3162,-50.31925560108764,0.268025,"{""updates"": 50, ""transitions"": 1054, ""actor_loss"": 20.280135498046874, ""critic_loss"": 15348.323503684998, ""entropy"": 5.063552637100219, ""alpha"": 0.16297861516475678, ""alpha_loss"": -7.433468952178955, ""loss"": 15368.603639183046}","{""time"": 23, ""balance"": 21, ""voltage"": 0, ""temperature"": 0}",True,True,,2358.7338271479966
28,1111,3333,-294.3636209922588,0.26285,"{""updates"": 50, ""transitions"": 1111, ""actor_loss"": 21.28941162109375, ""critic_loss"": 18389.71935945511, ""entropy"": 4.5994363784790036, ""alpha"": 0.16169954150915145, ""alpha_loss"": -6.620991201400757, ""loss"": 18411.008771076205}","{""time"": 57, ""balance"": 57, ""voltage"": 0, ""temperature"": 0}",True,True,,2490.6615027559965
29,1171,3513,-265.88704903254205,0.250025,"{""updates"": 50, ""transitions"": 1171, ""actor_loss"": 21.777638969421385, ""critic_loss"": 12261.643617954254, ""entropy"": 4.057466516494751, ""alpha"": 0.16054420202970504, ""alpha_loss"": -5.6555868339538575, ""loss"": 12283.421256923675}","{""time"": 60, ""balance"": 60, ""voltage"": 0, ""temperature"": 0}",True,True,,2620.3765893340023
30,1216,3648,-252.63281794780355,0.23652499999999999,"{""updates"": 50, ""transitions"": 1216, ""actor_loss"": 22.416995124816893, ""critic_loss"": 13478.17216814041, ""entropy"": 3.949507164955139, ""alpha"": 0.15951562255620957, ""alpha_loss"": -5.477558851242065, ""loss"": 13500.589163265227}","{""time"": 45, ""balance"": 45, ""voltage"": 0, ""temperature"": 0}",True,True,,2730.576470353997
31,1265,3795,-269.2137997787616,0.2264,"{""updates"": 50, ""transitions"": 1265, ""actor_loss"": 23.134654846191406, ""critic_loss"": 7975.306915798187, ""entropy"": 4.1775345134735105, ""alpha"": 0.15847115993499755, ""alpha_loss"": -5.917324333190918, ""loss"": 7998.441570644379}","{""time"": 49, ""balance"": 49, ""voltage"": 0, ""temperature"": 0}",True,True,,2847.342097959998
32,1292,3876,-71.86436517919779,0.21537500000000004,{},"{""time"": 27, ""balance"": 26, ""voltage"": 0, ""temperature"": 0}",True,True,,2910.4115004730047
33,1335,4005,-129.71231455504574,0.20929999999999999,"{""updates"": 50, ""transitions"": 1289, ""actor_loss"": 23.9879195022583, ""critic_loss"": 12253.603131980895, ""entropy"": 4.561067705154419, ""alpha"": 0.15730474025011063, ""alpha_loss"": -6.650059614181519, ""loss"": 12277.591051483154}","{""time"": 43, ""balance"": 43, ""voltage"": 0, ""temperature"": 0}",True,True,,3001.4640772789935
34,1369,4107,-160.35833163553562,0.199625,"{""updates"": 50, ""transitions"": 1284, ""actor_loss"": 24.776084480285643, ""critic_loss"": 12859.466827812195, ""entropy"": 4.71309720993042, ""alpha"": 0.1560390418767929, ""alpha_loss"": -6.961535844802857, ""loss"": 12884.24291229248}","{""time"": 34, ""balance"": 34, ""voltage"": 0, ""temperature"": 0}",True,True,,3085.8955480259974
35,1395,4185,-101.62161383901763,0.191975,{},"{""time"": 26, ""balance"": 26, ""voltage"": 0, ""temperature"": 0}",True,True,,3149.547199255998
36,1427,4281,-43.06540781767997,0.18612499999999998,"{""updates"": 50, ""transitions"": 1267, ""actor_loss"": 25.064176940917967, ""critic_loss"": 6139.919895172119, ""entropy"": 4.574388437271118, ""alpha"": 0.15476159363985062, ""alpha_loss"": -6.733870487213135, ""loss"": 6164.984072113037}","{""time"": 32, ""balance"": 17, ""voltage"": 0, ""temperature"": 0}",True,True,,3213.4117343079924
37,1462,4386,-123.34523668224068,0.178925,"{""updates"": 50, ""transitions"": 1278, ""actor_loss"": 26.344660415649415, ""critic_loss"": 13465.862294254302, ""entropy"": 4.94040849685669, ""alpha"": 0.15343859165906906, ""alpha_loss"": -7.4503793525695805, ""loss"": 13492.206954669951}","{""time"": 35, ""balance"": 34, ""voltage"": 0, ""temperature"": 0}",True,True,,3284.2516969289936
38,1488,4464,-108.0621252442384,0.17104999999999998,{},"{""time"": 26, ""balance"": 26, ""voltage"": 0, ""temperature"": 0}",True,True,,3346.527915285995
39,1514,4542,-113.52076652405641,0.1652,"{""updates"": 50, ""transitions"": 1201, ""actor_loss"": 26.463146057128906, ""critic_loss"": 14689.339554519653, ""entropy"": 4.554759407043457, ""alpha"": 0.15211020201444625, ""alpha_loss"": -6.7591382503509525, ""loss"": 14715.802700576782}","{""time"": 26, ""balance"": 26, ""voltage"": 0, ""temperature"": 0}",True,True,,3413.1537511519928
40,1544,4632,-139.13634636602993,0.15935,{},"{""time"": 30, ""balance"": 30, ""voltage"": 0, ""temperature"": 0}",True,True,,3487.571595908994
41,1582,4746,-133.64148883232897,0.15259999999999996,"{""updates"": 50, ""transitions"": 1254, ""actor_loss"": 26.92544048309326, ""critic_loss"": 7967.0996062660215, ""entropy"": 4.2941354513168335, ""alpha"": 0.1508691442012787, ""alpha_loss"": -6.295239143371582, ""loss"": 7994.025046749115}","{""time"": 38, ""balance"": 36, ""voltage"": 0, ""temperature"": 0}",True,True,,3564.955492824003
42,1608,4824,-120.63601145023243,0.14404999999999996,"{""updates"": 50, ""transitions"": 1256, ""actor_loss"": 27.599930992126463, ""critic_loss"": 14068.625357666016, ""entropy"": 4.22026937007904, ""alpha"": 0.14971690028905868, ""alpha_loss"": -6.180802640914917, ""loss"": 14096.225288658143}","{""time"": 26, ""balance"": 26, ""voltage"": 0, ""temperature"": 0}",True,True,,3628.026326019004
43,1631,4893,-32.52632508388035,0.1382,{},"{""time"": 23, ""balance"": 14, ""voltage"": 0, ""temperature"": 0}",True,True,,3683.440834394998
44,1662,4986,-82.48238552066583,0.133025,"{""updates"": 50, ""transitions"": 1251, ""actor_loss"": 27.804052963256837, ""critic_loss"": 9186.202650260926, ""entropy"": 4.010233764648437, ""alpha"": 0.1485845735669136, ""alpha_loss"": -5.8049088478088375, ""loss"": 9214.006703224182}","{""time"": 31, ""balance"": 29, ""voltage"": 0, ""temperature"": 0}",True,True,,3750.615887745
45,1703,5109,-181.8363390823325,0.12605,"{""updates"": 50, ""transitions"": 1172, ""actor_loss"": 28.18643581390381, ""critic_loss"": 12248.61765663147, ""entropy"": 3.7656584692001345, ""alpha"": 0.1475265371799469, ""alpha_loss"": -5.358639659881592, ""loss"": 12276.804092445374}","{""time"": 41, ""balance"": 41, ""voltage"": 0, ""temperature"": 0}",True,True,,3836.227684773992
46,1731,5193,-127.90210454061128,0.11682499999999996,{},"{""time"": 28, ""balance"": 28, ""voltage"": 0, ""temperature"": 0}",True,True,,3904.078739602999
47,1764,5292,-224.95650130196006,0.11052499999999998,"{""updates"": 50, ""transitions"": 1252, ""actor_loss"": 28.989198303222658, ""critic_loss"": 12230.65878665924, ""entropy"": 3.8477341890335084, ""alpha"": 0.14650164008140565, ""alpha_loss"": -5.535583114624023, ""loss"": 12259.647984962463}","{""time"": 33, ""balance"": 33, ""voltage"": 0, ""temperature"": 0}",True,True,,3980.300628609002
48,1794,5382,-184.6675333959963,0.10309999999999997,{},"{""time"": 30, ""balance"": 30, ""voltage"": 0, ""temperature"": 0}",True,True,,4060.0074700360055
49,1831,5493,-115.07704931521823,0.09634999999999999,"{""updates"": 50, ""transitions"": 1161, ""actor_loss"": 29.116077728271485, ""critic_loss"": 8580.460947399139, ""entropy"": 3.7038946771621704, ""alpha"": 0.1454999828338623, ""alpha_loss"": -5.278692436218262, ""loss"": 8609.57702512741}","{""time"": 37, ""balance"": 33, ""voltage"": 0, ""temperature"": 0}",True,True,,4140.411630809998
50,1858,5574,-118.21805235931004,0.08802500000000002,"{""updates"": 50, ""transitions"": 1138, ""actor_loss"": 29.213817253112794, ""critic_loss"": 7376.588185939789, ""entropy"": 3.8866327810287475, ""alpha"": 0.14448664516210555, ""alpha_loss"": -5.651537036895752, ""loss"": 7405.802003192902}","{""time"": 27, ""balance"": 27, ""voltage"": 0, ""temperature"": 0}",True,True,,4205.675859513001
51,1887,5661,-29.453815362238753,0.08194999999999997,{},"{""time"": 29, ""balance"": 18, ""voltage"": 0, ""temperature"": 0}",True,True,,4266.823069718994
52,1917,5751,-161.99015709257213,0.07542499999999996,"{""updates"": 50, ""transitions"": 1215, ""actor_loss"": 29.93179096221924, ""critic_loss"": 4313.930394649506, ""entropy"": 4.183925662040711, ""alpha"": 0.14337240904569626, ""alpha_loss"": -6.251416511535645, ""loss"": 4343.862185611725}","{""time"": 30, ""balance"": 30, ""voltage"": 0, ""temperature"": 0}",True,True,,4342.434090859002
53,1951,5853,-90.93164743528365,0.06867499999999999,"{""updates"": 50, ""transitions"": 1143, ""actor_loss"": 30.26528968811035, ""critic_loss"": 24.733089408874513, ""entropy"": 4.561899919509887, ""alpha"": 0.14214158236980437, ""alpha_loss"": -7.016463451385498, ""loss"": 54.99837909698486}","{""time"": 34, ""balance"": 32, ""voltage"": 0, ""temperature"": 0}",True,True,,4411.739432983006
54,1980,5940,-2126.0109229142295,0.061024999999999996,{},"{""time"": 29, ""balance"": 29, ""voltage"": 0, ""temperature"": 0}",False,False,event: Protective SOC upper bound,4466.723288988993
55,2040,6120,-328.2161340405339,0.05449999999999999,"{""updates"": 50, ""transitions"": 1180, ""actor_loss"": 32.52476474761963, ""critic_loss"": 14725.77306892395, ""entropy"": 4.993500299453736, ""alpha"": 0.14077590316534042, ""alpha_loss"": -7.897318105697632, ""loss"": 14758.29783367157}","{""time"": 60, ""balance"": 60, ""voltage"": 0, ""temperature"": 0}",False,True,,4590.055949780995
56,2073,6219,-76.16388621100175,0.04999999999999999,"{""updates"": 50, ""transitions"": 1227, ""actor_loss"": 31.657176246643065, ""critic_loss"": 7360.573573074341, ""entropy"": 4.336605529785157, ""alpha"": 0.1393749848008156, ""alpha_loss"": -6.642395906448364, ""loss"": 7392.230749320984}","{""time"": 33, ""balance"": 30, ""voltage"": 0, ""temperature"": 0}",True,True,,4954.750226305994
57,2110,6330,-142.91586134271432,0.04999999999999999,"{""updates"": 50, ""transitions"": 1137, ""actor_loss"": 32.050181503295896, ""critic_loss"": 10448.852939567565, ""entropy"": 4.462153849601745, ""alpha"": 0.13815967470407486, ""alpha_loss"": -6.921136169433594, ""loss"": 10480.903121070862}","{""time"": 37, ""balance"": 37, ""voltage"": 0, ""temperature"": 0}",True,True,,5030.0343090239985
58,2138,6414,-107.67279370693599,0.04999999999999999,{},"{""time"": 28, ""balance"": 28, ""voltage"": 0, ""temperature"": 0}",True,True,,5095.173162144994
59,2170,6510,-173.50328048146707,0.04999999999999999,"{""updates"": 50, ""transitions"": 1227, ""actor_loss"": 32.57165946960449, ""critic_loss"": 7371.328156337738, ""entropy"": 4.498272275924682, ""alpha"": 0.13689388304948807, ""alpha_loss"": -7.024841356277466, ""loss"": 7403.899815807342}","{""time"": 32, ""balance"": 32, ""voltage"": 0, ""temperature"": 0}",True,True,,5166.639638779998
60,2200,6600,-108.12007919343148,0.04999999999999999,"{""updates"": 50, ""transitions"": 1145, ""actor_loss"": 33.45830013275147, ""critic_loss"": 12885.648741779327, ""entropy"": 4.399994406700134, ""alpha"": 0.1356246891617775, ""alpha_loss"": -6.860803909301758, ""loss"": 12919.107041912079}","{""time"": 30, ""balance"": 30, ""voltage"": 0, ""temperature"": 0}",True,True,,5238.780944656006
61,2239,6717,-102.20149241395376,0.04999999999999999,{},"{""time"": 39, ""balance"": 36, ""voltage"": 0, ""temperature"": 0}",True,True,,5318.786221654002
62,2270,6810,-152.66646622569917,0.04999999999999999,"{""updates"": 50, ""transitions"": 1211, ""actor_loss"": 33.29552337646484, ""critic_loss"": 21.846569442749022, ""entropy"": 4.24430850982666, ""alpha"": 0.1344638079404831, ""alpha_loss"": -6.579393157958984, ""loss"": 55.142092819213865}","{""time"": 31, ""balance"": 31, ""voltage"": 0, ""temperature"": 0}",True,True,,5395.530266023001
63,2303,6909,-155.5932403896332,0.04999999999999999,"{""updates"": 50, ""transitions"": 1192, ""actor_loss"": 33.51829849243164, ""critic_loss"": 19.46735719680786, ""entropy"": 4.8262248229980464, ""alpha"": 0.1332012739777565, ""alpha_loss"": -7.782267475128174, ""loss"": 52.9856556892395}","{""time"": 33, ""balance"": 33, ""voltage"": 0, ""temperature"": 0}",True,True,,5466.593859622
64,2328,6984,-76.58241195972516,0.04999999999999999,{},"{""time"": 25, ""balance"": 24, ""voltage"": 0, ""temperature"": 0}",True,True,,5523.528115507004
65,2364,7092,-148.17120596242998,0.04999999999999999,"{""updates"": 50, ""transitions"": 1209, ""actor_loss"": 34.35689514160156, ""critic_loss"": 11064.105622138977, ""entropy"": 4.419643602371216, ""alpha"": 0.1318990033864975, ""alpha_loss"": -6.996781969070435, ""loss"": 11098.462517280579}","{""time"": 36, ""balance"": 36, ""voltage"": 0, ""temperature"": 0}",True,True,,5599.304603143995
66,2397,7191,-169.71367351486748,0.04999999999999999,{},"{""time"": 33, ""balance"": 33, ""voltage"": 0, ""temperature"": 0}",True,True,,5676.8396447009945
67,2428,7284,-115.67528154745597,0.04999999999999999,"{""updates"": 50, ""transitions"": 1154, ""actor_loss"": 34.68634162902832, ""critic_loss"": 12918.441028385163, ""entropy"": 3.997188940048218, ""alpha"": 0.13073149383068083, ""alpha_loss"": -6.167863206863403, ""loss"": 12953.127370014192}","{""time"": 31, ""balance"": 31, ""voltage"": 0, ""temperature"": 0}",True,True,,5747.721816537996
68,2465,7395,-236.70711132093152,0.04999999999999999,"{""updates"": 50, ""transitions"": 1177, ""actor_loss"": 34.60606590270996, ""critic_loss"": 19.000073623657226, ""entropy"": 3.7629704809188844, ""alpha"": 0.12971411883831024, ""alpha_loss"": -5.713740797042846, ""loss"": 53.60613952636719}","{""time"": 37, ""balance"": 37, ""voltage"": 0, ""temperature"": 0}",True,True,,5836.327382042997
69,2500,7500,-121.28743046477352,0.04999999999999999,"{""updates"": 50, ""transitions"": 1133, ""actor_loss"": 35.67042335510254, ""critic_loss"": 6182.956482925415, ""entropy"": 4.380798373222351, ""alpha"": 0.12867853075265884, ""alpha_loss"": -7.003547344207764, ""loss"": 6218.626906280518}","{""time"": 35, ""balance"": 35, ""voltage"": 0, ""temperature"": 0}",False,True,,5903.044600665999
