current_A_assumption,cell,fit_kind,seed,objective,success,selected,solver_failures,optimizer_reused,objective_mesh,parameter_0,parameter_1,parameter_2,parameter_3,parameter_4,parameter_5,parameter_6,parameter_7,full_V_RMSE,full_T_RMSE,full_coverage,prefix_fit_V_RMSE,prefix_fit_T_RMSE,prefix_fit_coverage,suffix_forecast_V_RMSE,suffix_forecast_T_RMSE,suffix_forecast_coverage,prediction_solver_failure
4.0,1,full_fit,7,7.855445399797762,True,False,0,True,"{""x_n"": 30, ""x_s"": 30, ""x_p"": 30, ""r_n"": 10, ""r_p"": 10}",6.0,5.0,3.98,4.18,4.954520333616822,4.245951323988986,16.65991234830302,0.4,0.01860823497289666,0.8190163668320279,0.999664654594232,0.020165350746222846,0.6559161797456594,1.0,0.010230604131147219,1.2780604576557317,0.998324958123953,
4.0,1,full_fit,17,2.2286130902472667,True,True,0,True,"{""x_n"": 30, ""x_s"": 30, ""x_p"": 30, ""r_n"": 10, ""r_p"": 10}",5.537393163913825,4.255116593180363,3.98,4.18,4.959028310785056,4.305596668063375,5.0,0.9606763118957055,0.019805445596189453,0.4032152791470648,0.999664654594232,0.02125603913637314,0.30586569627822036,1.0,0.012405709913200946,0.6624298680449175,0.998324958123953,
4.0,1,full_fit,27,2.2742793919997504,True,False,0,True,"{""x_n"": 30, ""x_s"": 30, ""x_p"": 30, ""r_n"": 10, ""r_p"": 10}",5.000199957439917,4.696281374233266,3.98,4.18,4.954100335614044,4.352722956985827,5.0,0.9578595785728461,0.02089047334167235,0.4032863197559277,0.999664654594232,0.022359643948311237,0.30700012128814036,1.0,0.013495853379999683,0.66054351125464,0.998324958123953,
4.0,1,full_fit,37,2.273084302769575,True,False,0,True,"{""x_n"": 30, ""x_s"": 30, ""x_p"": 30, ""r_n"": 10, ""r_p"": 10}",5.0,4.0,3.98,4.18,4.961152851369683,4.352617112124194,5.294215607132684,0.9457377858900406,0.02078557453769921,0.40362840623764795,0.999664654594232,0.022265854786686946,0.3032667229995744,1.0,0.013304903618837188,0.6684427170966041,0.998324958123953,
4.0,1,full_fit,47,2.2300121189846718,True,False,0,True,"{""x_n"": 30, ""x_s"": 30, ""x_p"": 30, ""r_n"": 10, ""r_p"": 10}",5.516208119317733,4.331759157046532,3.98,4.18,4.958491813466308,4.299012376857039,5.0,0.9601057633456032,0.019871984425131526,0.4031433284332575,0.999664654594232,0.02139050836996755,0.3065898581240702,1.0,0.0120065940486234,0.6608693746953201,0.998324958123953,
4.0,1,prefix_fit,7,0.6288531259421899,True,False,0,True,"{""x_n"": 30, ""x_s"": 30, ""x_p"": 30, ""r_n"": 10, ""r_p"": 10}",6.0,5.0,3.98,4.18,4.655931648892056,4.418651599354138,13.75764122967986,0.738050082961522,0.07647013587936767,0.3088948580006405,0.9413145539906104,0.018756910568420708,0.15386741556153807,1.0,0.1921156083333509,0.7077222950941069,0.7068676716917923,
4.0,1,prefix_fit,17,0.6364755650811071,True,False,0,True,"{""x_n"": 30, ""x_s"": 30, ""x_p"": 30, ""r_n"": 10, ""r_p"": 10}",5.75122569170929,4.636680970912981,3.98,4.18,4.627665542271219,4.464392065654666,13.723857825545597,0.739910681848842,0.0811482630306302,0.28328082640520097,0.9352783366867874,0.018958956793092518,0.1538106898499479,1.0,0.2081769581280931,0.6436822908496255,0.6767169179229481,
4.0,1,prefix_fit,27,0.6390032183447609,True,False,0,True,"{""x_n"": 30, ""x_s"": 30, ""x_p"": 30, ""r_n"": 10, ""r_p"": 10}",5.652539242328228,4.5812225154010955,3.98,4.18,4.630633588630632,4.463267774546782,13.855870883675689,0.7359068984830682,0.08128151636270177,0.28984021547763567,0.9359490274983233,0.01904650286821694,0.15380436997614924,1.0,0.2080525040873422,0.6622202353705596,0.6800670016750419,
4.0,1,prefix_fit,37,0.6248165453023108,True,True,0,True,"{""x_n"": 30, ""x_s"": 30, ""x_p"": 30, ""r_n"": 10, ""r_p"": 10}",5.99860522843156,4.0900484900614344,3.98,4.18,4.654421612070821,4.426496120593482,13.888968234889058,0.7326542709560269,0.0786073595997235,0.3050094139427048,0.9396378269617707,0.018645248508718175,0.15386164931612398,1.0,0.19882600135472667,0.699796244312138,0.6984924623115578,
4.0,1,prefix_fit,47,0.6481027674838922,True,False,0,True,"{""x_n"": 30, ""x_s"": 30, ""x_p"": 30, ""r_n"": 10, ""r_p"": 10}",5.997111637959064,4.269899187182193,3.98,4.18,4.810944878579591,4.34417210657352,13.413089809868351,0.734362519005778,0.04792933142278006,0.4329812896984131,0.9704896042924211,0.019189139760756754,0.15445402977892947,1.0,0.10646992407470801,0.9767931999507901,0.8525963149078727,
4.0,2,full_fit,7,1.816456534156802,True,False,0,True,"{""x_n"": 30, ""x_s"": 30, ""x_p"": 30, ""r_n"": 10, ""r_p"": 10}",5.597116116464736,4.7059907221144694,3.98,4.18,4.6690244461504395,4.308186031689182,6.26632156428298,1.0993669409927689,0.02251327744526369,0.33883670870423,1.0,0.024040043165498765,0.28634611359391976,1.0,0.014926370777679838,0.495941937176976,1.0,
4.0,2,full_fit,17,1.8132394320684921,True,False,0,True,"{""x_n"": 30, ""x_s"": 30, ""x_p"": 30, ""r_n"": 10, ""r_p"": 10}",5.745275736213137,4.556128952760395,3.98,4.18,4.66956829447362,4.303583879214871,7.115581515900717,1.0686153630790933,0.022312602554158966,0.33989937099837475,1.0,0.023788457906790624,0.28031711746344157,1.0,0.015031313157828656,0.5130454737413547,1.0,
4.0,2,full_fit,27,1.8056297510632793,True,False,0,True,"{""x_n"": 30, ""x_s"": 30, ""x_p"": 30, ""r_n"": 10, ""r_p"": 10}",6.0,5.0,3.98,4.18,4.667637653551077,4.2753111205802545,5.0,1.1429404820894509,0.02205875243007301,0.34015872063489666,1.0,0.023470275790633367,0.29827771817134036,1.0,0.015157708045458915,0.47176925842054734,1.0,
4.0,2,full_fit,37,1.8027384884109292,True,True,0,True,"{""x_n"": 30, ""x_s"": 30, ""x_p"": 30, ""r_n"": 10, ""r_p"": 10}",6.0,4.112369409284161,3.98,4.18,4.675833177971093,4.276090331790453,5.0,1.141451346229156,0.02198113241513206,0.3402653394325916,1.0,0.0233548362307691,0.2985808893668411,1.0,0.015306176543282974,0.47138683434830636,1.0,
4.0,2,full_fit,47,1.8040118937517087,True,False,0,True,"{""x_n"": 30, ""x_s"": 30, ""x_p"": 30, ""r_n"": 10, ""r_p"": 10}",6.0,4.465336017749625,3.98,4.18,4.67226742722424,4.274775848383655,5.0,1.1421745157093524,0.022016364285365513,0.34021774391331283,1.0,0.023403783509379595,0.2984353731477263,1.0,0.015260321442866402,0.4715834137874004,1.0,
4.0,2,prefix_fit,7,0.8575467231914093,True,False,0,True,"{""x_n"": 30, ""x_s"": 30, ""x_p"": 30, ""r_n"": 10, ""r_p"": 10}",6.0,5.0,3.98,4.18,4.5,4.329923523542549,16.561230948025784,0.8686192557770204,0.06387900520150121,0.3570638029271088,0.9661680911680912,0.022270888595449307,0.1742313342655487,1.0,0.14601392876312705,0.7711499111837448,0.8309608540925267,
4.0,2,prefix_fit,17,0.8481228311329516,True,True,0,True,"{""x_n"": 30, ""x_s"": 30, ""x_p"": 30, ""r_n"": 10, ""r_p"": 10}",6.0,4.207684251462079,3.98,4.18,4.500426260652758,4.334378996701877,17.04091227506057,0.8470068822111348,0.06537492059264659,0.35790071679491514,0.9647435897435898,0.022130922035141293,0.17359749482417972,1.0,0.15043422276170856,0.7767102219887447,0.8238434163701067,
4.0,2,prefix_fit,27,0.8499114045298446,True,False,0,True,"{""x_n"": 30, ""x_s"": 30, ""x_p"": 30, ""r_n"": 10, ""r_p"": 10}",6.0,4.421276848792166,3.98,4.18,4.5,4.331384600577626,17.02859148221086,0.8491028877705978,0.06502774794169194,0.3597948232422438,0.9650997150997151,0.02217177708240283,0.17359235688562022,1.0,0.1493911617608167,0.7811548163940487,0.8256227758007118,
4.0,2,prefix_fit,37,1.3417459714900686,True,False,0,True,"{""x_n"": 30, ""x_s"": 30, ""x_p"": 30, ""r_n"": 10, ""r_p"": 10}",5.272687479644042,4.635693249653038,3.98,4.18,6.684756951292428,4.0,14.2048890703562,0.7653672554860337,0.1348886992316391,0.5622584600122991,1.0,0.030419310828402206,0.17607277932026305,1.0,0.2953167964586883,1.2065039066624197,1.0,
4.0,2,prefix_fit,47,1.1949528341726567,True,False,0,True,"{""x_n"": 30, ""x_s"": 30, ""x_p"": 30, ""r_n"": 10, ""r_p"": 10}",6.0,4.324435797214955,3.98,4.18,5.08130683728291,4.0,16.195535179956394,0.8254663381248208,0.08179038836018628,0.5298691160935495,1.0,0.028405362188797807,0.17482521134387388,1.0,0.17378131226962878,1.131662759202283,1.0,
4.0,3,full_fit,7,2.5982000059763903,True,False,0,True,"{""x_n"": 30, ""x_s"": 30, ""x_p"": 30, ""r_n"": 10, ""r_p"": 10}",6.0,4.0,3.98,4.18,4.5,4.0,5.0,1.2502727868339556,0.02579461881946779,0.4113897764725846,1.0,0.023343848008355688,0.33322326094297505,1.0,0.03385848207569499,0.6338225357487273,1.0,
4.0,3,full_fit,17,2.5981999513629246,True,False,0,True,"{""x_n"": 30, ""x_s"": 30, ""x_p"": 30, ""r_n"": 10, ""r_p"": 10}",6.0,4.0,3.98,4.18,4.5,4.0,5.0,1.2502294533361467,0.025794599699825584,0.4113903880397068,1.0,0.02334381199251648,0.33324575678596086,1.0,0.033858508512980015,0.6337772737471844,1.0,
4.0,3,full_fit,27,2.572455981303415,True,True,0,True,"{""x_n"": 30, ""x_s"": 30, ""x_p"": 30, ""r_n"": 10, ""r_p"": 10}",6.0,4.0,3.98,4.18,4.5,4.053105045031039,5.0,1.2480454361705495,0.025221017098686627,0.4116279959556745,1.0,0.022104265789772638,0.3329034086313346,1.0,0.03500398101608012,0.6352647164202615,1.0,
4.0,3,full_fit,37,2.572456133588225,True,False,0,True,"{""x_n"": 30, ""x_s"": 30, ""x_p"": 30, ""r_n"": 10, ""r_p"": 10}",6.0,4.0,3.98,4.18,4.5,4.0531385424653426,5.0,1.2479894576977797,0.025220962233789546,0.41162872972598447,1.0,0.022103732471081185,0.3329315215631699,1.0,0.03500512877908557,0.6352082394256857,1.0,
4.0,3,full_fit,47,2.598199957068556,True,False,0,True,"{""x_n"": 30, ""x_s"": 30, ""x_p"": 30, ""r_n"": 10, ""r_p"": 10}",6.0,4.0,3.98,4.18,4.5,4.0,5.0,1.2502441967297528,0.025794606204929082,0.4113901779310309,1.0,0.023343824246385488,0.33323810126362546,1.0,0.033858499517790214,0.6337926710605046,1.0,
4.0,3,prefix_fit,7,0.8452382800202494,True,False,0,True,"{""x_n"": 30, ""x_s"": 30, ""x_p"": 30, ""r_n"": 10, ""r_p"": 10}",6.0,4.0,3.98,4.18,4.5,4.0,22.156639913188446,0.865654020271612,0.025533161268970938,0.6205762886851102,1.0,0.02306282787476469,0.16174377424474504,1.0,0.033637235194267964,1.3486739361797244,1.0,
4.0,3,prefix_fit,17,0.779152112607205,True,True,0,True,"{""x_n"": 30, ""x_s"": 30, ""x_p"": 30, ""r_n"": 10, ""r_p"": 10}",6.0,5.0,3.98,4.18,4.5,4.096293497150698,22.040323411385273,0.8668193633545515,0.027125506042834292,0.6237298706244301,1.0,0.0215872805476886,0.1617930854432114,1.0,0.04258418354882679,1.3558966788853914,1.0,
4.0,3,prefix_fit,27,0.8487341875113152,True,False,0,True,"{""x_n"": 30, ""x_s"": 30, ""x_p"": 30, ""r_n"": 10, ""r_p"": 10}",6.0,4.801957671794344,3.98,4.18,4.5,4.0,22.112984696532163,0.8678203500135889,0.02675689324814006,0.6209924482014821,1.0,0.02312945375848989,0.16176232695234577,1.0,0.03793095467592193,1.3496214185345006,1.0,
4.0,3,prefix_fit,37,0.8419265323031302,True,False,0,True,"{""x_n"": 30, ""x_s"": 30, ""x_p"": 30, ""r_n"": 10, ""r_p"": 10}",6.0,4.0,3.98,4.18,4.544344368246181,4.0,21.958528678909342,0.8661574645848779,0.03376598501979997,0.6229998969120691,1.0,0.022974562212639923,0.16176650307360174,1.0,0.05988288212179581,1.354232200747867,1.0,
4.0,3,prefix_fit,47,0.8439830592003115,True,False,0,True,"{""x_n"": 30, ""x_s"": 30, ""x_p"": 30, ""r_n"": 10, ""r_p"": 10}",6.0,4.313182541760285,3.98,4.18,4.541254978543071,4.0,21.939531784251816,0.8665614411993823,0.0338895673600293,0.6222710115655989,1.0,0.023014639492337053,0.16179058870645685,1.0,0.060169392214319925,1.3525459350603264,1.0,
5.0,1,full_fit,7,2.3156941039104764,True,False,0,True,"{""x_n"": 30, ""x_s"": 30, ""x_p"": 30, ""r_n"": 10, ""r_p"": 10}",6.0,4.571383961776707,3.98,4.18,6.195307018428818,5.425004525735671,7.697153209705473,1.2410054600043328,0.020649119147889642,0.4082719574483402,0.999664654594232,0.022297756846598973,0.2998671661721338,1.0,0.011960433435760132,0.6883876003149182,0.998324958123953,
5.0,1,full_fit,17,2.3507463443766943,True,False,0,True,"{""x_n"": 30, ""x_s"": 30, ""x_p"": 30, ""r_n"": 10, ""r_p"": 10}",5.488386117204862,4.550510951426903,3.98,4.18,6.194986083282028,5.465281816379039,7.392147474364544,1.2440513251715444,0.02152988699548688,0.4081358452037039,0.999664654594232,0.023262766707142325,0.3079947840293165,1.0,0.012366271683006686,0.6734623362766194,0.998324958123953,
5.0,1,full_fit,27,2.3100432597123493,True,True,0,True,"{""x_n"": 30, ""x_s"": 30, ""x_p"": 30, ""r_n"": 10, ""r_p"": 10}",5.944848776965584,4.277216619348511,3.98,4.18,6.197805586981084,5.453561579810551,7.107123731704847,1.2576934800643227,0.02066056289856414,0.40758590389237465,0.999664654594232,0.022170866949436496,0.30857671780956114,1.0,0.01296134227415047,0.6707249459346518,0.998324958123953,
5.0,1,full_fit,37,2.353803957891518,True,False,0,True,"{""x_n"": 30, ""x_s"": 30, ""x_p"": 30, ""r_n"": 10, ""r_p"": 10}",5.396478083305777,4.628136548985245,3.98,4.18,6.193092918759206,5.503265338781807,7.228165002169865,1.2554216687471296,0.021630487924759693,0.4077832909706708,0.999664654594232,0.023171272126322705,0.3049714571322837,1.0,0.013843511462826962,0.6778854296265191,0.998324958123953,
5.0,1,full_fit,47,2.341939452104069,True,False,0,True,"{""x_n"": 30, ""x_s"": 30, ""x_p"": 30, ""r_n"": 10, ""r_p"": 10}",5.474852176814293,4.343627956550242,3.98,4.18,6.196496482025145,5.495167593849668,6.768224556887092,1.2712706285984805,0.02145738266985848,0.40737776861762215,0.999664654594232,0.022999400136083037,0.31063556269168147,1.0,0.013641543412881417,0.6662746940180729,0.998324958123953,
5.0,1,prefix_fit,7,0.7048542265363187,True,False,0,True,"{""x_n"": 30, ""x_s"": 30, ""x_p"": 30, ""r_n"": 10, ""r_p"": 10}",6.0,5.0,3.98,4.18,5.792138745937409,5.6622809496786966,18.649664719668557,0.9704651588429637,0.08013141865734096,0.3019501136361043,0.937290409121395,0.020552207873933553,0.15369515823018706,1.0,0.2032624807794318,0.6957922643916193,0.6867671691792295,
5.0,1,prefix_fit,17,0.6998871464916472,True,True,0,True,"{""x_n"": 30, ""x_s"": 30, ""x_p"": 30, ""r_n"": 10, ""r_p"": 10}",6.0,4.0,3.98,4.18,5.838593062264959,5.631529026971151,18.116509350315816,0.9830757350605238,0.07586119560823724,0.31291284158661065,0.9426559356136821,0.020421172436357313,0.15408185202881008,1.0,0.18878459799772795,0.7163658710475823,0.7135678391959799,
5.0,1,prefix_fit,27,0.7309046961681934,True,False,0,True,"{""x_n"": 30, ""x_s"": 30, ""x_p"": 30, ""r_n"": 10, ""r_p"": 10}",5.31642466455544,4.189963415879138,3.98,4.18,5.807143703044061,5.72617171145681,18.742549166301046,0.9639777575985854,0.07922573177808619,0.3090871347500925,0.9382964453386988,0.02120711584497877,0.15390152669728246,1.0,0.1998160102576987,0.7144584005195178,0.6917922948073701,
5.0,1,prefix_fit,37,0.7009642867316309,True,False,0,True,"{""x_n"": 30, ""x_s"": 30, ""x_p"": 30, ""r_n"": 10, ""r_p"": 10}",6.0,4.512405573369773,3.98,4.18,5.827029533671214,5.63426563465083,18.54456056159361,0.9711632865247793,0.07661466576687584,0.3191609661558985,0.9419852448021462,0.02048284828652806,0.15374558457872575,1.0,0.1911217390936381,0.7361284337537162,0.7102177554438861,
5.0,1,prefix_fit,47,0.7219823595060488,True,False,0,True,"{""x_n"": 30, ""x_s"": 30, ""x_p"": 30, ""r_n"": 10, ""r_p"": 10}",5.580960534846342,4.796385206662831,3.98,4.18,5.803586276305483,5.707588660825938,18.68927590609223,0.9688042412560204,0.07876900321847638,0.3115826727793322,0.9389671361502347,0.020958109607125054,0.1539331221638732,1.0,0.19833744766642292,0.7203094883489253,0.695142378559464,
5.0,2,full_fit,7,1.895573693299831,True,False,0,True,"{""x_n"": 30, ""x_s"": 30, ""x_p"": 30, ""r_n"": 10, ""r_p"": 10}",6.0,4.514616529406577,3.98,4.18,5.836884623680709,5.455387000098943,8.831462165212264,1.4439263412033192,0.023583510853992667,0.3423340384101136,1.0,0.025297210057444904,0.2859027817129287,1.0,0.014879942100622712,0.5087978012111365,1.0,
5.0,2,full_fit,17,1.895830990107291,True,False,0,True,"{""x_n"": 30, ""x_s"": 30, ""x_p"": 30, ""r_n"": 10, ""r_p"": 10}",5.999909202846677,4.7676603444473535,3.98,4.18,5.835513412970985,5.449449225030099,7.986660038313238,1.473425775653109,0.02360379560989156,0.3419833612249641,1.0,0.02533524964787323,0.29146815480363164,1.0,0.014781674047550592,0.49480751864214945,1.0,
5.0,2,full_fit,27,1.893326434356638,True,True,0,True,"{""x_n"": 30, ""x_s"": 30, ""x_p"": 30, ""r_n"": 10, ""r_p"": 10}",6.0,4.336837725028014,3.98,4.18,5.840497269676596,5.447862671882639,8.425465929959808,1.4576650467942196,0.02356505969741754,0.3422788773270825,1.0,0.025272389708315763,0.28855523796962035,1.0,0.014902422563598191,0.5025903305807654,1.0,
5.0,2,full_fit,37,1.894347971476677,True,False,0,True,"{""x_n"": 30, ""x_s"": 30, ""x_p"": 30, ""r_n"": 10, ""r_p"": 10}",6.0,4.51219259982697,3.98,4.18,5.837813548088673,5.445846989525312,8.67235986593284,1.44813247745058,0.023589051157322453,0.34229069156276754,1.0,0.0252886210274046,0.28760814513211175,1.0,0.014981818482585101,0.5047952345988568,1.0,
5.0,2,full_fit,47,1.9507151629204942,True,False,0,True,"{""x_n"": 30, ""x_s"": 30, ""x_p"": 30, ""r_n"": 10, ""r_p"": 10}",5.200698750064878,4.862949348573054,3.98,4.18,5.8318589805261,5.54696324817837,8.68612671647658,1.4422510526004786,0.02469804003198581,0.34243905567482347,1.0,0.026686900263347982,0.2883682500580613,1.0,0.01419742992544469,0.5035634637121288,1.0,
5.0,2,prefix_fit,7,0.9439745695384126,True,False,0,True,"{""x_n"": 30, ""x_s"": 30, ""x_p"": 30, ""r_n"": 10, ""r_p"": 10}",6.0,4.0,3.98,4.18,5.515007607367646,5.587347756467798,23.138815518454678,1.121159917828213,0.08322227176451688,0.2996821584851382,0.9458689458689459,0.024064381963745402,0.17315286588046544,1.0,0.20419184995064626,0.6461789661363176,0.7295373665480427,
5.0,2,prefix_fit,17,0.946084197177808,True,False,0,True,"{""x_n"": 30, ""x_s"": 30, ""x_p"": 30, ""r_n"": 10, ""r_p"": 10}",5.999493677570632,4.284925470529753,3.98,4.18,5.516518234079992,5.580015727076678,23.251509951120507,1.116146652846765,0.08218594770579517,0.3025882978407274,0.9465811965811965,0.024105822554923932,0.17320558925837845,1.0,0.20101931433527462,0.6535660737653506,0.7330960854092526,
5.0,2,prefix_fit,27,0.9467319756750406,True,False,0,True,"{""x_n"": 30, ""x_s"": 30, ""x_p"": 30, ""r_n"": 10, ""r_p"": 10}",6.0,4.358115946307165,3.98,4.18,5.510642804063118,5.580636733655578,23.06680644475738,1.1238776977061748,0.08311075665683763,0.2983698895675013,0.9458689458689459,0.02412194743019263,0.1731522984729604,1.0,0.20386014119565782,0.6422338568482613,0.7295373665480427,
5.0,2,prefix_fit,37,0.943967080335884,True,True,0,True,"{""x_n"": 30, ""x_s"": 30, ""x_p"": 30, ""r_n"": 10, ""r_p"": 10}",6.0,4.0,3.98,4.18,5.514479980546767,5.584487057274588,23.138967330743444,1.1201473428772584,0.08290335361578907,0.2982844897114457,0.9455128205128205,0.024066223307941358,0.17314123966925313,1.0,0.20355567644495368,0.6426082763386686,0.7277580071174378,
5.0,2,prefix_fit,47,0.945208400505901,True,False,0,True,"{""x_n"": 30, ""x_s"": 30, ""x_p"": 30, ""r_n"": 10, ""r_p"": 10}",6.0,4.159829019830456,3.98,4.18,5.518452728450093,5.5782437054746925,23.020332156085452,1.1217876597060084,0.08211720161007742,0.2986971879091032,0.9465811965811965,0.02409252303455259,0.17317483579001441,1.0,0.20084667961138955,0.6419598262082918,0.7330960854092526,
5.0,3,full_fit,7,2.448946150639462,True,False,0,True,"{""x_n"": 30, ""x_s"": 30, ""x_p"": 30, ""r_n"": 10, ""r_p"": 10}",6.0,4.8416928757267925,3.98,4.18,5.569068012970065,5.280380467192877,5.29011184813003,1.6960906970076421,0.02263319813165962,0.4135125401077423,1.0,0.023309128717730932,0.34242795099354595,1.0,0.01970330354868789,0.6209949581299499,1.0,
5.0,3,full_fit,17,2.4505134621246536,True,False,0,True,"{""x_n"": 30, ""x_s"": 30, ""x_p"": 30, ""r_n"": 10, ""r_p"": 10}",5.909195068367938,4.358180764997255,3.98,4.18,5.573987349460089,5.307727426909322,7.330611979272197,1.6382917578515215,0.02269258981866494,0.4133186432777563,1.0,0.02346520197689209,0.32968119148929087,1.0,0.01930038728290047,0.6473445289688928,1.0,
5.0,3,full_fit,27,2.4485718119251483,True,True,0,True,"{""x_n"": 30, ""x_s"": 30, ""x_p"": 30, ""r_n"": 10, ""r_p"": 10}",6.0,4.291521548650796,3.98,4.18,5.575522453100932,5.279808559475787,5.0,1.7029273918024315,0.022593392341503957,0.4136982536632849,1.0,0.02323642484888763,0.34395708692221966,1.0,0.019817822101128178,0.6182310004174535,1.0,
5.0,3,full_fit,37,2.45377929006752,True,False,0,True,"{""x_n"": 30, ""x_s"": 30, ""x_p"": 30, ""r_n"": 10, ""r_p"": 10}",5.907522387461454,4.424959979930741,3.98,4.18,5.57409354249903,5.297107645564166,5.023337154826841,1.7010067855676898,0.022694023227862882,0.41372174472512824,1.0,0.023434813104580562,0.34403090165747713,1.0,0.019455663707054708,0.6181454485732282,1.0,
5.0,3,full_fit,47,2.4513197085535765,True,False,0,True,"{""x_n"": 30, ""x_s"": 30, ""x_p"": 30, ""r_n"": 10, ""r_p"": 10}",5.8838018787345945,4.5011861128362245,3.98,4.18,5.573482115469981,5.292184821760283,6.602010843321508,1.6559791813811855,0.022721528660296267,0.4133174362555894,1.0,0.023437721828474374,0.33569859497984805,1.0,0.019601457513340546,0.6348676484025308,1.0,
5.0,3,prefix_fit,7,0.7776932042551702,True,False,0,True,"{""x_n"": 30, ""x_s"": 30, ""x_p"": 30, ""r_n"": 10, ""r_p"": 10}",6.0,4.254002819673525,3.98,4.18,5.249902789409656,5.398545918851257,30.506240556184498,1.1498119456113958,0.08627945636140717,0.33921989455605006,0.9443406798655211,0.021646407433745334,0.16108012332609953,1.0,0.21455798968796422,0.7798250550227515,0.7220149253731343,
5.0,3,prefix_fit,17,0.7774690854485922,True,False,0,True,"{""x_n"": 30, ""x_s"": 30, ""x_p"": 30, ""r_n"": 10, ""r_p"": 10}",6.0,4.215616959106322,3.98,4.18,5.266292689653479,5.393155958987786,30.592783102957164,1.1495250116340443,0.08433856622381805,0.35407740266762977,0.9473290997385133,0.021638996255891163,0.1610868937386104,1.0,0.20767572781928487,0.8150228464168447,0.7369402985074627,
5.0,3,prefix_fit,27,0.7772962790379843,True,False,0,True,"{""x_n"": 30, ""x_s"": 30, ""x_p"": 30, ""r_n"": 10, ""r_p"": 10}",6.0,4.205603741790692,3.98,4.18,5.250305731794237,5.396300416590097,30.4812074881884,1.1523003795516924,0.0864554757862553,0.3394079646789895,0.9443406798655211,0.021643760243148544,0.1610355828952802,1.0,0.21502180717756353,0.780410279445925,0.7220149253731343,
5.0,3,prefix_fit,37,0.7760258250494521,True,True,0,True,"{""x_n"": 30, ""x_s"": 30, ""x_p"": 30, ""r_n"": 10, ""r_p"": 10}",6.0,4.030730679293087,3.98,4.18,5.259263784197578,5.3970411274176335,30.452791507803877,1.1556256316406774,0.08543520187247086,0.34486904100795857,0.9454613373178932,0.021612283962538417,0.16103594230242094,1.0,0.21167323172491787,0.79340546505549,0.7276119402985075,
5.0,3,prefix_fit,47,0.7899376693006952,True,False,0,True,"{""x_n"": 30, ""x_s"": 30, ""x_p"": 30, ""r_n"": 10, ""r_p"": 10}",5.809676075795747,4.474414409722347,3.98,4.18,5.220217663778252,5.451706374103068,30.369254361287854,1.1599364460190429,0.0896779441281411,0.3202781282951464,0.9398580500560328,0.02191283785333447,0.1610135936370999,1.0,0.22630928131450456,0.7349924535772244,0.6996268656716418,
