time_s,voltage_V,temperature_C
0.0,4.1189,25.0
1.0,4.1189,25.0
2.0,4.113955585374035,24.9
3.0,4.110272358269037,25.0
4.0,4.10669647769205,25.0
5.0,4.1036199597450524,25.0
6.0,4.10110318685005,24.9
7.0,4.098457497484066,25.0
8.0,4.096190405904059,25.0
9.0,4.094134015431063,24.9
10.0,4.092038007380074,25.0
11.0,4.090101107011071,25.0
12.0,4.08850382422006,25.0
13.0,4.0868285810130836,25.0
14.0,4.085204461590071,24.9
15.0,4.083556055015096,24.9
16.0,4.081905098960081,25.0
17.0,4.0805413619590745,24.9
18.0,4.079324589064072,25.0
19.0,4.078019792016102,25.0
20.0,4.0765063737001,25.0
21.0,4.075115800067092,25.0
22.0,4.073885608856089,25.0
23.0,4.07279439785307,25.0
24.0,4.071846628648105,25.0
25.0,4.070606373700101,25.0
26.0,4.069484971486078,25.0
27.0,4.068549178128145,25.0
28.0,4.067045353908084,25.0
29.0,4.066172827910098,25.0
30.0,4.065206373700101,24.9
31.0,4.064047903388125,25.0
32.0,4.063166118752097,25.0
33.0,4.062207011070111,25.0
34.0,4.061326501174103,25.0
35.0,4.060208923180141,25.0
36.0,4.059207648440121,25.0
37.0,4.058317074807111,25.0
38.0,4.057447266018115,25.0
39.0,4.056784971486079,25.0
40.0,4.055941831600134,25.0
41.0,4.055225226434082,25.0
42.0,4.054468030862127,25.0
43.0,4.053542468970144,25.0
44.0,4.052785608856088,25.0
45.0,4.051911472660182,25.0
46.0,4.051025863804092,25.0
47.0,4.050276652130157,25.0
48.0,4.049466118752097,25.0
49.0,4.048779369339148,25.0
50.0,4.0480063737001,25.0
51.0,4.04739758470312,25.0
52.0,4.046669942972157,25.0
53.0,4.0458667561221064,25.0
54.0,4.045286883596109,25.0
55.0,4.0446450184501845,25.0
56.0,4.043690707816169,25.0
57.0,4.042873633009058,25.0
58.0,4.042567393492117,25.0
59.0,4.041981281449178,25.0
60.0,4.041111472660181,25.0
61.0,4.040432405233143,25.0
62.0,4.039847903388124,25.0
63.0,4.039268030862127,25.0
64.0,4.038688158336129,25.0
65.0,4.038108285810131,25.0
66.0,4.037449815498155,25.2
67.0,4.036848540758134,25.2
68.0,4.036053002348205,25.1
69.0,4.0353887957061385,25.0
70.0,4.034743743710164,25.0
71.0,4.034129050654143,25.0
72.0,4.033549178128145,25.0
73.0,4.033134652801073,25.0
74.0,4.032689433076149,25.0
75.0,4.0321095605501505,25.0
76.0,4.031619792016102,25.1
77.0,4.031149815498154,25.2
78.0,4.030569942972157,25.2
79.0,4.029990070446159,25.2
80.0,4.0294101979201615,25.2
81.0,4.028717208990272,25.2
82.0,4.027850452868165,25.2
83.0,4.0273352901710835,25.0
84.0,4.027045353908084,25.2
85.0,4.026710835290171,25.0
86.0,4.0261309627641735,25.2
87.0,4.025567393492117,25.2
88.0,4.0251712177121775,25.2
89.0,4.02459567259309,25.2
90.0,4.024305736330091,25.2
91.0,4.023731600134183,25.2
92.0,4.023425863804092,25.2
93.0,4.022871855082188,25.2
94.0,4.022545991278094,25.2
95.0,4.021930795035223,25.2
96.0,4.021566118752096,25.0
97.0,4.021052364978195,25.1
98.0,4.020472492452197,25.2
99.0,4.0198926199262,25.2
100.0,4.019506373700101,25.2
101.0,4.018971687353237,25.2
102.0,4.018526501174103,25.2
103.0,4.018236564911104,25.2
104.0,4.0179466286481045,25.2
105.0,4.017513384770211,25.2
106.0,4.017066756122106,25.2
107.0,4.016653639718215,25.2
108.0,4.0161491781281455,25.2
109.0,4.015693894666219,25.2
110.0,4.01520701107011,25.2
111.0,4.014917074807111,25.2
112.0,4.014627138544113,25.2
113.0,4.014274404562228,25.2
114.0,4.013747266018115,25.2
115.0,4.01340043609527,25.2
116.0,4.0128,25.2
117.0,4.0127323716873535,25.2
118.0,4.011887520966119,25.2
119.0,4.01159758470312,25.2
120.0,4.011307648440121,25.2
121.0,4.0110177121771216,25.2
122.0,4.010455551828246,25.1
123.0,4.010137839651124,25.2
124.0,4.009763871184166,25.1
125.0,4.009457967125126,25.1
126.0,4.0089360617242535,25.2
127.0,4.008578094599128,25.1
128.0,4.008288158336129,25.1
129.0,4.00799822207313,25.2
130.0,4.007708285810131,25.1
131.0,4.007418349547132,25.1
132.0,4.007128413284133,25.1
133.0,4.006623113049312,25.2
134.0,4.006148540758135,25.3
135.0,4.005858604495136,25.3
136.0,4.0055686682321365,25.3
137.0,4.005278731969137,25.2
138.0,4.004877591412278,25.2
139.0,4.00439885944314,25.1
140.0,4.004108923180141,25.1
141.0,4.003791982556189,25.2
142.0,4.003429050654143,25.3
143.0,4.003139114391144,25.3
144.0,4.0028491781281454,25.3
145.0,4.002559241865146,25.3
146.0,4.002269305602147,25.3
147.0,4.001979369339148,25.3
148.0,4.001689433076149,25.3
149.0,4.00139949681315,25.1
150.0,4.001109560550151,25.3
151.0,4.000819624287152,25.3
152.0,4.000439584032204,25.3
153.0,4.000139751761154,25.3
154.0,3.999849815498155,25.3
155.0,3.999559879235156,25.1
156.0,3.999269942972157,25.3
157.0,3.998980006709158,25.2
158.0,3.998690070446159,25.2
159.0,3.99840013418316,25.3
160.0,3.998110197920161,25.3
161.0,3.997820261657162,25.3
162.0,3.9974737671922176,25.3
163.0,3.997140389131164,25.3
164.0,3.99670090573633,25.3
165.0,3.9964,25.3
166.0,3.996270580342167,25.3
167.0,3.995980644079168,25.3
168.0,3.995690707816169,25.3
169.0,3.99540077155317,25.3
170.0,3.995110835290171,25.3
171.0,3.994820899027172,25.3
172.0,3.994507950352231,25.3
173.0,3.994141026501174,25.3
174.0,3.9939,25.5
175.0,3.993861153975176,25.3
176.0,3.993571217712177,25.3
177.0,3.9932812814491783,25.3
178.0,3.992991345186179,25.3
179.0,3.9927014089231805,25.5
180.0,3.992411472660181,25.3
181.0,3.9921215363971823,25.5
182.0,3.9921,25.3
183.0,3.991841663871184,25.5
184.0,3.991551727608185,25.5
185.0,3.991182388460248,25.5
186.0,3.990871855082187,25.3
187.0,3.9908,25.4
188.0,3.9903839651123785,25.4
189.0,3.9902,25.3
190.0,3.9900121100301913,25.4
191.0,3.989722173767192,25.5
192.0,3.9896,25.5
193.0,3.989442301241194,25.5
194.0,3.9890047299563904,25.5
195.0,3.988562428715196,25.4
196.0,3.9884,25.4
197.0,3.988243408252264,25.5
198.0,3.9878926199261993,25.5
199.0,3.9876026836632,25.5
200.0,3.9873127474002015,25.5
201.0,3.9871,25.5
202.0,3.987032874874203,25.5
203.0,3.9867429386112043,25.5
204.0,3.986453002348205,25.5
205.0,3.9862,25.5
206.0,3.9861731298222076,25.5
207.0,3.9858831935592085,25.5
208.0,3.985593257296209,25.5
209.0,3.9853033210332103,25.5
210.0,3.9853,25.5
211.0,3.984931264676283,25.5
212.0,3.9846335122442134,25.5
213.0,3.9846,25.5
214.0,3.9843536397182153,25.5
215.0,3.984063703455216,25.7
216.0,3.984,25.5
217.0,3.983783830929218,25.5
218.0,3.9837,25.5
219.0,3.9833079168064405,25.5
220.0,3.9831,25.5
221.0,3.9829240858772224,25.5
222.0,3.9826341496142232,25.6
223.0,3.9825,25.6
224.0,3.9823542770882256,25.6
225.0,3.982019121100302,25.7
226.0,3.981674404562227,25.7
227.0,3.9815,25.6
228.0,3.9813945320362296,25.5
229.0,3.9810091915464607,25.5
230.0,3.9806,25.6
231.0,3.9805247232472323,25.7
232.0,3.9803,25.7
233.0,3.9802448507212347,25.7
234.0,3.9799549144582356,25.5
235.0,3.9797,25.5
236.0,3.9796750419322375,25.7
237.0,3.9793851056692384,25.5
238.0,3.9790935592083194,25.7
239.0,3.9787069775243205,25.7
240.0,3.9787,25.7
241.0,3.978425360617243,25.7
242.0,3.9781354243542437,25.7
243.0,3.9781,25.7
244.0,3.9778555518282452,25.7
245.0,3.9775656155652466,25.7
246.0,3.9775,25.7
247.0,3.9772857430392485,25.7
248.0,3.9769958067762494,25.7
249.0,3.9769,25.7
250.0,3.9767159342502514,25.6
251.0,3.9764259979872527,25.6
252.0,3.9763,25.7
253.0,3.9761461254612547,25.7
254.0,3.976,25.7
255.0,3.975821670580342,25.7
256.0,3.9754763166722578,25.7
257.0,3.9753,25.7
258.0,3.9751964441462597,25.7
259.0,3.9749065078832606,25.7
260.0,3.9747,25.7
261.0,3.9746266353572626,25.7
262.0,3.974336699094264,25.7
263.0,3.9741,25.7
264.0,3.974056826568266,25.7
265.0,3.9737668903052668,25.7
266.0,3.9735,25.7
267.0,3.9734870177792687,25.7
268.0,3.973193190204629,25.7
269.0,3.972516672257632,25.7
270.0,3.9725,25.7
271.0,3.9722272727272725,25.7
272.0,3.971937336464274,25.7
273.0,3.9719,25.7
274.0,3.971657463938276,25.9
275.0,3.9716,25.7
276.0,3.9713775914122778,25.7
277.0,3.9713,25.7
278.0,3.9710977188862797,25.7
279.0,3.9708077826232806,25.7
280.0,3.970517846360282,25.7
281.0,3.9704,25.7
282.0,3.970237973834284,25.7
283.0,3.9701,25.7
284.0,3.969958101308286,25.7
285.0,3.9698,25.8
286.0,3.969637638376384,25.8
287.0,3.969288292519289,25.8
288.0,3.9691,25.9
289.0,3.969008419993291,25.9
290.0,3.968718483730292,25.9
291.0,3.9685,25.9
292.0,3.9684386112042938,25.7
293.0,3.9681486749412946,25.7
294.0,3.967858738678296,25.9
295.0,3.9676,25.9
296.0,3.9676,25.7
297.0,3.967588929889299,25.7
298.0,3.9672989936263,25.9
299.0,3.967009057363301,25.7
300.0,3.967,25.7
301.0,3.9667291848373027,25.9
302.0,3.966352331432405,25.9
303.0,3.9663,25.7
304.0,3.9660593760483063,25.9
305.0,3.966,25.7
306.0,3.965779503522308,25.8
307.0,3.9654895672593087,25.9
308.0,3.9654,25.9
309.0,3.965019389466622,25.9
310.0,3.9646197584703122,25.8
311.0,3.9645,25.8
312.0,3.9645,25.9
313.0,3.964349949681315,25.9
314.0,3.964060013418316,25.9
315.0,3.963770077155317,25.9
316.0,3.9636,25.9
317.0,3.9634536061724255,25.9
318.0,3.9632,25.9
319.0,3.963110332103321,25.9
320.0,3.962820395840322,25.9
321.0,3.9626,25.9
322.0,3.962540523314324,25.9
323.0,3.962250587051325,25.9
324.0,3.962,25.9
325.0,3.9619707145253273,25.9
326.0,3.9616807782623282,25.9
327.0,3.9614,25.9
328.0,3.9614,25.9
329.0,3.961110969473331,25.9
330.0,3.9611,25.9
331.0,3.960831096947333,25.9
332.0,3.9608,25.9
333.0,3.960551224421335,25.9
334.0,3.9601817175444483,25.9
335.0,3.9601,25.9
336.0,3.959881415632338,25.9
337.0,3.959591479369339,25.9
338.0,3.9595,26.0
339.0,3.959311606843341,26.0
340.0,3.9590216705803423,26.0
341.0,3.9589,26.0
342.0,3.9587417980543442,26.0
343.0,3.9586,26.0
344.0,3.958461925528346,26.0
345.0,3.958171989265347,26.0
346.0,3.958,25.9
347.0,3.9578921167393495,25.9
348.0,3.9577,25.9
349.0,3.9574074807111708,26.0
350.0,3.9567,26.0
351.0,3.9566323716873533,25.9
352.0,3.9564,26.1
353.0,3.9563524991613552,26.1
354.0,3.9561,26.1
355.0,3.9560726266353576,26.1
356.0,3.955782690372358,26.1
357.0,3.9555,26.1
358.0,3.9555,26.1
359.0,3.9552128815833614,25.9
360.0,3.9549229453203623,26.1
361.0,3.9549,26.1
362.0,3.9546430727943642,26.1
363.0,3.9546,26.3
364.0,3.954363200268366,26.1
365.0,3.95399768534049,26.1
366.0,3.9539,26.1
367.0,3.9536933914793693,26.1
368.0,3.95340345521637,26.1
369.0,3.9533,26.1
370.0,3.953123582690372,26.1
371.0,3.9528336464273734,26.1
372.0,3.9525437101643743,26.2
373.0,3.9524,26.2
374.0,3.9522638376383763,26.1
375.0,3.9521,26.1
376.0,3.9519839651123787,26.1
377.0,3.9518,26.1
378.0,3.9517040925863802,26.1
379.0,3.951414156323381,26.1
380.0,3.9510989600805098,26.1
381.0,3.9508,26.1
382.0,3.9507443475343846,26.1
383.0,3.9504544112713855,26.1
384.0,3.9502,26.3
385.0,3.9501745387453875,26.1
386.0,3.9498846024823884,26.3
387.0,3.9496,26.1
388.0,3.9496,26.3
389.0,3.9490295873867827,26.3
390.0,3.9487248574303924,26.3
391.0,3.9484349211673933,26.3
392.0,3.9484,26.3
393.0,3.9481550486413957,26.3
394.0,3.9477868165045287,26.3
395.0,3.9477,26.3
396.0,3.9474852398523987,26.2
397.0,3.9471953035893996,26.2
398.0,3.9471,26.3
399.0,3.9469154310634016,26.3
400.0,3.9466254948004025,26.3
401.0,3.946335558537404,26.3
402.0,3.9462,26.3
403.0,3.9460556860114058,26.3
404.0,3.9459,26.3
405.0,3.945651626970815,26.3
406.0,3.9453,26.3
407.0,3.9451959409594095,26.3
408.0,3.944874672928547,26.3
409.0,3.9446,26.3
410.0,3.9445261321704126,26.3
411.0,3.944236195907414,26.3
412.0,3.943946259644415,26.3
413.0,3.9436563233814157,26.3
414.0,3.9434,26.3
415.0,3.9433764508554177,26.3
416.0,3.9430865145924185,26.3
417.0,3.9428,26.3
418.0,3.9428,26.3
419.0,3.9425167058034214,26.3
420.0,3.9422267695404227,26.3
421.0,3.9422,26.3
422.0,3.9419468970144247,26.3
423.0,3.9415759476685674,26.3
424.0,3.9410340489768534,26.3
425.0,3.940677088225428,26.3
426.0,3.9403871519624287,26.4
427.0,3.9403,26.4
428.0,3.9401072794364307,26.3
429.0,3.939817343173432,26.3
430.0,3.939527406910433,26.3
431.0,3.939237470647434,26.3
432.0,3.9391,26.3
433.0,3.9389575981214358,26.3
434.0,3.9386235491445825,26.4
435.0,3.9382777255954378,26.4
436.0,3.9379877893324386,26.3
437.0,3.9378,26.3
438.0,3.937707916806441,26.4
439.0,3.937417980543442,26.5
440.0,3.937128044280443,26.5
441.0,3.9368381080174437,26.5
442.0,3.9365481717544446,26.3
443.0,3.9363,26.5
444.0,3.936268299228447,26.5
445.0,3.935978362965448,26.5
446.0,3.9356845689365985,26.5
447.0,3.9352984904394495,26.5
448.0,3.935008554176451,26.5
449.0,3.9347186179134517,26.5
450.0,3.9347,26.5
451.0,3.934438745387454,26.5
452.0,3.934148809124455,26.5
453.0,3.933858872861456,26.5
454.0,3.9333378731969137,26.5
455.0,3.932979000335458,26.5
456.0,3.9329,26.5
457.0,3.93269912780946,26.5
458.0,3.9323455887286145,26.5
459.0,3.932019255283462,26.5
460.0,3.931729319020463,26.5
461.0,3.9314393827574636,26.5
462.0,3.931149446494465,26.5
463.0,3.930859510231466,26.6
464.0,3.9305695739684667,26.6
465.0,3.9304,26.5
466.0,3.930179402884938,26.6
467.0,3.9298,26.7
468.0,3.929589600805099,26.6
469.0,3.929019892653472,26.4
470.0,3.9287299563904727,26.5
471.0,3.9285,26.4
472.0,3.928450083864475,26.5
473.0,3.928160147601476,26.6
474.0,3.9278702113384774,26.4
475.0,3.927580275075478,26.5
476.0,3.9272903388124787,26.5
477.0,3.92700040254948,26.4
478.0,3.926710466286481,26.5
479.0,3.9264205300234822,26.4
480.0,3.926040791680644,26.5
481.0,3.9257406574974842,26.6
482.0,3.9252014424689703,26.4
483.0,3.924860784971486,26.6
484.0,3.924570848708487,26.6
485.0,3.924280912445488,26.6
486.0,3.9239909761824894,26.6
487.0,3.9237010399194903,26.6
488.0,3.923411103656491,26.6
489.0,3.923061556524656,26.5
490.0,3.922731231130493,26.5
491.0,3.922441294867494,26.6
492.0,3.9221513586044954,26.6
493.0,3.9218614223414963,26.5
494.0,3.9217,26.5
495.0,3.9214630996309965,26.6
496.0,3.920991613552499,26.6
497.0,3.9207016772895003,26.6
498.0,3.920411741026501,26.6
499.0,3.9200957396846694,26.6
500.0,3.919731868500503,26.6
501.0,3.9194419322375045,26.6
502.0,3.9191519959745054,26.6
503.0,3.9188620597115063,26.6
504.0,3.918572123448507,26.6
505.0,3.918282187185508,26.6
506.0,3.9179845018450186,26.6
507.0,3.917404629319021,26.6
508.0,3.9171123783965114,26.6
509.0,3.916729922844683,26.6
510.0,3.916432505870513,26.6
511.0,3.9161425696075143,26.6
512.0,3.915852633344515,26.6
513.0,3.9155626970815165,26.6
514.0,3.9152727608185174,26.6
515.0,3.9149828245555183,26.6
516.0,3.914692888292519,26.6
517.0,3.914205904059041,26.6
518.0,3.913750687688695,26.6
519.0,3.9134230795035223,26.6
520.0,3.913133143240523,26.6
521.0,3.912843206977524,26.6
522.0,3.9125532707145254,26.6
523.0,3.9122633344515263,26.6
524.0,3.911973398188527,26.6
525.0,3.9115669238510566,26.6
526.0,3.911093525662529,26.7
527.0,3.910771452532707,26.6
528.0,3.910413653136531,26.7
529.0,3.9101237168735326,26.7
530.0,3.9097675612210665,26.7
531.0,3.909243844347534,26.7
532.0,3.908953908084535,26.7
533.0,3.9086639718215364,26.7
534.0,3.9083740355585372,26.6
535.0,3.9080840992955386,26.7
536.0,3.907792217376719,26.7
537.0,3.9074056356927205,26.7
538.0,3.907114290506541,26.7
539.0,3.906548708487085,26.7
540.0,3.9062344179805435,26.7
541.0,3.9059444817175444,26.7
542.0,3.9056545454545457,26.7
543.0,3.9053646091915466,26.7
544.0,3.9050746729285475,26.7
545.0,3.90449771888628,26.7
546.0,3.9040948004025493,26.7
547.0,3.9038048641395506,26.7
548.0,3.9035149278765515,26.7
549.0,3.9032249916135524,26.7
550.0,3.9029350553505533,26.7
551.0,3.902490238175109,26.7
552.0,3.9020551828245553,26.7
553.0,3.9015855753102984,26.7
554.0,3.9010753102985576,26.7
555.0,3.9007853740355585,26.7
556.0,3.9004954377725594,26.7
557.0,3.9002055015095607,26.7
558.0,3.8998311304931232,26.7
559.0,3.8993256289835623,26.7
560.0,3.8990356927205636,26.9
561.0,3.898727675276753,26.7
562.0,3.898311640389131,26.7
563.0,3.8977658839315668,26.7
564.0,3.8974759476685676,26.7
565.0,3.897186011405569,26.7
566.0,3.89689607514257,26.7
567.0,3.8966061388795703,26.7
568.0,3.8963162026165716,26.7
569.0,3.8960262663535725,26.9
570.0,3.8953847702113387,26.7
571.0,3.895046393827575,26.7
572.0,3.8947564575645757,26.7
573.0,3.8944665213015766,26.7
574.0,3.893729755115733,26.8
575.0,3.893286648775579,26.9
576.0,3.8929967125125797,26.8
577.0,3.892449144582355,26.8
578.0,3.8920168399865815,26.9
579.0,3.891726903723583,26.9
580.0,3.8914369674605838,26.8
581.0,3.8911470311975846,26.8
582.0,3.8907141898691715,26.9
583.0,3.8904,26.8
584.0,3.8901544448171754,26.8
585.0,3.889687286145589,26.9
586.0,3.8893631331767864,26.9
587.0,3.8889148272391814,26.9
588.0,3.8884174773565916,26.9
589.0,3.8881275410935925,26.9
590.0,3.887837604830594,26.9
591.0,3.8875476685675947,26.9
592.0,3.887215464609192,26.9
593.0,3.8866677960415967,26.9
594.0,3.886370479704797,26.9
595.0,3.8859637705467964,26.9
596.0,3.8850979872525997,26.9
597.0,3.8848080509896006,26.9
598.0,3.884518114726602,26.9
599.0,3.884228178463603,26.9
600.0,3.883938242200604,26.9
601.0,3.883648305937605,26.7
602.0,3.8830361959074136,26.7
603.0,3.882668433411607,26.9
604.0,3.882156994297216,26.9
605.0,3.882,26.9
606.0,3.8815972492452198,26.9
607.0,3.881208688359611,26.9
608.0,3.880918752096612,26.9
609.0,3.880628815833613,26.9
610.0,3.8801240523314324,26.9
611.0,3.879648943307615,26.9
612.0,3.879359007044616,26.9
613.0,3.878938141563234,26.9
614.0,3.878479134518618,26.9
615.0,3.8780783965112375,26.9
616.0,3.87759926199262,26.9
617.0,3.877188426702449,26.9
618.0,3.876619389466622,26.9
619.0,3.8763294532036228,26.9
620.0,3.876039516940624,26.9
621.0,3.875749580677625,26.9
622.0,3.875419288829252,27.1
623.0,3.8748697081516266,26.9
624.0,3.874579771888628,27.1
625.0,3.8742762831264677,27.1
626.0,3.87359989936263,27.1
627.0,3.873309963099631,27.1
628.0,3.8730200268366324,27.1
629.0,3.8727300905736333,27.1
630.0,3.8721803086212683,27.1
631.0,3.871850218047635,27.1
632.0,3.871560281784636,27.1
633.0,3.871040691043274,27.1
634.0,3.8706072123448507,27.1
635.0,3.870290472995639,27.1
636.0,3.8698010734652803,27.1
637.0,3.869410600469641,27.1
638.0,3.868941328413284,27.1
639.0,3.868530727943643,27.1
640.0,3.868240791680644,27.0
641.0,3.8677519959745053,27.0
642.0,3.867260919154646,27.1
643.0,3.8669709828916474,27.1
644.0,3.866681046628648,27.1
645.0,3.866282220731298,27.1
646.0,3.86580117410265,27.1
647.0,3.8655112378396512,27.1
648.0,3.865221301576652,27.1
649.0,3.864839852398524,27.1
650.0,3.8642414290506544,27.1
651.0,3.8639514927876553,27.1
652.0,3.8636231130493126,27.1
653.0,3.8630716202616573,27.1
654.0,3.862781683998658,27.1
655.0,3.8624752432069775,27.3
656.0,3.8616054344179807,27.1
657.0,3.861215833612882,27.1
658.0,3.860921938946662,27.1
659.0,3.860632002683663,27.1
660.0,3.8600841328413282,27.1
661.0,3.8597521301576654,27.3
662.0,3.8594621938946663,27.1
663.0,3.859172257631667,27.1
664.0,3.8586646427373363,27.1
665.0,3.858223180140892,27.2
666.0,3.8579024488426703,27.3
667.0,3.857612512579671,27.3
668.0,3.8573225763166725,27.3
669.0,3.8568652801073466,27.2
670.0,3.856442703790674,27.1
671.0,3.856005535055351,27.2
672.0,3.8557,27.2
673.0,3.8554034216705806,27.2
674.0,3.854882958738678,27.2
675.0,3.854593022475679,27.2
676.0,3.854109258638041,27.3
677.0,3.8534131499496813,27.2
678.0,3.8531232136866826,27.2
679.0,3.852833277423683,27.3
680.0,3.8524677960415965,27.3
681.0,3.8518534048976854,27.1
682.0,3.8515634686346862,27.3
683.0,3.851247064743375,27.1
684.0,3.8507,27.3
685.0,3.8506873196913785,27.3
686.0,3.8501074471653807,27.3
687.0,3.8498137873196914,27.3
688.0,3.8495238510566923,27.3
689.0,3.848879134518618,27.3
690.0,3.8485439785306945,27.3
691.0,3.8482540422676954,27.3
692.0,3.8477282120093927,27.3
693.0,3.8476,27.3
694.0,3.8471684669573967,27.3
695.0,3.846794297215699,27.3
696.0,3.8460478698423346,27.3
697.0,3.8457,27.3
698.0,3.845348976853405,27.3
699.0,3.8449345521637035,27.3
700.0,3.8446446159007044,27.3
701.0,3.844209359275411,27.3
702.0,3.8437647433747064,27.3
703.0,3.8434748071117073,27.3
704.0,3.8431848708487086,27.3
705.0,3.842859912780946,27.3
706.0,3.8425049983227106,27.3
707.0,3.842130124119423,27.3
708.0,3.8416251257967127,27.3
709.0,3.8413351895337136,27.3
710.0,3.840990506541429,27.3
711.0,3.8404553170077156,27.3
712.0,3.8401653807447165,27.3
713.0,3.839867259308957,27.3
714.0,3.8394710164374373,27.3
715.0,3.8388955719557196,27.3
716.0,3.8386056356927205,27.3
717.0,3.838031398859443,27.3
718.0,3.8377257631667225,27.3
719.0,3.837435826903724,27.3
720.0,3.8371458906407248,27.5
721.0,3.8368559543777256,27.3
722.0,3.8362540422676954,27.3
723.0,3.8358760818517275,27.3
724.0,3.835586145588729,27.3
725.0,3.8350924186514592,27.4
726.0,3.834706273062731,27.4
727.0,3.8344163367997317,27.3
728.0,3.8341264005367326,27.3
729.0,3.8338364642737335,27.3
730.0,3.8334953706809793,27.3
731.0,3.833156591747736,27.3
732.0,3.8327333109694735,27.3
733.0,3.8322767192217375,27.3
734.0,3.831986782958739,27.4
735.0,3.8316968466957397,27.5
736.0,3.8313138208654816,27.4
737.0,3.8308169741697418,27.4
738.0,3.830429755115733,27.5
739.0,3.8298371016437436,27.3
740.0,3.8294943307614897,27.5
741.0,3.829,27.5
742.0,3.8289672928547467,27.3
743.0,3.8286773565917476,27.5
744.0,3.828374840657497,27.5
745.0,3.8277974840657496,27.5
746.0,3.827507547802751,27.3
747.0,3.8271234820530027,27.5
748.0,3.826827675276753,27.3
749.0,3.826537739013754,27.5
750.0,3.8262478027507547,27.3
751.0,3.8257157329755116,27.5
752.0,3.8253679302247567,27.5
753.0,3.825077993961758,27.5
754.0,3.824788057698759,27.5
755.0,3.82449812143576,27.5
756.0,3.8239524320697753,27.4
757.0,3.8237,27.5
758.0,3.823356625293526,27.5
759.0,3.822938376383764,27.4
760.0,3.8224968802415296,27.4
761.0,3.822058503857766,27.5
762.0,3.821768567594767,27.5
763.0,3.821316806440792,27.4
764.0,3.8209,27.4
765.0,3.82069751761154,27.4
766.0,3.820208822542771,27.4
767.0,3.8199188862797717,27.5
768.0,3.819628950016773,27.4
769.0,3.819339013753774,27.4
770.0,3.819049077490775,27.5
771.0,3.8187591412277757,27.4
772.0,3.8184692049647766,27.4
773.0,3.8181723582690372,27.4
774.0,3.817778664877558,27.4
775.0,3.81719939617578,27.4
776.0,3.816909459912781,27.4
777.0,3.816619523649782,27.4
778.0,3.816329587386783,27.4
779.0,3.8160396511237837,27.4
780.0,3.815749714860785,27.4
781.0,3.815459778597786,27.4
782.0,3.8151698423347873,27.4
783.0,3.8143663535726264,27.4
784.0,3.8141,27.4
785.0,3.81390003354579,27.4
786.0,3.813610097282791,27.4
787.0,3.813140322039584,27.4
788.0,3.8129,27.4
789.0,3.812580576987588,27.4
790.0,3.812150352230795,27.5
791.0,3.811813887957061,27.5
792.0,3.811470479704797,27.5
793.0,3.811180543441798,27.5
794.0,3.810890607178799,27.4
795.0,3.8105013418316003,27.4
796.0,3.8101,27.5
797.0,3.809941596779604,27.5
798.0,3.8095,27.4
799.0,3.8094409258638042,27.4
800.0,3.809085642401879,27.6
801.0,3.808461053337806,27.4
802.0,3.808171117074807,27.6
803.0,3.8078811808118083,27.4
804.0,3.807591244548809,27.4
805.0,3.8073013082858105,27.6
806.0,3.807011372022811,27.6
807.0,3.806442871519624,27.6
808.0,3.806131499496813,27.6
809.0,3.8058415632338143,27.4
810.0,3.805468835961087,27.6
811.0,3.8051616907078163,27.4
812.0,3.804871754444817,27.4
813.0,3.804581818181818,27.4
814.0,3.804291881918819,27.4
815.0,3.8040019456558203,27.5
816.0,3.803712009392821,27.6
817.0,3.803422073129822,27.6
818.0,3.8031321368668234,27.6
819.0,3.8028422006038243,27.6
820.0,3.8025030191211004,27.5
821.0,3.8021623280778263,27.5
822.0,3.801872391814827,27.6
823.0,3.801582455551828,27.6
824.0,3.8012925192888294,27.6
825.0,3.8010025830258303,27.5
826.0,3.8006252935256626,27.5
827.0,3.8002,27.5
828.0,3.800132774236833,27.4
829.0,3.7998428379738343,27.6
830.0,3.7995372022811136,27.6
831.0,3.7991629654478363,27.6
832.0,3.798819087554512,27.4
833.0,3.798,27.6
834.0,3.797993156658839,27.6
835.0,3.79770322039584,27.6
836.0,3.7974132841328414,27.6
837.0,3.7971233478698423,27.6
838.0,3.7968334116068436,27.6
839.0,3.7965434753438445,27.6
840.0,3.796171385441127,27.6
841.0,3.795863602817846,27.6
842.0,3.7955736665548474,27.6
843.0,3.7952837302918483,27.6
844.0,3.7949937940288496,27.6
845.0,3.7947038577658505,27.6
846.0,3.7944139215028514,27.6
847.0,3.7941239852398523,27.6
848.0,3.793834048976853,27.6
849.0,3.7935441127138545,27.6
850.0,3.7932055686011408,27.6
851.0,3.7928642401878565,27.6
852.0,3.7925743039248574,27.6
853.0,3.7922843676618587,27.6
854.0,3.7919944313988596,27.6
855.0,3.7918,27.6
856.0,3.791629117745723,27.6
857.0,3.7912,27.6
858.0,3.791069372693727,27.6
859.0,3.7905447500838645,27.6
860.0,3.790239751761154,27.6
861.0,3.7898648775578665,27.6
862.0,3.7895749412948674,27.6
863.0,3.7892850050318683,27.6
864.0,3.7889950687688696,27.7
865.0,3.7887051325058705,27.6
866.0,3.788415196242872,27.6
867.0,3.7881252599798727,27.6
868.0,3.7878353237168736,27.6
869.0,3.7875453874538745,27.7
870.0,3.7872554511908754,27.6
871.0,3.7868873532371685,27.6
872.0,3.786575578664878,27.6
873.0,3.7865,27.6
874.0,3.786091412277759,27.6
875.0,3.7859,27.6
876.0,3.7857158336128816,27.6
877.0,3.7854258973498824,27.7
878.0,3.7851359610868838,27.6
879.0,3.7848460248238847,27.6
880.0,3.7845560885608855,27.6
881.0,3.784266152297887,27.6
882.0,3.7839349547131835,27.6
883.0,3.7835862797718884,27.6
884.0,3.7832963435088898,27.7
885.0,3.7829128144917816,27.7
886.0,3.7825,27.7
887.0,3.782426534719893,27.6
888.0,3.7821365984568938,27.7
889.0,3.7818466621938946,27.7
890.0,3.7815567259308955,27.7
891.0,3.7812667896678964,27.6
892.0,3.780969137873197,27.6
893.0,3.780586917141899,27.7
894.0,3.7802969808788998,27.7
895.0,3.7800070446159006,27.7
896.0,3.7797171083529015,27.7
897.0,3.7794271720899024,27.6
898.0,3.7794,27.6
899.0,3.779147299563905,27.7
900.0,3.7786147266018117,27.7
901.0,3.7785,27.7
902.0,3.778277490774908,27.6
903.0,3.777987554511909,27.7
904.0,3.7776301576652127,27.7
905.0,3.777307681985911,27.7
906.0,3.7770177457229117,27.6
907.0,3.7769,27.7
908.0,3.7767378731969137,27.7
909.0,3.776447936933915,27.7
910.0,3.776158000670916,27.7
911.0,3.775868064407917,27.7
912.0,3.7755781281449177,27.7
913.0,3.7752881918819186,27.7
914.0,3.7748625964441462,27.7
915.0,3.774308319355921,27.7
916.0,3.7741,27.7
917.0,3.774028446829923,27.7
918.0,3.7737385105669237,27.7
919.0,3.7734485743039246,27.7
920.0,3.773158638040926,27.7
921.0,3.7728687017779268,27.7
922.0,3.772578765514928,27.7
923.0,3.772288829251929,27.7
924.0,3.77199889298893,27.7
925.0,3.7717089567259308,27.7
926.0,3.7717,27.7
927.0,3.7713387789332438,27.7
928.0,3.771039147936934,27.7
929.0,3.770749211673935,27.7
930.0,3.770459275410936,27.7
931.0,3.770169339147937,27.7
932.0,3.769879402884938,27.7
933.0,3.7695894666219387,27.7
934.0,3.76929953035894,27.7
935.0,3.7692,27.7
936.0,3.769019657832942,27.7
937.0,3.7685026836632005,27.7
938.0,3.7682,27.7
939.0,3.768049849043945,27.7
940.0,3.767759912780946,27.7
941.0,3.767469976517947,27.7
942.0,3.7670600805098964,27.7
943.0,3.766590103991949,27.7
944.0,3.7664,27.7
945.0,3.766310231465951,27.7
946.0,3.766020295202952,27.7
947.0,3.765730358939953,27.7
948.0,3.765420563569272,27.7
949.0,3.765050486413955,27.7
950.0,3.7647605501509562,27.7
951.0,3.7645,27.7
952.0,3.764480677624958,27.7
953.0,3.7641907413619595,27.7
954.0,3.76390080509896,27.7
955.0,3.763610868835961,27.7
956.0,3.763320932572962,27.7
957.0,3.763030996309963,27.7
958.0,3.763,27.7
959.0,3.76250224756793,27.7
960.0,3.7620815833612884,27.7
961.0,3.762,27.7
962.0,3.761781314994968,27.7
963.0,3.7614913787319693,27.7
964.0,3.76120144246897,27.7
965.0,3.760911506205971,27.7
966.0,3.7608,27.7
967.0,3.760631633679973,27.7
968.0,3.7601833948339483,27.7
969.0,3.7599,27.7
970.0,3.759761824890976,27.7
971.0,3.759471888627977,27.7
972.0,3.7590245555182826,27.7
973.0,3.7584920161019792,27.7
974.0,3.7583,27.7
975.0,3.7581242871519627,27.7
976.0,3.7577,27.8
977.0,3.757632271049983,27.9
978.0,3.7573423347869843,27.7
979.0,3.757052398523985,27.7
980.0,3.7567624622609865,27.7
981.0,3.756472525997987,27.7
982.0,3.7562,27.7
983.0,3.7561828581013086,27.7
984.0,3.755506340154311,27.9
985.0,3.7555,27.7
986.0,3.7552228446829923,27.7
987.0,3.7549329084199936,27.7
988.0,3.754642972156994,27.7
989.0,3.7543530358939954,27.7
990.0,3.7540630996309963,27.7
991.0,3.754,27.7
992.0,3.7537832271049982,27.7
993.0,3.753493290841999,27.7
994.0,3.7532033545790005,27.7
995.0,3.752851224421335,27.7
996.0,3.7525234820530025,27.8
997.0,3.7522335457900033,27.8
998.0,3.7521,27.8
999.0,3.7519536732640053,27.9
1000.0,3.751663737001006,27.8
1001.0,3.751247601476015,27.7
1002.0,3.7507838644750087,27.8
1003.0,3.7504939282120096,27.9
1004.0,3.7502039919490104,27.9
1005.0,3.7498854075813486,27.8
1006.0,3.7495241194230124,27.8
1007.0,3.7493,27.9
1008.0,3.7492442468970144,27.7
1009.0,3.7489543106340157,27.7
1010.0,3.748664374371016,27.9
1011.0,3.7483744381080175,27.7
1012.0,3.7481,27.7
1013.0,3.748089131164039,27.9
1014.0,3.747509258638041,27.7
1015.0,3.7475,27.7
1016.0,3.747224756793022,27.9
1017.0,3.7468464273733644,27.7
1018.0,3.7465448842670246,27.9
1019.0,3.7462549480040255,27.9
1020.0,3.7459650117410264,27.7
1021.0,3.7456750754780277,27.7
1022.0,3.7453851392150286,27.8
1023.0,3.7453,27.9
1024.0,3.7451052666890305,27.9
1025.0,3.7448153304260314,27.8
1026.0,3.7445253941630328,27.8
1027.0,3.7442354579000336,27.9
1028.0,3.7438940288493794,27.9
1029.0,3.7435555853740357,27.9
1030.0,3.743131298222073,27.9
1031.0,3.7426757128480377,27.9
1032.0,3.7425,27.9
1033.0,3.7423958403220396,27.9
1034.0,3.7421059040590405,27.9
1035.0,3.7418159677960414,27.9
1036.0,3.7415260315330428,27.9
1037.0,3.7413,27.9
1038.0,3.741174371016437,27.9
1039.0,3.7405562227440456,27.9
1040.0,3.7403,27.8
1041.0,3.7402763502180476,27.9
1042.0,3.739986413955049,27.8
1043.0,3.73969647769205,27.9
1044.0,3.7394065414290503,27.8
1045.0,3.7391166051660516,27.8
1046.0,3.7388266689030525,27.8
1047.0,3.738536732640054,27.8
1048.0,3.7382467963770547,27.8
1049.0,3.7382,27.7
1050.0,3.7376561556524655,27.8
1051.0,3.7375,27.8
1052.0,3.7372870513250587,27.8
1053.0,3.7369971150620596,27.8
1054.0,3.736707178799061,27.8
1055.0,3.736417242536062,27.8
1056.0,3.7361273062730627,27.8
1057.0,3.735837370010064,27.9
1058.0,3.735547433747065,27.8
1059.0,3.7354,27.8
1060.0,3.7351351224421334,27.8
1061.0,3.7346368332774236,27.8
1062.0,3.7342876886950687,27.8
1063.0,3.73399775243207,27.8
1064.0,3.733707816169071,27.8
1065.0,3.7334178799060718,27.8
1066.0,3.7331279436430727,27.8
1067.0,3.7329,27.8
1068.0,3.7328480711170746,27.8
1069.0,3.732558134854076,27.8
1070.0,3.732268198591077,27.8
1071.0,3.731978262328078,27.8
1072.0,3.7316844347534386,27.8
1073.0,3.7312983898020797,27.8
1074.0,3.7310084535390806,27.8
1075.0,3.730718517276082,27.8
1076.0,3.730428581013083,27.8
1077.0,3.7304,28.0
1078.0,3.7298974169741697,28.0
1079.0,3.7295587722240855,27.8
1080.0,3.7295,27.8
1081.0,3.729278899698088,27.8
1082.0,3.728988963435089,27.9
1083.0,3.72869902717209,28.0
1084.0,3.7283454545454546,27.9
1085.0,3.728019154646092,27.9
1086.0,3.727729218383093,27.9
1087.0,3.7272785642401876,27.9
1088.0,3.726849345857095,27.9
1089.0,3.726559409594096,27.9
1090.0,3.726269473331097,28.0
1091.0,3.7261,27.9
1092.0,3.7259896008050992,27.9
1093.0,3.7256996645421,28.0
1094.0,3.7253796377054678,27.9
1095.0,3.725019792016102,27.9
1096.0,3.724729855753103,28.0
1097.0,3.724439919490104,27.8
1098.0,3.724149983227105,27.8
1099.0,3.723860046964106,28.0
1100.0,3.7236,28.0
1101.0,3.723560348876216,28.0
1102.0,3.723,27.8
1103.0,3.723,28.0
1104.0,3.722710365649111,28.0
1105.0,3.722420429386112,27.8
1106.0,3.7220406574974843,28.0
1107.0,3.721740556860114,27.8
1108.0,3.721450620597115,28.0
1109.0,3.721160684334116,28.0
1110.0,3.720870748071117,27.8
1111.0,3.720580811808118,27.9
1112.0,3.7202908755451194,28.0
1113.0,3.7200009392821203,28.0
1114.0,3.719711003019121,27.9
1115.0,3.7191824890976184,27.9
1116.0,3.7189,28.0
1117.0,3.718741194230124,28.0
1118.0,3.718451257967125,28.0
1119.0,3.7181613217041263,27.9
1120.0,3.717871385441127,27.9
1121.0,3.717581449178128,28.0
1122.0,3.717291512915129,27.9
1123.0,3.7170015766521303,27.9
1124.0,3.716711640389131,28.0
1125.0,3.716421704126132,28.0
1126.0,3.716109023817511,28.0
1127.0,3.7157418316001345,28.0
1128.0,3.7154518953371354,28.0
1129.0,3.715161959074136,28.0
1130.0,3.7149,28.0
1131.0,3.7148641730962764,28.0
1132.0,3.7142921502851394,27.8
1133.0,3.7140022140221403,28.0
1134.0,3.714,28.0
1135.0,3.713722341496142,28.0
1136.0,3.713432405233143,28.0
1137.0,3.713142468970144,28.0
1138.0,3.712770043609527,28.0
1139.0,3.7124625964441464,28.0
1140.0,3.7121726601811473,28.2
1141.0,3.711882723918148,28.1
1142.0,3.7113855753102984,28.0
1143.0,3.7110028513921502,28.0
1144.0,3.710712915129151,28.0
1145.0,3.7104229788661525,28.0
1146.0,3.7103,28.0
1147.0,3.7099339147936936,28.0
1148.0,3.7094531700771554,28.0
1149.0,3.7093,28.0
1150.0,3.7090465951023144,28.0
1151.0,3.7085833612881585,28.0
1152.0,3.7084,28.0
1153.0,3.7083034887621604,28.0
1154.0,3.7079271049983227,27.9
1155.0,3.7075,27.9
1156.0,3.7074336799731635,28.0
1157.0,3.7071437437101644,28.0
1158.0,3.706838409929554,28.0
1159.0,3.7064638711841664,28.0
1160.0,3.7061739349211673,28.0
1161.0,3.7058839986581686,28.2
1162.0,3.7055940623951695,28.0
1163.0,3.7053041261321704,28.0
1164.0,3.7050141898691713,28.0
1165.0,3.704724253606172,28.0
1166.0,3.7044343173431735,28.2
1167.0,3.7041443810801744,28.0
1168.0,3.7038544448171757,28.0
1169.0,3.703250519959745,28.0
1170.0,3.7028745722911776,28.0
1171.0,3.7028,28.0
1172.0,3.7023893995303587,28.0
1173.0,3.7020047635021807,28.0
1174.0,3.7017148272391815,28.0
1175.0,3.7014248909761824,28.0
1176.0,3.7011349547131833,28.0
1177.0,3.701,28.0
1178.0,3.7006618584367663,28.0
1179.0,3.7001651459241867,28.0
1180.0,3.6998752096611875,28.0
1181.0,3.6995852733981884,28.0
1182.0,3.6992953371351893,28.0
1183.0,3.6990054008721907,28.0
1184.0,3.6987154646091915,28.1
1185.0,3.6984255283461924,28.2
1186.0,3.6982,28.0
1187.0,3.6980913116403893,28.0
1188.0,3.697540959409594,28.0
1189.0,3.6971657832941967,28.0
1190.0,3.6969,28.0
1191.0,3.6968859107681986,28.0
1192.0,3.6965919490103993,28.0
1193.0,3.6960120764844016,28.0
1194.0,3.696,28.0
1195.0,3.695452331432405,28.0
1196.0,3.6948724589064073,28.0
1197.0,3.6948,28.0
1198.0,3.6945563569272055,28.0
1199.0,3.694188560885609,28.0
1200.0,3.6938764844012075,28.0
1201.0,3.6935865481382084,28.0
1202.0,3.6932966118752097,28.1
1203.0,3.6930066756122106,28.1
1204.0,3.6927167393492115,28.0
1205.0,3.6922536061724256,28.1
1206.0,3.692,28.1
1207.0,3.6918469305602146,28.0
1208.0,3.6915569942972155,28.1
1209.0,3.6912227440456222,28.2
1210.0,3.6908771217712175,28.1
1211.0,3.690587185508219,28.1
1212.0,3.6902972492452197,28.2
1213.0,3.6900073129822206,28.2
1214.0,3.6897173767192215,28.2
1215.0,3.6893548809124455,28.2
1216.0,3.6888375041932235,28.2
1217.0,3.6886,28.2
1218.0,3.688557631667226,28.2
1219.0,3.688192318014089,28.2
1220.0,3.6872777591412276,28.2
1221.0,3.687,28.2
1222.0,3.6869978866152295,28.2
1223.0,3.686707950352231,28.2
1224.0,3.686136028178464,28.2
1225.0,3.6861,28.2
1226.0,3.685576283126468,28.2
1227.0,3.6855,28.0
1228.0,3.6852582690372357,28.2
1229.0,3.684891110365649,28.0
1230.0,3.684356793022476,28.1
1231.0,3.6842,28.2
1232.0,3.68379704797048,28.2
1233.0,3.6836,28.2
1234.0,3.6832373029184837,28.2
1235.0,3.682828715196243,28.2
1236.0,3.6825387789332438,28.2
1237.0,3.682248842670245,28.2
1238.0,3.6819118752096616,28.2
1239.0,3.681568970144247,28.2
1240.0,3.681279033881248,28.2
1241.0,3.680989097618249,28.2
1242.0,3.6806991613552498,28.2
1243.0,3.6804092250922507,28.2
1244.0,3.680119288829252,28.2
1245.0,3.679758705132506,28.2
1246.0,3.679239416303254,28.2
1247.0,3.6789326400536733,28.2
1248.0,3.678559543777256,28.2
1249.0,3.678269607514257,28.2
1250.0,3.677979671251258,28.2
1251.0,3.677689734988259,28.2
1252.0,3.67739979872526,28.2
1253.0,3.677109862462261,28.2
1254.0,3.6768199261992622,28.2
1255.0,3.676529989936263,28.2
1256.0,3.676240053673264,28.2
1257.0,3.675950117410265,28.2
1258.0,3.675580241529688,28.2
1259.0,3.675270244884267,28.2
1260.0,3.6749803086212682,28.2
1261.0,3.674690372358269,28.2
1262.0,3.67440043609527,28.2
1263.0,3.674110499832271,28.2
1264.0,3.6738205635692722,28.2
1265.0,3.673530627306273,28.2
1266.0,3.673240691043274,28.2
1267.0,3.672950754780275,28.2
1268.0,3.6726144246897015,28.2
1269.0,3.672270882254277,28.2
1270.0,3.671742837973834,28.2
1271.0,3.6712,28.2
1272.0,3.67110107346528,28.2
1273.0,3.670811137202281,28.2
1274.0,3.670521200939282,28.2
1275.0,3.6701625293525666,28.2
1276.0,3.6697,28.2
1277.0,3.6695865816839985,28.2
1278.0,3.668961455887286,28.2
1279.0,3.668671519624287,28.2
1280.0,3.6683815833612883,28.2
1281.0,3.668091647098289,28.2
1282.0,3.6678017108352905,28.2
1283.0,3.6675117745722914,28.2
1284.0,3.667221838309292,28.2
1285.0,3.666931902046293,28.2
1286.0,3.666641965783294,28.2
1287.0,3.6662693726937268,28.2
1288.0,3.6659620932572965,28.2
1289.0,3.6656721569942974,28.2
1290.0,3.665382220731298,28.2
1291.0,3.665092284468299,28.2
1292.0,3.6648023482053,28.2
1293.0,3.6645124119423014,28.2
1294.0,3.6638674270379066,28.2
1295.0,3.6635,28.2
1296.0,3.663290137537739,28.2
1297.0,3.662805333780611,28.2
1298.0,3.662362730627306,28.2
1299.0,3.6620727943643074,28.2
1300.0,3.6617828581013083,28.2
1301.0,3.661492921838309,28.2
1302.0,3.6612029855753105,28.2
1303.0,3.6609130493123114,28.3
1304.0,3.6606231130493123,28.3
1305.0,3.660310902381751,28.2
1306.0,3.6599432405233143,28.2
1307.0,3.659653304260315,28.2
1308.0,3.6593633679973165,28.2
1309.0,3.6590734317343174,28.2
1310.0,3.6587834954713183,28.2
1311.0,3.6584935592083196,28.2
1312.0,3.65820362294532,28.2
1313.0,3.6579136866823214,28.2
1314.0,3.6576237504193223,28.2
1315.0,3.6569788996980876,28.2
1316.0,3.6566438778933246,28.2
1317.0,3.6563539416303255,28.2
1318.0,3.655828010734653,28.2
1319.0,3.6554740691043275,28.2
1320.0,3.6551841328413284,28.2
1321.0,3.6548941965783293,28.2
1322.0,3.6546042603153306,28.3
1323.0,3.6543143240523315,28.4
1324.0,3.6539658503857764,28.3
1325.0,3.6536344515263335,28.3
1326.0,3.6533445152633344,28.3
1327.0,3.6530545790003353,28.3
1328.0,3.652629285474673,28.3
1329.0,3.6521747064743373,28.2
1330.0,3.6518847702113386,28.2
1331.0,3.6515948339483395,28.2
1332.0,3.651304897685341,28.2
1333.0,3.6509866152297885,28.2
1334.0,3.6506250251593424,28.2
1335.0,3.6503350888963433,28.1
1336.0,3.6500451526333446,28.2
1337.0,3.6497552163703455,28.1
1338.0,3.649465280107347,28.1
1339.0,3.649150687688695,28.1
1340.0,3.6485854075813484,28.2
1341.0,3.648289433076149,28.1
1342.0,3.6476129151291516,28.1
1343.0,3.6473155987923516,28.2
1344.0,3.6470256625293525,28.2
1345.0,3.6467357262663533,28.1
1346.0,3.6464457900033547,28.2
1347.0,3.6461558537403556,28.1
1348.0,3.6458659174773564,28.1
1349.0,3.6455759812143578,28.1
1350.0,3.6452860449513587,28.1
1351.0,3.6449961086883595,28.2
1352.0,3.644641563233814,28.2
1353.0,3.6443162361623616,28.1
1354.0,3.6440262998993624,28.1
1355.0,3.6437363636363638,28.1
1356.0,3.6434464273733647,28.1
1357.0,3.643012982220731,28.1
1358.0,3.6425665548473667,28.1
1359.0,3.6422766185843676,28.2
1360.0,3.641986682321369,28.2
1361.0,3.641662328077826,28.1
1362.0,3.6413068097953705,28.1
1363.0,3.6410168735323714,28.2
1364.0,3.6407269372693727,28.3
1365.0,3.6403740020127473,28.1
1366.0,3.6398470647433747,28.1
1367.0,3.6395142569607515,28.1
1368.0,3.6389671922173763,28.3
1369.0,3.638669674605837,28.3
1370.0,3.6382873196913788,28.3
1371.0,3.6379973834283796,28.1
1372.0,3.637707447165381,28.3
1373.0,3.637417510902382,28.3
1374.0,3.6371275746393827,28.3
1375.0,3.6368376383763836,28.3
1376.0,3.6365477021133845,28.3
1377.0,3.6360155317007714,28.3
1378.0,3.635667829587387,28.1
1379.0,3.6353038577658507,28.1
1380.0,3.634987957061389,28.2
1381.0,3.63469802079839,28.3
1382.0,3.6344080845353908,28.2
1383.0,3.6341181482723917,28.2
1384.0,3.633828212009393,28.3
1385.0,3.633538275746394,28.3
1386.0,3.6332483394833948,28.3
1387.0,3.632958403220396,28.3
1388.0,3.632668466957397,28.3
1389.0,3.6322165716202615,28.3
1390.0,3.631577188862798,28.3
1391.0,3.6310986581684,28.3
1392.0,3.630808721905401,28.2
1393.0,3.6305187856424017,28.2
1394.0,3.630228849379403,28.3
1395.0,3.629938913116404,28.3
1396.0,3.629648976853405,28.3
1397.0,3.6293453874538746,28.3
1398.0,3.6289382086548136,28.1
1399.0,3.628379168064408,28.1
1400.0,3.6281,28.3
1401.0,3.6280985910768195,28.3
1402.0,3.6275187185508218,28.3
1403.0,3.627219423012412,28.3
1404.0,3.626929486749413,28.3
1405.0,3.6266395504864137,28.3
1406.0,3.626349614223415,28.3
1407.0,3.625979570613888,28.3
1408.0,3.625669741697417,28.3
1409.0,3.625379805434418,28.2
1410.0,3.625089869171419,28.2
1411.0,3.62439979872526,28.3
1412.0,3.623909996645421,28.3
1413.0,3.623620060382422,28.3
1414.0,3.623330124119423,28.3
1415.0,3.622986917141899,28.3
1416.0,3.622650251593425,28.3
1417.0,3.622360315330426,28.3
1418.0,3.622070379067427,28.3
1419.0,3.6216608856088564,28.3
1420.0,3.6213,28.3
1421.0,3.6212005702784302,28.3
1422.0,3.620910634015431,28.3
1423.0,3.620541395504864,28.3
1424.0,3.6200076819859106,28.3
1425.0,3.619640825226434,28.3
1426.0,3.619350888963435,28.1
1427.0,3.619060952700436,28.3
1428.0,3.618771016437437,28.3
1429.0,3.6184810801744383,28.3
1430.0,3.618191143911439,28.3
1431.0,3.61790120764844,28.3
1432.0,3.617322542770882,28.3
1433.0,3.6173,28.3
1434.0,3.617031398859443,28.3
1435.0,3.616138208654814,28.3
1436.0,3.615751526333445,28.3
1437.0,3.615461590070446,28.3
1438.0,3.615171653807447,28.3
1439.0,3.614881717544448,28.3
1440.0,3.614591781281449,28.3
1441.0,3.61430184501845,28.3
1442.0,3.6140119087554514,28.4
1443.0,3.6134846024823886,28.4
1444.0,3.6130320362294532,28.3
1445.0,3.612742099966454,28.3
1446.0,3.612452163703455,28.3
1447.0,3.6121622274404563,28.3
1448.0,3.6118722911774572,28.3
1449.0,3.611582354914458,28.3
1450.0,3.6112924186514594,28.3
1451.0,3.6110024823884603,28.2
1452.0,3.6105959409594095,28.2
1453.0,3.610022609862462,28.2
1454.0,3.609732673599463,28.1
1455.0,3.6094427373364644,28.3
1456.0,3.6091528010734653,28.3
1457.0,3.6088257296209325,28.3
1458.0,3.6082729285474673,28.3
1459.0,3.607982992284468,28.3
1460.0,3.6076907413619588,28.3
1461.0,3.6073041596779603,28.3
1462.0,3.6070131834954715,28.3
1463.0,3.6067232472324724,28.3
1464.0,3.6064333109694733,28.3
1465.0,3.6058867494129485,28.3
1466.0,3.6055534384434753,28.3
1467.0,3.6055,28.3
1468.0,3.605047131834955,28.5
1469.0,3.6046836296544784,28.4
1470.0,3.6043249245219724,28.3
1471.0,3.6040037571284804,28.3
1472.0,3.6037138208654813,28.3
1473.0,3.6034238846024826,28.3
1474.0,3.6031339483394835,28.3
1475.0,3.6026880241529686,28.3
1476.0,3.6024,28.3
1477.0,3.6021282791009726,28.3
1478.0,3.6016742032874873,28.3
1479.0,3.6013456893659845,28.3
1480.0,3.6009943307614893,28.3
1481.0,3.600608788996981,28.3
1482.0,3.6001144582354914,28.4
1483.0,3.5998245219724923,28.4
1484.0,3.5995345857094936,28.3
1485.0,3.5992446494464945,28.3
1486.0,3.598954713183496,28.3
1487.0,3.5986647769204962,28.3
1488.0,3.598341294867494,28.3
1489.0,3.5976849043944985,28.3
1490.0,3.5973949681314994,28.3
1491.0,3.5971050318685007,28.3
1492.0,3.5968150956055016,28.3
1493.0,3.5965251593425025,28.3
1494.0,3.5962352230795034,28.1
1495.0,3.5959452868165043,28.3
1496.0,3.5956553505535056,28.3
1497.0,3.5953654142905065,28.3
1498.0,3.5950006373700103,28.3
1499.0,3.5946855417645085,28.3
1500.0,3.5943956055015094,28.3
1501.0,3.5939113384770214,28.3
1502.0,3.5935157329755114,28.3
1503.0,3.5932257967125127,28.3
1504.0,3.5929358604495136,28.3
1505.0,3.592440489768534,28.3
1506.0,3.5919559879235154,28.3
1507.0,3.591666051660517,28.3
1508.0,3.5913761153975177,28.3
1509.0,3.5910861791345186,28.3
1510.0,3.5907962428715194,28.3
1511.0,3.5905063066085208,28.3
1512.0,3.5901327406910433,28.3
1513.0,3.5897,28.3
1514.0,3.5895518282455554,28.3
1515.0,3.589,28.3
1516.0,3.5889132505870514,28.3
1517.0,3.5883666890305266,28.3
1518.0,3.5880767527675275,28.3
1519.0,3.587786816504529,28.3
1520.0,3.5874968802415297,28.3
1521.0,3.5872069439785306,28.5
1522.0,3.586917007715532,28.3
1523.0,3.5866270714525323,28.3
1524.0,3.5863371351895337,28.3
1525.0,3.5859629319020465,28.5
1526.0,3.5856572626635357,28.5
1527.0,3.5851346528010737,28.3
1528.0,3.5845547802750755,28.3
1529.0,3.5841874538745384,28.3
1530.0,3.5838975176115397,28.3
1531.0,3.5836075813485406,28.3
1532.0,3.583317645085542,28.3
1533.0,3.582970278430057,28.4
1534.0,3.582637772559544,28.4
1535.0,3.582347836296545,28.3
1536.0,3.5820579000335457,28.4
1537.0,3.5817679637705466,28.5
1538.0,3.581478027507548,28.4
1539.0,3.581188091244549,28.4
1540.0,3.5808981549815497,28.4
1541.0,3.580516437437102,28.3
1542.0,3.5801,28.3
1543.0,3.5799328077826233,28.3
1544.0,3.5793384099295538,28.5
1545.0,3.5790484736665547,28.3
1546.0,3.578758537403556,28.5
1547.0,3.578468601140557,28.5
1548.0,3.5781786648775578,28.5
1549.0,3.577888728614559,28.5
1550.0,3.57759879235156,28.5
1551.0,3.577308856088561,28.3
1552.0,3.5770189198255617,28.3
1553.0,3.5763676283126467,28.3
1554.0,3.576039047299564,28.5
1555.0,3.575749111036565,28.3
1556.0,3.5752183495471317,28.5
1557.0,3.5751,28.3
1558.0,3.574879302247568,28.4
1559.0,3.574589365984569,28.4
1560.0,3.57409885944314,28.4
1561.0,3.5739,28.5
1562.0,3.573478966789668,28.5
1563.0,3.573029620932573,28.5
1564.0,3.5729,28.5
1565.0,3.57259949681315,28.5
1566.0,3.572159812143576,28.5
1567.0,3.571869875880577,28.4
1568.0,3.571579939617578,28.4
1569.0,3.571290003354579,28.4
1570.0,3.57100006709158,28.3
1571.0,3.5706801744381083,28.4
1572.0,3.570320194565582,28.5
1573.0,3.570030258302583,28.5
1574.0,3.569740322039584,28.5
1575.0,3.569450385776585,28.3
1576.0,3.569120899027172,28.3
1577.0,3.568570513250587,28.3
1578.0,3.568280576987588,28.5
1579.0,3.567990640724589,28.3
1580.0,3.56770070446159,28.3
1581.0,3.5673143575981214,28.3
1582.0,3.566741663871184,28.3
1583.0,3.5667,28.5
1584.0,3.566440959409594,28.3
1585.0,3.566151023146595,28.3
1586.0,3.5656221737671925,28.5
1587.0,3.565271150620597,28.5
1588.0,3.5652,28.5
1589.0,3.5649912780945994,28.4
1590.0,3.564436464273734,28.4
1591.0,3.5642,28.5
1592.0,3.564021469305602,28.4
1593.0,3.563731533042603,28.4
1594.0,3.5632831935592084,28.5
1595.0,3.563,28.5
1596.0,3.5627234485072123,28.4
1597.0,3.562271787990607,28.4
1598.0,3.5619818517276083,28.5
1599.0,3.561691915464609,28.4
1600.0,3.561369305602147,28.3
1601.0,3.5609240858772226,28.3
1602.0,3.5605,28.4
1603.0,3.5603643408252266,28.5
1604.0,3.559842234149614,28.5
1605.0,3.5595522978866154,28.5
1606.0,3.5592623616236163,28.3
1607.0,3.558972425360617,28.3
1608.0,3.558682489097618,28.5
1609.0,3.558390070446159,28.5
1610.0,3.5580034887621603,28.5
1611.0,3.5577126803086214,28.3
1612.0,3.5574227440456223,28.5
1613.0,3.557132807782623,28.5
1614.0,3.556842871519624,28.5
1615.0,3.5565529352566254,28.5
1616.0,3.5562629989936263,28.5
1617.0,3.555973062730627,28.3
1618.0,3.5556831264676285,28.3
1619.0,3.5553931902046294,28.4
1620.0,3.5550376719221735,28.5
1621.0,3.5547133176786314,28.4
1622.0,3.5544233814156323,28.4
1623.0,3.554133445152633,28.4
1624.0,3.5538435088896345,28.4
1625.0,3.5535535726266354,28.5
1626.0,3.5532636363636363,28.5
1627.0,3.552847400201275,28.5
1628.0,3.5523837638376383,28.4
1629.0,3.5520584367661856,28.4
1630.0,3.5517038913116403,28.5
1631.0,3.551413955048641,28.5
1632.0,3.5511240187856425,28.4
1633.0,3.5508340825226434,28.3
1634.0,3.5505441462596448,28.5
1635.0,3.550254209996645,28.3
1636.0,3.549964273733646,28.5
1637.0,3.5497,28.5
1638.0,3.5496844012076485,28.5
1639.0,3.5493870848708484,28.5
1640.0,3.5487105669238512,28.5
1641.0,3.5484145924186516,28.5
1642.0,3.548124656155652,28.5
1643.0,3.5478347198926534,28.5
1644.0,3.5475447836296543,28.5
1645.0,3.5475,28.5
1646.0,3.547029822207313,28.5
1647.0,3.5469,28.5
1648.0,3.5466850385776585,28.5
1649.0,3.546190204629319,28.5
1650.0,3.545740221402214,28.4
1651.0,3.5456,28.4
1652.0,3.5454252935256627,28.5
1653.0,3.544970714525327,28.5
1654.0,3.5445454209996647,28.4
1655.0,3.5442554847366656,28.4
1656.0,3.5439655484736665,28.5
1657.0,3.5436756122106674,28.5
1658.0,3.5433856759476687,28.5
1659.0,3.5430957396846696,28.5
1660.0,3.5427744045622274,28.5
1661.0,3.5424158671586716,28.5
1662.0,3.5421259308956725,28.5
1663.0,3.541835994632674,28.5
1664.0,3.5415460583696747,28.5
1665.0,3.5412561221066756,28.5
1666.0,3.5409661858436765,28.5
1667.0,3.540676249580678,28.5
1668.0,3.5403863133176787,28.5
1669.0,3.5400963770546796,28.5
1670.0,3.539806440791681,28.5
1671.0,3.5394220060382424,28.5
1672.0,3.5391265682656825,28.5
1673.0,3.538836632002684,28.5
1674.0,3.5385466957396847,28.5
1675.0,3.5382567594766856,28.5
1676.0,3.5379668232136865,28.5
1677.0,3.5376768869506874,28.5
1678.0,3.5373869506876887,28.5
1679.0,3.5368940288493795,28.5
1680.0,3.5367,28.5
1681.0,3.536273331096947,28.5
1682.0,3.536,28.5
1683.0,3.535837269372694,28.5
1684.0,3.5353946662193896,28.5
1685.0,3.5351,28.5
1686.0,3.534967460583697,28.5
1687.0,3.534677524320698,28.5
1688.0,3.5343875880576987,28.5
1689.0,3.5340976517946996,28.4
1690.0,3.533807715531701,28.3
1691.0,3.5334903723582687,28.3
1692.0,3.533127843005703,28.3
1693.0,3.532837906742704,28.5
1694.0,3.5325479704797047,28.5
1695.0,3.532258034216706,28.5
1696.0,3.531968097953707,28.5
1697.0,3.531678161690708,28.5
1698.0,3.5313882254277087,28.5
1699.0,3.5311,28.5
1700.0,3.5311,28.5
1701.0,3.5305368332774236,28.5
1702.0,3.5305,28.5
1703.0,3.530151392150285,28.5
1704.0,3.5298486078497144,28.5
1705.0,3.5295586715867158,28.5
1706.0,3.5290374706474337,28.5
1707.0,3.528678799060718,28.5
1708.0,3.528388862797719,28.5
1709.0,3.52809892653472,28.5
1710.0,3.527808990271721,28.5
1711.0,3.527519054008722,28.5
1712.0,3.5274,28.5
1713.0,3.5271855753102987,28.5
1714.0,3.52669849043945,28.5
1715.0,3.5264,28.5
1716.0,3.526269372693727,28.6
1717.0,3.525858872861456,28.6
1718.0,3.5255,28.6
1719.0,3.5253995639047297,28.6
1720.0,3.525109627641731,28.5
1721.0,3.524819691378732,28.5
1722.0,3.524529755115733,28.5
1723.0,3.5242197584703123,28.7
1724.0,3.5239,28.7
1725.0,3.523859946326736,28.7
1726.0,3.523540020127474,28.7
1727.0,3.522980073800738,28.7
1728.0,3.522690137537739,28.5
1729.0,3.52240020127474,28.7
1730.0,3.5224,28.7
1731.0,3.522120328748742,28.5
1732.0,3.521830392485743,28.7
1733.0,3.5215404562227444,28.7
1734.0,3.520917879906072,28.7
1735.0,3.520560583696746,28.7
1736.0,3.520270647433747,28.7
1737.0,3.519980711170748,28.6
1738.0,3.5199,28.5
1739.0,3.51970083864475,28.6
1740.0,3.5194109023817512,28.7
1741.0,3.519120966118752,28.6
1742.0,3.518831029855753,28.5
1743.0,3.5185410935927544,28.6
1744.0,3.5182511573297552,28.7
1745.0,3.5179149614223415,28.7
1746.0,3.5175712848037572,28.7
1747.0,3.517281348540758,28.7
1748.0,3.5171,28.7
1749.0,3.5169029520295205,28.7
1750.0,3.5165,28.7
1751.0,3.5164216034887623,28.7
1752.0,3.516131667225763,28.7
1753.0,3.515841730962764,28.7
1754.0,3.515551794699765,28.5
1755.0,3.5152618584367663,28.7
1756.0,3.5149625628983565,28.5
1757.0,3.5145819859107683,28.5
1758.0,3.514292049647769,28.5
1759.0,3.51400211338477,28.7
1760.0,3.514,28.7
1761.0,3.513722240858772,28.7
1762.0,3.513432304595773,28.7
1763.0,3.5128847366655482,28.7
1764.0,3.5125524320697754,28.5
1765.0,3.5122624958067763,28.7
1766.0,3.511972559543777,28.7
1767.0,3.5116101643743707,28.7
1768.0,3.511292687017779,28.7
1769.0,3.5110027507547805,28.7
1770.0,3.5107128144917814,28.7
1771.0,3.5106,28.7
1772.0,3.5104329419657834,28.7
1773.0,3.5101430057027843,28.7
1774.0,3.509853069439785,28.7
1775.0,3.5095631331767865,28.7
1776.0,3.5092731969137874,28.6
1777.0,3.5089832606507882,28.6
1778.0,3.5088,28.7
1779.0,3.508671184166387,28.7
1780.0,3.5083134518617913,28.7
1781.0,3.5080235155987927,28.7
1782.0,3.5077335793357936,28.7
1783.0,3.5074436430727944,28.7
1784.0,3.5071537068097953,28.7
1785.0,3.506863770546796,28.5
1786.0,3.5065738342837975,28.7
1787.0,3.5063,28.7
1788.0,3.5062939617577995,28.5
1789.0,3.5060040254948,28.7
1790.0,3.5057140892318013,28.7
1791.0,3.5050563569272053,28.7
1792.0,3.5047342167058035,28.7
1793.0,3.5044442804428044,28.5
1794.0,3.5041543441798058,28.7
1795.0,3.5038644079168066,28.5
1796.0,3.5035744716538075,28.7
1797.0,3.5035,28.7
1798.0,3.5032945991278095,28.7
1799.0,3.5030046628648104,28.6
1800.0,3.5027147266018117,28.6
1801.0,3.5023663871184167,28.7
1802.0,3.5020348540758137,28.7
1803.0,3.501744917812814,28.6
1804.0,3.5014549815498155,28.6
1805.0,3.5013,28.7
1806.0,3.5011751090238175,28.6
1807.0,3.5008851727608183,28.6
1808.0,3.5005952364978197,28.6
1809.0,3.5003053002348206,28.6
1810.0,3.5000153639718214,28.7
1811.0,3.4997254277088223,28.7
1812.0,3.4995,28.5
1813.0,3.499372962093257,28.5
1814.0,3.4988,28.5
1815.0,3.4987656826568267,28.7
1816.0,3.4984757463938276,28.7
1817.0,3.4981858101308285,28.5
1818.0,3.4978917477356593,28.5
1819.0,3.4973118752096615,28.5
1820.0,3.4970160013418314,28.7
1821.0,3.497,28.7
1822.0,3.496736128815834,28.7
1823.0,3.4964461925528347,28.7
1824.0,3.4960750083864474,28.7
1825.0,3.4957663200268363,28.6
1826.0,3.4954763837638376,28.7
1827.0,3.4951864475008385,28.7
1828.0,3.49489651123784,28.6
1829.0,3.4948,28.7
1830.0,3.494616638711842,28.7
1831.0,3.4943267024488427,28.7
1832.0,3.4940367661858436,28.7
1833.0,3.4937468299228445,28.7
1834.0,3.493456893659846,28.7
1835.0,3.4931226098624624,28.7
1836.0,3.4929,28.7
1837.0,3.492787084870849,28.7
1838.0,3.4924971486078498,28.7
1839.0,3.4922072123448507,28.7
1840.0,3.4919172760818515,28.6
1841.0,3.4916273398188524,28.7
1842.0,3.4914,28.7
1843.0,3.491347467292855,28.6
1844.0,3.4910150620597116,28.7
1845.0,3.4905,28.6
1846.0,3.490477658503858,28.7
1847.0,3.4901836296544784,28.7
1848.0,3.489795571955719,28.7
1849.0,3.4892156994297214,28.7
1850.0,3.488917913451862,28.7
1851.0,3.4889,28.7
1852.0,3.488638040925864,28.7
1853.0,3.488348104662865,28.6
1854.0,3.4880581683998657,28.6
1855.0,3.4877682321368666,28.7
1856.0,3.487478295873868,28.6
1857.0,3.487188359610869,28.7
1858.0,3.486831231130493,28.7
1859.0,3.4867,28.7
1860.0,3.486337101643744,28.7
1861.0,3.4861,28.7
1862.0,3.4859386782958737,28.8
1863.0,3.4856487420328746,28.7
1864.0,3.485358805769876,28.7
1865.0,3.4850688695068768,28.7
1866.0,3.4849,28.7
1867.0,3.484788996980879,28.7
1868.0,3.48449906071788,28.7
1869.0,3.484209124454881,28.6
1870.0,3.483892250922509,28.6
1871.0,3.483529251928883,28.6
1872.0,3.483239315665884,28.7
1873.0,3.483,28.7
1874.0,3.482918886279772,28.7
1875.0,3.4824,28.6
1876.0,3.482379570613888,28.7
1877.0,3.482089634350889,28.7
1878.0,3.4817993961757794,28.6
1879.0,3.481219523649782,28.6
1880.0,3.4812,28.7
1881.0,3.480929889298893,28.6
1882.0,3.4805532707145255,28.6
1883.0,3.480250016772895,28.6
1884.0,3.4799600805098962,28.6
1885.0,3.479670144246897,28.6
1886.0,3.479380207983898,28.6
1887.0,3.4793,28.7
1888.0,3.4791003354579,28.6
1889.0,3.478810399194901,28.6
1890.0,3.478520462931902,28.6
1891.0,3.478230526668903,28.7
1892.0,3.477940590405904,28.8
1893.0,3.47760087219054,28.7
1894.0,3.4774,28.7
1895.0,3.477270781616907,28.8
1896.0,3.476980845353908,28.8
1897.0,3.4766909090909093,28.8
1898.0,3.47640097282791,28.7
1899.0,3.476111036564911,28.7
1900.0,3.4759,28.8
1901.0,3.475831164038913,28.8
1902.0,3.475541227775914,28.8
1903.0,3.475251291512915,28.6
1904.0,3.474961355249916,28.8
1905.0,3.4747,28.8
1906.0,3.4746567930224757,28.8
1907.0,3.4739830929218387,28.7
1908.0,3.47340322039584,28.8
1909.0,3.4734,28.8
1910.0,3.473121737671922,28.8
1911.0,3.472831801408923,28.8
1912.0,3.4725418651459243,28.9
1913.0,3.472251928882925,28.7
1914.0,3.4722,28.8
1915.0,3.471972056356927,28.8
1916.0,3.471682120093928,28.8
1917.0,3.4713229117745725,28.7
1918.0,3.47100224756793,28.7
1919.0,3.4707123113049314,28.7
1920.0,3.4704223750419323,28.7
1921.0,3.4703,28.8
1922.0,3.4701425025159343,28.8
1923.0,3.469852566252935,28.8
1924.0,3.469562629989936,28.8
1925.0,3.4692726937269374,28.7
1926.0,3.4689827574639382,28.7
1927.0,3.4688,28.8
1928.0,3.46870288493794,28.8
1929.0,3.4683839315665885,28.7
1930.0,3.4680230124119427,28.7
1931.0,3.467733076148943,28.8
1932.0,3.467443139885944,28.8
1933.0,3.4671532036229453,28.8
1934.0,3.4669,28.8
1935.0,3.4668733310969473,28.8
1936.0,3.4665833948339486,28.8
1937.0,3.4662934585709495,28.8
1938.0,3.4660035223079504,28.8
1939.0,3.4654271720899024,28.8
1940.0,3.4650315330426027,28.8
1941.0,3.465,28.8
1942.0,3.4647437772559546,28.8
1943.0,3.4644538409929555,28.8
1944.0,3.4641639047299564,28.8
1945.0,3.4638739684669573,28.8
1946.0,3.463584032203958,28.8
1947.0,3.4632940959409595,28.8
1948.0,3.4632,28.8
1949.0,3.4630142234149615,28.8
1950.0,3.4627242871519623,28.8
1951.0,3.4624343508889632,28.8
1952.0,3.462092552834619,28.8
1953.0,3.4617544783629652,28.8
1954.0,3.4616,28.8
1955.0,3.461474605836967,28.8
1956.0,3.4611846695739685,28.8
1957.0,3.4608947333109694,28.8
1958.0,3.4606047970479707,28.8
1959.0,3.4603148607849716,28.7
1960.0,3.4600249245219725,28.7
1961.0,3.4598,28.8
1962.0,3.4597450519959745,28.8
1963.0,3.4594551157329754,28.8
1964.0,3.459153572626635,28.8
1965.0,3.4587752432069774,29.0
1966.0,3.4584853069439787,28.8
1967.0,3.4582,28.8
1968.0,3.4582,28.8
1969.0,3.457630996309963,28.8
1970.0,3.4573255618919827,28.8
1971.0,3.4570356256289836,28.8
1972.0,3.4567456893659845,28.8
1973.0,3.4564557531029854,29.0
1974.0,3.4564,28.8
1975.0,3.455877054679638,28.9
1976.0,3.4557,29.0
1977.0,3.4554960080509898,28.9
1978.0,3.4552060717879907,28.9
1979.0,3.4549161355249915,29.0
1980.0,3.4546261992619924,29.0
1981.0,3.4545,29.0
1982.0,3.454346326735995,28.9
1983.0,3.4540563904729957,28.8
1984.0,3.4537664542099966,28.9
1985.0,3.4534765179469975,29.0
1986.0,3.4531865816839984,29.0
1987.0,3.453,29.0
1988.0,3.452875612210667,29.0
1989.0,3.4525167728950015,29.0
1990.0,3.452226836632003,29.0
1991.0,3.4519369003690037,28.8
1992.0,3.4517,28.8
1993.0,3.451657027843006,29.0
1994.0,3.4513670915800065,29.0
1995.0,3.4510771553170074,29.0
1996.0,3.4507872190540088,29.0
1997.0,3.4504972827910096,29.0
1998.0,3.450207346528011,29.0
1999.0,3.4502,29.0
2000.0,3.449291580006709,29.0
2001.0,3.4492,29.0
2002.0,3.4489476014760148,29.0
2003.0,3.4486576652130156,29.0
2004.0,3.448367728950017,29.0
2005.0,3.4483,29.0
2006.0,3.4478757128480377,29.0
2007.0,3.4477,29.0
2008.0,3.4475079838980207,29.0
2009.0,3.4472180476350216,29.0
2010.0,3.446928111372023,29.0
2011.0,3.4465842334786987,29.0
2012.0,3.446248238846025,29.0
2013.0,3.4461,29.0
2014.0,3.445968366320027,29.0
2015.0,3.445678430057028,29.0
2016.0,3.4453884937940287,29.0
2017.0,3.4450985575310296,29.0
2018.0,3.4449,29.0
2019.0,3.444818685005032,29.0
2020.0,3.444528748742033,29.0
2021.0,3.444238812479034,29.0
2022.0,3.4439488762160346,29.0
2023.0,3.4436452532707147,29.0
2024.0,3.4432690036900366,29.0
2025.0,3.443,29.0
2026.0,3.442989131164039,29.0
2027.0,3.44269919490104,29.0
2028.0,3.4424092586380413,29.2
2029.0,3.441838644750084,29.0
2030.0,3.441529386112043,29.0
2031.0,3.4415,29.0
2032.0,3.441249513586045,29.0
2033.0,3.440959577323046,29.2
2034.0,3.440669641060047,29.2
2035.0,3.4403062730627307,29.1
2036.0,3.439989768534049,29.0
2037.0,3.4399,29.1
2038.0,3.439709896008051,29.2
2039.0,3.439419959745052,29.1
2040.0,3.4391300234820528,29.1
2041.0,3.438840087219054,29.2
2042.0,3.438550150956055,29.1
2043.0,3.4384,29.1
2044.0,3.438270278430057,29.1
2045.0,3.437980342167058,29.1
2046.0,3.437690405904059,29.2
2047.0,3.4373672928547467,29.1
2048.0,3.437010533378061,29.1
2049.0,3.4368,29.1
2050.0,3.436730660852063,29.0
2051.0,3.436440724589064,29.0
2052.0,3.436150788326065,29.0
2053.0,3.4358608520630662,29.0
2054.0,3.435570915800067,29.0
2055.0,3.435280979537068,29.0
2056.0,3.435,29.2
2057.0,3.435,29.0
2058.0,3.434711170748071,29.0
2059.0,3.434328312646763,29.0
2060.0,3.4337625964441463,29.0
2061.0,3.433441361959074,29.0
2062.0,3.433151425696075,29.0
2063.0,3.4331,29.0
2064.0,3.432871553170077,29.0
2065.0,3.432581616907078,29.0
2066.0,3.432291680644079,29.0
2067.0,3.4320017443810804,29.1
2068.0,3.4317118081180813,29.2
2069.0,3.4316,29.2
2070.0,3.4313759141227775,29.2
2071.0,3.431041999329084,29.2
2072.0,3.4307520630660853,29.2
2073.0,3.430462126803086,29.2
2074.0,3.430172190540087,29.2
2075.0,3.43,29.2
2076.0,3.4297846360281783,29.2
2077.0,3.4294,29.1
2078.0,3.429312445488091,29.1
2079.0,3.429022509225092,29.1
2080.0,3.428732572962093,29.0
2081.0,3.4284235155987925,29.0
2082.0,3.4281,29.0
2083.0,3.4280627641730965,29.2
2084.0,3.4277728279100974,29.2
2085.0,3.4274828916470983,29.2
2086.0,3.427192955384099,29.0
2087.0,3.4269030191211,29.2
2088.0,3.4269,29.2
2089.0,3.4266231465951025,29.2
2090.0,3.4263332103321034,29.2
2091.0,3.4257865481382086,29.2
2092.0,3.425453337806105,29.0
2093.0,3.425084535390808,29.2
2094.0,3.425,29.2
2095.0,3.4247835290171085,29.2
2096.0,3.4244935927541094,29.2
2097.0,3.4242036564911102,29.1
2098.0,3.423913720228111,29.1
2099.0,3.4236237839651125,29.2
2100.0,3.4235,29.2
2101.0,3.4233439114391144,29.2
2102.0,3.4230539751761153,29.2
2103.0,3.422764038913116,29.2
2104.0,3.4224741026501175,29.2
2105.0,3.4223,29.2
2106.0,3.4221589734988256,29.2
2107.0,3.4218042938611206,29.2
2108.0,3.4215143575981215,29.2
2109.0,3.4212244213351224,29.2
2110.0,3.4209344850721233,29.2
2111.0,3.4207,29.2
2112.0,3.4206546125461257,29.2
2113.0,3.420364676283126,29.2
2114.0,3.4200747400201275,29.2
2115.0,3.4197848037571283,29.2
2116.0,3.4194948674941297,29.2
2117.0,3.4192049312311306,29.2
2118.0,3.418819993290842,29.2
2119.0,3.4188,29.2
2120.0,3.4185351224421336,29.2
2121.0,3.4179903723582687,29.2
2122.0,3.4176552499161357,29.2
2123.0,3.4173653136531366,29.2
2124.0,3.4170753773901374,29.2
2125.0,3.417,29.2
2126.0,3.4167955048641394,29.2
2127.0,3.4165055686011407,29.2
2128.0,3.4162156323381416,29.2
2129.0,3.415867594766857,29.2
2130.0,3.4155357598121436,29.2
2131.0,3.4154,29.2
2132.0,3.4152558872861456,29.2
2133.0,3.4149659510231465,29.2
2134.0,3.4146760147601474,29.2
2135.0,3.4143860784971487,29.2
2136.0,3.4140961422341496,29.2
2137.0,3.4139,29.2
2138.0,3.4138162697081516,29.2
2139.0,3.413526333445153,29.2
2140.0,3.4132363971821538,29.2
2141.0,3.4129286145588726,29.2
2142.0,3.4125565246561558,29.3
2143.0,3.4122665883931567,29.4
2144.0,3.412,29.1
2145.0,3.4119867158671586,29.4
2146.0,3.41169677960416,29.4
2147.0,3.411406843341161,29.2
2148.0,3.4111169070781613,29.1
2149.0,3.4111,29.2
2150.0,3.4108370345521637,29.2
2151.0,3.4105470982891646,29.2
2152.0,3.4100143240523315,29.2
2153.0,3.409589634350889,29.2
2154.0,3.4092772895001677,29.2
2155.0,3.4089873532371686,29.3
2156.0,3.4086974169741695,29.4
2157.0,3.4086,29.3
2158.0,3.408417544448172,29.1
2159.0,3.408127608185173,29.2
2160.0,3.4078376719221737,29.2
2161.0,3.4077,29.2
2162.0,3.4075577993961756,29.2
2163.0,3.4072678631331765,29.2
2164.0,3.406977926870178,29.2
2165.0,3.406650654142905,29.2
2166.0,3.40629805434418,29.2
2167.0,3.4060081180811808,29.2
2168.0,3.4058,29.2
2169.0,3.4056564911103657,29.1
2170.0,3.4052,29.2
2171.0,3.4051483730291845,29.3
2172.0,3.404858436766186,29.2
2173.0,3.4045685005031867,29.3
2174.0,3.404278564240188,29.2
2175.0,3.404,29.4
2176.0,3.40399869171419,29.3
2177.0,3.403708755451191,29.3
2178.0,3.4033250922509226,29.4
2179.0,3.403028882925193,29.3
2180.0,3.402738946662194,29.4
2181.0,3.4021980207983895,29.2
2182.0,3.4021,29.3
2183.0,3.401869137873197,29.3
2184.0,3.4015792016101978,29.3
2185.0,3.4012892653471987,29.3
2186.0,3.4009993290842,29.2
2187.0,3.400709392821201,29.3
2188.0,3.4003592754109357,29.3
2189.0,3.400029520295203,29.2
2190.0,3.3999,29.3
2191.0,3.399749647769205,29.3
2192.0,3.399459711506206,29.3
2193.0,3.399169775243207,29.3
2194.0,3.398879838980208,29.2
2195.0,3.398589902717209,29.2
2196.0,3.3982999664542097,29.3
2197.0,3.3981,29.3
2198.0,3.3980200939282117,29.3
2199.0,3.397730157665213,29.3
2200.0,3.397420295202952,29.3
2201.0,3.397050285139215,29.3
2202.0,3.396760348876216,29.2
2203.0,3.3964704126132172,29.3
2204.0,3.3962,29.3
2205.0,3.3961905400872188,29.3
2206.0,3.39590060382422,29.4
2207.0,3.3953213351224423,29.4
2208.0,3.3953,29.3
2209.0,3.395030795035223,29.4
2210.0,3.394740858772224,29.3
2211.0,3.394118819188192,29.3
2212.0,3.394,29.4
2213.0,3.393771049983227,29.3
2214.0,3.3934811137202283,29.4
2215.0,3.393191177457229,29.3
2216.0,3.39290124119423,29.3
2217.0,3.392611304931231,29.3
2218.0,3.3923213686682323,29.3
2219.0,3.392031432405233,29.3
2220.0,3.3919,29.3
2221.0,3.391751559879235,29.3
2222.0,3.391461623616236,29.4
2223.0,3.391128916470983,29.3
2224.0,3.390781751090238,29.3
2225.0,3.3904918148272394,29.3
2226.0,3.3902018785642403,29.3
2227.0,3.389911942301241,29.3
2228.0,3.389622006038242,29.3
2229.0,3.3894,29.4
2230.0,3.3893421335122444,29.4
2231.0,3.3890521972492453,29.4
2232.0,3.388762260986246,29.4
2233.0,3.388472324723247,29.3
2234.0,3.3881765179469974,29.3
2235.0,3.387792452197249,29.4
2236.0,3.3875025159342504,29.3
2237.0,3.3872125796712513,29.4
2238.0,3.386922643408252,29.4
2239.0,3.3866327071452536,29.4
2240.0,3.3866,29.3
2241.0,3.385858503857766,29.4
2242.0,3.3857,29.4
2243.0,3.3854729620932575,29.4
2244.0,3.3851830258302584,29.4
2245.0,3.3848241194230124,29.4
2246.0,3.38450315330426,29.4
2247.0,3.3842132170412613,29.3
2248.0,3.383923280778262,29.3
2249.0,3.3836333445152635,29.3
2250.0,3.3833434082522644,29.4
2251.0,3.3832,29.4
2252.0,3.3830635357262664,29.3
2253.0,3.3827735994632673,29.4
2254.0,3.382483663200268,29.4
2255.0,3.3821937269372695,29.4
2256.0,3.3818717208990274,29.3
2257.0,3.3815138544112715,29.4
2258.0,3.3812239181482724,29.4
2259.0,3.3809339818852733,29.4
2260.0,3.380644045622274,29.4
2261.0,3.3803541093592755,29.4
2262.0,3.3800641730962764,29.4
2263.0,3.3797742368332773,29.4
2264.0,3.3795,29.4
2265.0,3.379488728614559,29.3
2266.0,3.3789088560885605,29.4
2267.0,3.3785193223750416,29.4
2268.0,3.3785,29.4
2269.0,3.3782346192552835,29.4
2270.0,3.3779446829922843,29.4
2271.0,3.3776547467292857,29.4
2272.0,3.3773648104662866,29.4
2273.0,3.376849748406575,29.4
2274.0,3.3764849379402886,29.4
2275.0,3.3761950016772895,29.4
2276.0,3.3759050654142904,29.4
2277.0,3.375553505535055,29.4
2278.0,3.375225192888293,29.4
2279.0,3.3749352566252937,29.4
2280.0,3.3748,29.4
2281.0,3.374655384099295,29.4
2282.0,3.3743654478362965,29.4
2283.0,3.3740755115732974,29.4
2284.0,3.3737855753102983,29.4
2285.0,3.3734956390472997,29.4
2286.0,3.3732057027843005,29.4
2287.0,3.372915766521302,29.4
2288.0,3.37260110701107,29.4
2289.0,3.3722358939953034,29.4
2290.0,3.3719459577323043,29.4
2291.0,3.3716560214693057,29.3
2292.0,3.3713660852063065,29.4
2293.0,3.371076148943308,29.4
2294.0,3.3707862126803088,29.4
2295.0,3.370496276417309,29.4
2296.0,3.3702063401543105,29.4
2297.0,3.3699164038913114,29.4
2298.0,3.3696264676283127,29.4
2299.0,3.3692487084870852,29.4
2300.0,3.3686931902046293,29.4
2301.0,3.368356658839316,29.4
2302.0,3.368066722576317,29.4
2303.0,3.3677767863133177,29.4
2304.0,3.3674868500503186,29.4
2305.0,3.36719691378732,29.4
2306.0,3.3669069775243208,29.4
2307.0,3.3666170412613217,29.4
2308.0,3.366269473331097,29.4
2309.0,3.3659371687353237,29.4
2310.0,3.3656472324723246,29.4
2311.0,3.365357296209326,29.5
2312.0,3.3650673599463268,29.5
2313.0,3.3647774236833277,29.4
2314.0,3.3644874874203285,29.4
2315.0,3.3643,29.4
2316.0,3.364115229788662,29.4
2317.0,3.363617678631332,29.4
2318.0,3.36330365649111,29.4
2319.0,3.3629378061053337,29.4
2320.0,3.3627,29.4
2321.0,3.3626158671586714,29.4
2322.0,3.3620679973163368,29.6
2323.0,3.361778061053338,29.6
2324.0,3.3614762495806776,29.4
2325.0,3.3608981885273397,29.6
2326.0,3.3606082522643406,29.6
2327.0,3.360318316001342,29.6
2328.0,3.3599378396511237,29.4
2329.0,3.3599,29.4
2330.0,3.35939701442469,29.4
2331.0,3.3590585709493457,29.6
2332.0,3.3587686346863466,29.4
2333.0,3.358478698423348,29.5
2334.0,3.358188762160349,29.6
2335.0,3.3581,29.5
2336.0,3.3577177792687016,29.5
2337.0,3.357318953371352,29.6
2338.0,3.3569720228111373,29.6
2339.0,3.356639080845354,29.5
2340.0,3.356349144582355,29.5
2341.0,3.3560592083193557,29.6
2342.0,3.355769272056357,29.6
2343.0,3.355479335793358,29.6
2344.0,3.355189399530359,29.6
2345.0,3.3548994632673597,29.6
2346.0,3.354609527004361,29.6
2347.0,3.354319590741362,29.6
2348.0,3.3540062059711504,29.6
2349.0,3.353519154646092,29.6
2350.0,3.3528,29.6
2351.0,3.352759845689366,29.6
2352.0,3.352439818852734,29.6
2353.0,3.351879973163368,29.6
2354.0,3.351590036900369,29.6
2355.0,3.35130010063737,29.6
2356.0,3.3513,29.6
2357.0,3.3506471989265347,29.6
2358.0,3.3503302918483726,29.6
2359.0,3.350040355585374,29.6
2360.0,3.349750419322375,29.6
2361.0,3.349460483059376,29.6
2362.0,3.349170546796377,29.6
2363.0,3.3488806105333784,29.6
2364.0,3.3485906742703793,29.6
2365.0,3.34830073800738,29.6
2366.0,3.348010801744381,29.6
2367.0,3.347661153975176,29.6
2368.0,3.347330929218383,29.6
2369.0,3.3468819859107684,29.6
2370.0,3.346451056692385,29.6
2371.0,3.346161120429386,29.6
2372.0,3.3458711841663873,29.6
2373.0,3.3457,29.6
2374.0,3.3452290171083527,29.6
2375.0,3.3444,29.6
2376.0,3.344311439114391,29.6
2377.0,3.344021502851392,29.6
2378.0,3.343731566588393,29.6
2379.0,3.3434416303253944,29.6
2380.0,3.3431033881247902,29.6
2381.0,3.342561757799396,29.6
2382.0,3.342271821536397,29.6
2383.0,3.3419818852733982,29.6
2384.0,3.341689265347199,29.6
2385.0,3.3413026836632005,29.6
2386.0,3.3410120764844016,29.6
2387.0,3.340722140221402,29.6
2388.0,3.3401644079168067,29.6
2389.0,3.3401,29.6
2390.0,3.3396046628648106,29.6
2391.0,3.3392623951694063,29.6
2392.0,3.3389724589064076,29.6
2393.0,3.3386825226434085,29.6
2394.0,3.338323448507212,29.6
2395.0,3.33800265011741,29.6
2396.0,3.3377127138544114,29.6
2397.0,3.337245555182825,29.6
2398.0,3.3366656826568266,29.6
2399.0,3.336242905065414,29.6
2400.0,3.3359529688024154,29.6
2401.0,3.3356630325394163,29.6
2402.0,3.3353307950352233,29.6
2403.0,3.3349831600134183,29.6
2404.0,3.3345864475008384,29.6
2405.0,3.3341032874874204,29.6
2406.0,3.3338133512244212,29.7
2407.0,3.3335234149614226,29.7
2408.0,3.3332334786984235,29.6
2409.0,3.3329435424354243,29.6
2410.0,3.3326536061724252,29.6
2411.0,3.332351559879235,29.6
2412.0,3.3319474672928546,29.6
2413.0,3.3313837973834284,29.6
2414.0,3.3310938611204297,29.8
2415.0,3.3308039248574306,29.6
2416.0,3.330513988594431,29.6
2417.0,3.3302240523314324,29.6
2418.0,3.329668232136867,29.6
2419.0,3.3290030862126803,29.6
2420.0,3.3286542435424353,29.6
2421.0,3.3283643072794367,29.6
2422.0,3.327848742032875,29.6
2423.0,3.3274844347534387,29.6
2424.0,3.3271944984904396,29.6
2425.0,3.3269045622274405,29.7
2426.0,3.3266146259644414,29.8
2427.0,3.326090942636699,29.8
2428.0,3.3256347534384436,29.8
2429.0,3.3253448171754445,29.7
2430.0,3.3250548809124454,29.6
2431.0,3.324629889298893,29.6
2432.0,3.3241750083864474,29.6
2433.0,3.3238850721234483,29.7
2434.0,3.3235951358604496,29.8
2435.0,3.323178799060718,29.8
2436.0,3.322615263334452,29.7
2437.0,3.3223253270714523,29.6
2438.0,3.3220353908084537,29.6
2439.0,3.321690909090909,29.6
2440.0,3.3211110365649112,29.8
2441.0,3.320565582019457,29.6
2442.0,3.3202756457564577,29.8
2443.0,3.3199666554847367,29.8
2444.0,3.3192957732304595,29.6
2445.0,3.3190058369674604,29.8
2446.0,3.3187159007044618,29.8
2447.0,3.3184259644414627,29.6
2448.0,3.3181360281784635,29.6
2449.0,3.317592183830929,29.8
2450.0,3.3172561556524656,29.6
2451.0,3.3169662193894665,29.8
2452.0,3.3163779939617575,29.7
2453.0,3.3159863468634687,29.6
2454.0,3.3156964106004696,29.6
2455.0,3.3154064743374705,29.6
2456.0,3.3149330761489435,29.6
2457.0,3.3145266018114725,29.7
2458.0,3.3142366655484734,29.7
2459.0,3.313589097618249,29.7
2460.0,3.312956793022476,29.7
2461.0,3.312666856759477,29.6
2462.0,3.3122538409929554,29.7
2463.0,3.311786984233479,29.8
2464.0,3.3114970479704797,29.7
2465.0,3.3111142234149615,29.6
2466.0,3.310589567259309,29.7
2467.0,3.310154478362965,29.8
2468.0,3.3096373029184836,29.6
2469.0,3.309347366655485,29.8
2470.0,3.309057430392486,29.8
2471.0,3.3087349882589736,29.8
2472.0,3.308177557866488,29.8
2473.0,3.307871117074807,29.6
2474.0,3.3071976853404896,29.8
2475.0,3.306907749077491,29.8
2476.0,3.306617812814492,29.8
2477.0,3.3060557531029855,29.8
2478.0,3.3057379402884934,29.8
2479.0,3.3051960080509892,29.8
2480.0,3.3046161355249914,29.8
2481.0,3.304190841999329,29.8
2482.0,3.303656390472996,29.8
2483.0,3.303288258973499,29.8
2484.0,3.3029983227105,29.8
2485.0,3.3025167728950016,29.8
2486.0,3.302118450184502,29.8
2487.0,3.3016570278430057,29.8
2488.0,3.301184770211339,29.8
2489.0,3.300848641395505,29.8
2490.0,3.3004174102650117,29.8
2491.0,3.299837537739014,29.8
2492.0,3.2993788326065077,29.8
2493.0,3.299088896343509,29.8
2494.0,3.2986979201610196,29.8
2495.0,3.2981786984233477,29.8
2496.0,3.2977381751090236,29.8
2497.0,3.297158302583026,29.8
2498.0,3.296578430057028,29.8
2499.0,3.296049278765515,29.8
2500.0,3.2957186850050317,29.8
2501.0,3.295159208319356,29.8
2502.0,3.2947589399530357,29.8
2503.0,3.294189533713519,29.8
2504.0,3.29389919490104,29.8
2505.0,3.2933193223750417,30.0
2506.0,3.293019724924522,29.8
2507.0,3.2927297886615228,29.8
2508.0,3.292179704797048,29.8
2509.0,3.2915164709828915,29.8
2510.0,3.291159979872526,29.8
2511.0,3.2906400872190544,29.8
2512.0,3.290060214693056,29.9
2513.0,3.289480342167058,29.9
2514.0,3.2888338812479034,29.8
2515.0,3.288410298557531,29.8
2516.0,3.287940724589064,29.9
2517.0,3.287360852063066,29.8
2518.0,3.286940489768534,29.8
2519.0,3.28650110701107,29.8
2520.0,3.286060617242536,29.8
2521.0,3.28559825561892,29.9
2522.0,3.2849614894330763,29.9
2523.0,3.284490808453539,29.9
2524.0,3.28410174438108,30.0
2525.0,3.2835218718550823,30.0
2526.0,3.2830209996645423,29.9
2527.0,3.282639147936934,29.8
2528.0,3.2819233814156323,30.0
2529.0,3.2811023817510905,30.0
2530.0,3.280561254612546,29.9
2531.0,3.280233076148943,29.8
2532.0,3.279581382086548,30.0
2533.0,3.2792828916470986,30.0
2534.0,3.2787030191211004,30.0
2535.0,3.278123146595102,30.0
2536.0,3.2775432740691044,30.0
2537.0,3.276963401543106,30.0
2538.0,3.2765556860114056,29.9
2539.0,3.27600365649111,30.0
2540.0,3.2754237839651124,30.0
2541.0,3.2748439114391146,30.0
2542.0,3.274482019456558,30.0
2543.0,3.2737069439785307,30.0
2544.0,3.2730042938611206,29.9
2545.0,3.272424421335123,30.0
2546.0,3.2720222744045624,29.9
2547.0,3.2715646762831265,29.9
2548.0,3.2709848037571287,29.9
2549.0,3.2703557531029857,29.9
2550.0,3.2697250587051325,30.0
2551.0,3.2691451861791347,29.9
2552.0,3.268565313653137,29.9
2553.0,3.2679854411271383,29.9
2554.0,3.267373163367997,30.0
2555.0,3.266812848037571,30.0
2556.0,3.2664458235491445,30.0
2557.0,3.26579892653472,29.9
2558.0,3.2649860784971487,29.9
2559.0,3.264390573633009,29.9
2560.0,3.2637263334451525,29.9
2561.0,3.2631464609191543,29.9
2562.0,3.2625665883931565,30.0
2563.0,3.2619867158671587,29.9
2564.0,3.261406843341161,29.9
2565.0,3.260731465951023,30.0
2566.0,3.2601470982891647,29.9
2567.0,3.259567225763167,29.9
2568.0,3.2589873532371687,30.0
2569.0,3.258407480711171,29.9
2570.0,3.257512680308621,29.9
2571.0,3.2568477356591745,29.9
2572.0,3.2562678631331767,30.0
2573.0,3.255687990607179,30.0
2574.0,3.255042804428044,29.9
2575.0,3.2544282455551827,29.9
2576.0,3.253848373029185,29.9
2577.0,3.2532685005031867,29.9
2578.0,3.252688627977189,29.9
2579.0,3.252060214693056,30.0
2580.0,3.251293324387789,30.1
2581.0,3.2505490103991947,30.1
2582.0,3.2498537068097955,30.1
2583.0,3.2490541429050652,30.1
2584.0,3.248409392821201,30.1
2585.0,3.247829520295203,30.1
2586.0,3.247249647769205,30.1
2587.0,3.2466697752432068,30.1
2588.0,3.2460165045286815,29.9
2589.0,3.2451100301912112,30.1
2590.0,3.244530157665213,30.1
2591.0,3.2439502851392152,30.1
2592.0,3.2433704126132166,30.1
2593.0,3.2427795035223075,30.1
2594.0,3.2415231130493125,30.1
2595.0,3.240930795035223,30.1
2596.0,3.2403509225092253,30.1
2597.0,3.239771049983227,30.1
2598.0,3.2388519624287153,30.1
2599.0,3.238211304931231,30.1
2600.0,3.237631432405233,30.1
2601.0,3.2368273398188525,30.1
2602.0,3.23610030191211,30.1
2603.0,3.235491814827239,30.1
2604.0,3.2349119423012413,30.1
2605.0,3.233964139550486,30.2
2606.0,3.2330942301241192,30.2
2607.0,3.2324723247232474,30.1
2608.0,3.231738678295874,30.1
2609.0,3.231012579671251,30.1
2610.0,3.2302545119087553,30.2
2611.0,3.2294528346192553,30.3
2612.0,3.228759443139886,30.3
2613.0,3.2279930895672595,30.2
2614.0,3.227382086548138,30.1
2615.0,3.2265666890305265,30.2
2616.0,3.225553471989265,30.3
2617.0,3.2249103991949006,30.1
2618.0,3.2240760147601475,30.1
2619.0,3.2233707816169073,30.1
2620.0,3.2225339818852734,30.3
2621.0,3.221931164038913,30.1
2622.0,3.2210699429721568,30.5
2623.0,3.2203915464609194,30.3
2624.0,3.219521737671922,30.3
2625.0,3.2189346192552835,30.3
2626.0,3.217718617913452,30.3
2627.0,3.2170748742032877,30.3
2628.0,3.2162425025159345,30.3
2629.0,3.2153726937269367,30.1
2630.0,3.214657799396176,30.3
2631.0,3.2138330761489433,30.3
2632.0,3.2131755115732976,30.3
2633.0,3.2123934585709493,30.3
2634.0,3.211459610868836,30.3
2635.0,3.2107358939953037,30.3
2636.0,3.2098120429386108,30.3
2637.0,3.2087602482388458,30.3
2638.0,3.2079962764173096,30.3
2639.0,3.207274605836967,30.3
2640.0,3.2064047970479703,30.3
2641.0,3.2056161019792015,30.4
2642.0,3.2048651794699765,30.4
2643.0,3.2039953706809796,30.3
2644.0,3.2032170412613215,30.3
2645.0,3.2024471989265346,30.3
2646.0,3.2012859443139883,30.3
2647.0,3.200416135524992,30.3
2648.0,3.199580476350218,30.3
2649.0,3.1988765179469976,30.3
2650.0,3.1980067091580007,30.5
2651.0,3.1971369003690038,30.3
2652.0,3.196263435088896,30.3
2653.0,3.1952963770546794,30.3
2654.0,3.1941366320026834,30.3
2655.0,3.193257665213016,30.3
2656.0,3.1922976182489102,30.5
2657.0,3.1914180476350222,30.5
2658.0,3.19079882589735,30.5
2659.0,3.1898982556189197,30.5
2660.0,3.189008621268031,30.5
2661.0,3.1881388124790337,30.5
2662.0,3.187269003690037,30.5
2663.0,3.186132170412613,30.5
2664.0,3.185129386112043,30.5
2665.0,3.1842595773230458,30.5
2666.0,3.1833330761489433,30.5
2667.0,3.1824199597450518,30.5
2668.0,3.181550150956055,30.5
2669.0,3.1806337135189535,30.5
2670.0,3.179710533378061,30.5
2671.0,3.178720966118752,30.5
2672.0,3.1776343508889635,30.5
2673.0,3.1766014760147603,30.5
2674.0,3.175531298222073,30.5
2675.0,3.1746349882589735,30.5
2676.0,3.173691680644079,30.5
2677.0,3.1728218718550822,30.7
2678.0,3.1719356256289832,30.5
2679.0,3.1709037571284804,30.7
2680.0,3.1695124454880914,30.7
2681.0,3.168636262998994,30.7
2682.0,3.1676637705467963,30.7
2683.0,3.1665040254948003,30.7
2684.0,3.1656332103321034,30.7
2685.0,3.164670446159007,30.7
2686.0,3.1637935927541094,30.7
2687.0,3.1624063066085206,30.7
2688.0,3.161371083529017,30.7
2689.0,3.160484166387118,30.7
2690.0,3.159385810130828,30.7
2691.0,3.158371720899027,30.7
2692.0,3.1574747400201275,30.7
2693.0,3.156406574974841,30.7
2694.0,3.1553723582690374,30.7
2695.0,3.1541088560885613,30.7
2696.0,3.152939449849044,30.7
2697.0,3.1520256960751425,30.8
2698.0,3.1510078497148606,30.9
2699.0,3.1499400872190537,30.9
2700.0,3.148888359610869,30.8
2701.0,3.147728614558873,30.7
2702.0,3.1465329419657833,30.7
2703.0,3.145406843341161,30.7
2704.0,3.144449379402885,30.7
2705.0,3.1432637705467967,30.7
2706.0,3.14209741697417,30.7
2707.0,3.141150989600805,30.7
2708.0,3.139910399194901,30.7
2709.0,3.138750654142905,30.7
2710.0,3.1375818181818182,30.9
2711.0,3.1363311640389133,30.9
2712.0,3.1351785642401877,30.7
2713.0,3.134308755451191,30.9
2714.0,3.1330562562898354,30.9
2715.0,3.1318921838309293,30.9
2716.0,3.130376585038577,30.9
2717.0,3.1294295202952034,30.9
2718.0,3.1283129486749415,30.9
2719.0,3.1270743039248576,30.9
2720.0,3.1258934585709492,30.9
2721.0,3.124661522978866,30.9
2722.0,3.1234739684669575,30.9
2723.0,3.1220522978866154,30.9
2724.0,3.1207544783629655,30.9
2725.0,3.1195947333109695,30.9
2726.0,3.118379570613888,31.0
2727.0,3.1171752432069773,30.9
2728.0,3.1161129151291513,30.9
2729.0,3.114919691378732,30.9
2730.0,3.1135960080509895,30.9
2731.0,3.11239761824891,31.0
2732.0,3.1111765179469977,30.9
2733.0,3.1099848373029184,30.9
2734.0,3.108757027843006,31.0
2735.0,3.1074206977524317,31.0
2736.0,3.1057375377390133,31.0
2737.0,3.1045777926870177,31.0
2738.0,3.1034028849379403,31.0
2739.0,3.102158302583026,31.0
2740.0,3.1009647433747065,31.0
2741.0,3.0994235155987924,31.0
2742.0,3.097977323045958,30.9
2743.0,3.096720932572962,31.0
2744.0,3.095559577323046,31.0
2745.0,3.0940331096947333,31.0
2746.0,3.092840087219054,31.0
2747.0,3.091680342167058,31.0
2748.0,3.089949278765515,31.0
2749.0,3.0886608520630663,31.0
2750.0,3.0874261992619925,31.0
2751.0,3.086026702448842,31.0
2752.0,3.0847134183160008,31.0
2753.0,3.083132807782623,31.0
2754.0,3.08170063737001,31.0
2755.0,3.0803279771888628,31.0
2756.0,3.078987856424019,31.0
2757.0,3.0776286145588734,31.1
2758.0,3.076323146595102,31.2
2759.0,3.0749845353908083,31.2
2760.0,3.073479570613888,31.2
2761.0,3.071991881918819,31.1
2762.0,3.070480207983898,31.1
2763.0,3.0690931231130496,31.2
2764.0,3.067780845353908,31.2
2765.0,3.06630657497484,31.2
2766.0,3.064781482723918,31.2
2767.0,3.0633139215028513,31.2
2768.0,3.0618256960751427,31.2
2769.0,3.0605877557866488,31.2
2770.0,3.0587827574639386,31.2
2771.0,3.057328614558873,31.2
2772.0,3.0557833948339486,31.2
2773.0,3.054333713518953,31.2
2774.0,3.053072827910097,31.2
2775.0,3.051361221066756,31.2
2776.0,3.0497969808788996,31.4
2777.0,3.048334988258973,31.2
2778.0,3.0468043274069103,31.4
2779.0,3.045335625628984,31.2
2780.0,3.043588862797719,31.3
2781.0,3.0420362629989937,31.4
2782.0,3.040519020462932,31.3
2783.0,3.0390369003690036,31.2
2784.0,3.0375263669909427,31.2
2785.0,3.036037537739014,31.3
2786.0,3.034371284803757,31.4
2787.0,3.0326873867829587,31.4
2788.0,3.0311884937940285,31.4
2789.0,3.0296947333109694,31.4
2790.0,3.0280669573968466,31.4
2791.0,3.0264020798389804,31.4
2792.0,3.0248897685340492,31.4
2793.0,3.023409426366991,31.4
2794.0,3.021890405904059,31.4
2795.0,3.020273062730628,31.4
2796.0,3.0182910432740693,31.4
2797.0,3.016824119423012,31.4
2798.0,3.0152500167728946,31.4
2799.0,3.013531465951023,31.4
2800.0,3.0119636028178465,31.4
2801.0,3.0101426366990944,31.4
2802.0,3.008691076819859,31.4
2803.0,3.0068548138208655,31.4
2804.0,3.0053935927541096,31.6
2805.0,3.003582287822878,31.4
2806.0,3.001833076148943,31.4
2807.0,3.0002608520630663,31.4
2808.0,2.9987948674941296,31.6
2809.0,2.997037235826904,31.6
2810.0,2.9952009728279103,31.5
2811.0,2.993434988258973,31.5
2812.0,2.9918292183830926,31.5
2813.0,2.9901557531029854,31.5
2814.0,2.9883559208319355,31.6
2815.0,2.9865765179469976,31.6
2816.0,2.9849439114391147,31.5
2817.0,2.983447735659175,31.5
2818.0,2.981810868835961,31.6
2819.0,2.9798442804428045,31.6
2820.0,2.97799869171419,31.6
2821.0,2.97640207983898,31.6
2822.0,2.9745991949010397,31.6
2823.0,2.9728295538409926,31.6
2824.0,2.9709932908419994,31.6
2825.0,2.969250285139215,31.6
2826.0,2.9677207648440116,31.6
2827.0,2.96590110701107,31.6
2828.0,2.964148238846025,31.6
2829.0,2.9623119758470313,31.6
2830.0,2.9604822542770886,31.6
2831.0,2.9587394498490442,31.6
2832.0,2.9569031868500506,31.6
2833.0,2.954777490774908,31.6
2834.0,2.95330315330426,31.6
2835.0,2.951494397853069,31.6
2836.0,2.9497445488091243,31.6
2837.0,2.947672693726937,31.6
2838.0,2.945785608856088,31.6
2839.0,2.9442547467292854,31.6
2840.0,2.94229409594096,31.7
2841.0,2.9404464609191545,31.8
2842.0,2.9386405568601144,31.8
2843.0,2.9368042938611207,31.8
2844.0,2.9350276081851727,31.8
2845.0,2.9330630996309965,31.8
2846.0,2.9311483730291847,31.8
2847.0,2.929507782623281,31.8
2848.0,2.9276845018450186,31.7
2849.0,2.9257295202952025,31.7
2850.0,2.9238321033210326,31.8
2851.0,2.921814189869171,31.8
2852.0,2.920010667561221,31.8
2853.0,2.9182416638711843,31.8
2854.0,2.9163533378061057,31.8
2855.0,2.9143011070110707,31.8
2856.0,2.912232874874203,31.8
2857.0,2.91030080509896,31.8
2858.0,2.907972962093257,31.8
2859.0,2.9062240858772226,31.8
2860.0,2.9043760147601474,32.0
2861.0,2.9023439114391145,31.8
2862.0,2.9002177121771218,31.8
2863.0,2.898379033881248,32.0
2864.0,2.896635256625293,31.8
2865.0,2.8945391143911436,31.8
2866.0,2.8924129151291513,31.8
2867.0,2.890369137873197,31.8
2868.0,2.888260516605166,31.8
2869.0,2.886361455887286,32.0
2870.0,2.8840910432740694,31.9
2871.0,2.8821579335793355,31.9
2872.0,2.8801557195571954,31.9
2873.0,2.8780295202952026,31.9
2874.0,2.8759622609862463,32.0
2875.0,2.8738771217712173,32.0
2876.0,2.8717509225092246,31.9
2877.0,2.869673599463267,31.8
2878.0,2.86759852398524,31.9
2879.0,2.865472324723247,32.0
2880.0,2.8633849379402885,32.0
2881.0,2.8612135524991613,32.0
2882.0,2.8587974169741694,31.9
2883.0,2.8565537739013753,31.9
2884.0,2.854488963435089,32.0
2885.0,2.8519371687353234,32.0
2886.0,2.849888929889299,32.0
2887.0,2.8477627306273057,32.0
2888.0,2.845564676283126,32.0
2889.0,2.8429189533713517,32.0
2890.0,2.840884132841329,32.0
2891.0,2.838746460919155,32.0
2892.0,2.8360403891311643,32.2
2893.0,2.833905535055351,32.0
2894.0,2.831595639047299,32.0
2895.0,2.8291876551492785,32.0
2896.0,2.826771519624287,32.2
2897.0,2.824355384099295,32.0
2898.0,2.821939248574304,32.2
2899.0,2.8193729620932575,32.2
2900.0,2.8169069775243205,32.1
2901.0,2.8146959409594094,32.1
2902.0,2.8119846360281784,32.2
2903.0,2.809358570949346,32.1
2904.0,2.806942435424354,32.1
2905.0,2.8043614558872862,32.2
2906.0,2.8018617577993963,32.2
2907.0,2.799349312311305,32.1
2908.0,2.7966432405233146,32.0
2909.0,2.794061757799396,32.1
2910.0,2.791531096947333,32.2
2911.0,2.788825025159342,32.2
2912.0,2.7861189533713513,32.2
2913.0,2.7833285474672924,32.2
2914.0,2.7804068097953705,32.2
2915.0,2.7777221402214027,32.2
2916.0,2.7750405233143245,32.2
2917.0,2.7720885944313984,32.2
2918.0,2.769382522643408,32.2
2919.0,2.766652499161355,32.2
2920.0,2.7636564911103654,32.2
2921.0,2.7606643072794363,32.2
2922.0,2.757958235491446,32.2
2923.0,2.7549684669573966,32.2
2924.0,2.7519724589064074,32.2
2925.0,2.7487128815833604,32.2
2926.0,2.7456804428044284,32.2
2927.0,2.742927876551493,32.2
2928.0,2.7395216705803427,32.2
2929.0,2.7363924186514597,32.3
2930.0,2.733183160013419,32.4
2931.0,2.7301004025494806,32.4
2932.0,2.7266537739013748,32.4
2933.0,2.7234083864475003,32.4
2934.0,2.720066387118416,32.4
2935.0,2.7166534384434753,32.4
2936.0,2.7133674941294865,32.4
2937.0,2.7097959409594092,32.4
2938.0,2.70619560550151,32.4
2939.0,2.7027460919154658,32.4
2940.0,2.699111103656491,32.5
2941.0,2.695432673599463,32.4
2942.0,2.6917518282455553,32.4
2943.0,2.6881911439114394,32.4
2944.0,2.684107581348541,32.4
2945.0,2.680469406239517,32.5
2946.0,2.6766035893995306,32.5
2947.0,2.672681549815497,32.5
2948.0,2.668471955719556,32.4
2949.0,2.664576752767527,32.5
2950.0,2.6603283461925518,32.5
2951.0,2.656170043609528,32.5
2952.0,2.6516277088225437,32.5
2953.0,2.647461086883597,32.5
2954.0,2.6433053337806114,32.5
2955.0,2.6385390472995636,32.5
2956.0,2.634293827574639,32.5
2957.0,2.629574505199597,32.5
2958.0,2.625050855417645,32.5
2959.0,2.620309963099631,32.6
2960.0,2.6154776920496476,32.6
2961.0,2.610511237839651,32.6
2962.0,2.6054219389466624,32.7
2963.0,2.6004808788996976,32.7
2964.0,2.595534552163704,32.7
2965.0,2.5902942972156997,32.7
2966.0,2.5848821536397186,32.7
2967.0,2.5796109023817517,32.7
2968.0,2.574227037906743,32.7
2969.0,2.5686859778597793,32.7
2970.0,2.563222878228781,32.7
2971.0,2.557520798389801,32.7
2972.0,2.5517281449178117,32.7
2973.0,2.545736128815833,32.8
2974.0,2.5396736665548465,32.9
2975.0,2.533452096611875,32.7
2976.0,2.5274097618248925,32.9
2977.0,2.521127809459914,32.7
2978.0,2.51480560214693,32.9
2979.0,2.5081437772559543,32.9
2980.0,2.5015618248909757,32.9
2981.0,2.4947,32.7
