method_id,test_family,initial_condition_family,independent_training_seeds,paired_cases,mean_paired_success_difference,seed_bootstrap_ci_low,seed_bootstrap_ci_high,sign,inference_scope
mappo,ambient_15C,initially_balanced,5,50,0.0,0.0,0.0,negative means degradation from paired nominal condition,Descriptive unadjusted interval over training seeds on a fixed synthetic test set; not simultaneous inference across all conditions.
mappo,ambient_15C,random_soc,5,50,0.0,0.0,0.0,negative means degradation from paired nominal condition,Descriptive unadjusted interval over training seeds on a fixed synthetic test set; not simultaneous inference across all conditions.
mappo,ambient_34C,initially_balanced,5,50,-0.5,-0.5,-0.5,negative means degradation from paired nominal condition,Descriptive unadjusted interval over training seeds on a fixed synthetic test set; not simultaneous inference across all conditions.
mappo,ambient_34C,random_soc,5,50,-0.8800000000000001,-0.9,-0.8400000000000001,negative means degradation from paired nominal condition,Descriptive unadjusted interval over training seeds on a fixed synthetic test set; not simultaneous inference across all conditions.
mappo,ambient_35C,initially_balanced,5,50,-1.0,-1.0,-1.0,negative means degradation from paired nominal condition,Descriptive unadjusted interval over training seeds on a fixed synthetic test set; not simultaneous inference across all conditions.
mappo,ambient_35C,random_soc,5,50,-0.9800000000000001,-1.0,-0.9400000000000001,negative means degradation from paired nominal condition,Descriptive unadjusted interval over training seeds on a fixed synthetic test set; not simultaneous inference across all conditions.
mappo,current_cap_drop_30pct,initially_balanced,5,50,0.0,0.0,0.0,negative means degradation from paired nominal condition,Descriptive unadjusted interval over training seeds on a fixed synthetic test set; not simultaneous inference across all conditions.
mappo,current_cap_drop_30pct,random_soc,5,50,0.0,0.0,0.0,negative means degradation from paired nominal condition,Descriptive unadjusted interval over training seeds on a fixed synthetic test set; not simultaneous inference across all conditions.
mappo,observation_delay_one_decision,initially_balanced,5,50,-0.1,-0.3,0.0,negative means degradation from paired nominal condition,Descriptive unadjusted interval over training seeds on a fixed synthetic test set; not simultaneous inference across all conditions.
mappo,observation_delay_one_decision,random_soc,5,50,-0.38,-0.54,-0.18,negative means degradation from paired nominal condition,Descriptive unadjusted interval over training seeds on a fixed synthetic test set; not simultaneous inference across all conditions.
mappo,parameters_minus_10pct,initially_balanced,5,50,0.0,0.0,0.0,negative means degradation from paired nominal condition,Descriptive unadjusted interval over training seeds on a fixed synthetic test set; not simultaneous inference across all conditions.
mappo,parameters_minus_10pct,random_soc,5,50,0.0,0.0,0.0,negative means degradation from paired nominal condition,Descriptive unadjusted interval over training seeds on a fixed synthetic test set; not simultaneous inference across all conditions.
mappo,parameters_minus_5pct,initially_balanced,5,50,0.0,0.0,0.0,negative means degradation from paired nominal condition,Descriptive unadjusted interval over training seeds on a fixed synthetic test set; not simultaneous inference across all conditions.
mappo,parameters_minus_5pct,random_soc,5,50,0.0,0.0,0.0,negative means degradation from paired nominal condition,Descriptive unadjusted interval over training seeds on a fixed synthetic test set; not simultaneous inference across all conditions.
mappo,parameters_plus_10pct,initially_balanced,5,50,0.0,0.0,0.0,negative means degradation from paired nominal condition,Descriptive unadjusted interval over training seeds on a fixed synthetic test set; not simultaneous inference across all conditions.
mappo,parameters_plus_10pct,random_soc,5,50,0.0,0.0,0.0,negative means degradation from paired nominal condition,Descriptive unadjusted interval over training seeds on a fixed synthetic test set; not simultaneous inference across all conditions.
mappo,parameters_plus_5pct,initially_balanced,5,50,0.0,0.0,0.0,negative means degradation from paired nominal condition,Descriptive unadjusted interval over training seeds on a fixed synthetic test set; not simultaneous inference across all conditions.
mappo,parameters_plus_5pct,random_soc,5,50,0.0,0.0,0.0,negative means degradation from paired nominal condition,Descriptive unadjusted interval over training seeds on a fixed synthetic test set; not simultaneous inference across all conditions.
mappo,sensor_bias,initially_balanced,5,50,0.0,0.0,0.0,negative means degradation from paired nominal condition,Descriptive unadjusted interval over training seeds on a fixed synthetic test set; not simultaneous inference across all conditions.
mappo,sensor_bias,random_soc,5,50,0.02,0.0,0.06000000000000001,negative means degradation from paired nominal condition,Descriptive unadjusted interval over training seeds on a fixed synthetic test set; not simultaneous inference across all conditions.
mappo,sensor_noise_high,initially_balanced,5,50,-0.3,-0.5,-0.1,negative means degradation from paired nominal condition,Descriptive unadjusted interval over training seeds on a fixed synthetic test set; not simultaneous inference across all conditions.
mappo,sensor_noise_high,random_soc,5,50,-0.86,-0.9400000000000001,-0.8,negative means degradation from paired nominal condition,Descriptive unadjusted interval over training seeds on a fixed synthetic test set; not simultaneous inference across all conditions.
mappo,sensor_noise_low,initially_balanced,5,50,-0.12,-0.3,0.0,negative means degradation from paired nominal condition,Descriptive unadjusted interval over training seeds on a fixed synthetic test set; not simultaneous inference across all conditions.
mappo,sensor_noise_low,random_soc,5,50,-0.64,-0.76,-0.45999999999999996,negative means degradation from paired nominal condition,Descriptive unadjusted interval over training seeds on a fixed synthetic test set; not simultaneous inference across all conditions.
qmix,ambient_15C,initially_balanced,5,50,0.0,0.0,0.0,negative means degradation from paired nominal condition,Descriptive unadjusted interval over training seeds on a fixed synthetic test set; not simultaneous inference across all conditions.
qmix,ambient_15C,random_soc,5,50,0.0,0.0,0.0,negative means degradation from paired nominal condition,Descriptive unadjusted interval over training seeds on a fixed synthetic test set; not simultaneous inference across all conditions.
qmix,ambient_34C,initially_balanced,5,50,-0.5,-0.5,-0.5,negative means degradation from paired nominal condition,Descriptive unadjusted interval over training seeds on a fixed synthetic test set; not simultaneous inference across all conditions.
qmix,ambient_34C,random_soc,5,50,-0.9,-0.9,-0.9,negative means degradation from paired nominal condition,Descriptive unadjusted interval over training seeds on a fixed synthetic test set; not simultaneous inference across all conditions.
qmix,ambient_35C,initially_balanced,5,50,-1.0,-1.0,-1.0,negative means degradation from paired nominal condition,Descriptive unadjusted interval over training seeds on a fixed synthetic test set; not simultaneous inference across all conditions.
qmix,ambient_35C,random_soc,5,50,-1.0,-1.0,-1.0,negative means degradation from paired nominal condition,Descriptive unadjusted interval over training seeds on a fixed synthetic test set; not simultaneous inference across all conditions.
qmix,current_cap_drop_30pct,initially_balanced,5,50,0.0,0.0,0.0,negative means degradation from paired nominal condition,Descriptive unadjusted interval over training seeds on a fixed synthetic test set; not simultaneous inference across all conditions.
qmix,current_cap_drop_30pct,random_soc,5,50,0.0,0.0,0.0,negative means degradation from paired nominal condition,Descriptive unadjusted interval over training seeds on a fixed synthetic test set; not simultaneous inference across all conditions.
qmix,observation_delay_one_decision,initially_balanced,5,50,-0.2,-0.6,0.0,negative means degradation from paired nominal condition,Descriptive unadjusted interval over training seeds on a fixed synthetic test set; not simultaneous inference across all conditions.
qmix,observation_delay_one_decision,random_soc,5,50,-0.5199999999999999,-0.72,-0.3795000000000027,negative means degradation from paired nominal condition,Descriptive unadjusted interval over training seeds on a fixed synthetic test set; not simultaneous inference across all conditions.
qmix,parameters_minus_10pct,initially_balanced,5,50,0.0,0.0,0.0,negative means degradation from paired nominal condition,Descriptive unadjusted interval over training seeds on a fixed synthetic test set; not simultaneous inference across all conditions.
qmix,parameters_minus_10pct,random_soc,5,50,0.0,0.0,0.0,negative means degradation from paired nominal condition,Descriptive unadjusted interval over training seeds on a fixed synthetic test set; not simultaneous inference across all conditions.
qmix,parameters_minus_5pct,initially_balanced,5,50,0.0,0.0,0.0,negative means degradation from paired nominal condition,Descriptive unadjusted interval over training seeds on a fixed synthetic test set; not simultaneous inference across all conditions.
qmix,parameters_minus_5pct,random_soc,5,50,0.0,0.0,0.0,negative means degradation from paired nominal condition,Descriptive unadjusted interval over training seeds on a fixed synthetic test set; not simultaneous inference across all conditions.
qmix,parameters_plus_10pct,initially_balanced,5,50,0.0,0.0,0.0,negative means degradation from paired nominal condition,Descriptive unadjusted interval over training seeds on a fixed synthetic test set; not simultaneous inference across all conditions.
qmix,parameters_plus_10pct,random_soc,5,50,0.0,0.0,0.0,negative means degradation from paired nominal condition,Descriptive unadjusted interval over training seeds on a fixed synthetic test set; not simultaneous inference across all conditions.
qmix,parameters_plus_5pct,initially_balanced,5,50,0.0,0.0,0.0,negative means degradation from paired nominal condition,Descriptive unadjusted interval over training seeds on a fixed synthetic test set; not simultaneous inference across all conditions.
qmix,parameters_plus_5pct,random_soc,5,50,0.0,0.0,0.0,negative means degradation from paired nominal condition,Descriptive unadjusted interval over training seeds on a fixed synthetic test set; not simultaneous inference across all conditions.
qmix,sensor_bias,initially_balanced,5,50,0.0,0.0,0.0,negative means degradation from paired nominal condition,Descriptive unadjusted interval over training seeds on a fixed synthetic test set; not simultaneous inference across all conditions.
qmix,sensor_bias,random_soc,5,50,0.0,0.0,0.0,negative means degradation from paired nominal condition,Descriptive unadjusted interval over training seeds on a fixed synthetic test set; not simultaneous inference across all conditions.
qmix,sensor_noise_high,initially_balanced,5,50,-0.4600000000000001,-0.74,-0.2,negative means degradation from paired nominal condition,Descriptive unadjusted interval over training seeds on a fixed synthetic test set; not simultaneous inference across all conditions.
qmix,sensor_noise_high,random_soc,5,50,-0.8400000000000001,-0.9199999999999999,-0.8,negative means degradation from paired nominal condition,Descriptive unadjusted interval over training seeds on a fixed synthetic test set; not simultaneous inference across all conditions.
qmix,sensor_noise_low,initially_balanced,5,50,-0.2,-0.6,0.0,negative means degradation from paired nominal condition,Descriptive unadjusted interval over training seeds on a fixed synthetic test set; not simultaneous inference across all conditions.
qmix,sensor_noise_low,random_soc,5,50,-0.76,-0.8400000000000001,-0.7,negative means degradation from paired nominal condition,Descriptive unadjusted interval over training seeds on a fixed synthetic test set; not simultaneous inference across all conditions.
qmix_domain_random,ambient_15C,initially_balanced,5,50,0.0,0.0,0.0,negative means degradation from paired nominal condition,Descriptive unadjusted interval over training seeds on a fixed synthetic test set; not simultaneous inference across all conditions.
qmix_domain_random,ambient_15C,random_soc,5,50,0.04,0.0,0.12000000000000002,negative means degradation from paired nominal condition,Descriptive unadjusted interval over training seeds on a fixed synthetic test set; not simultaneous inference across all conditions.
qmix_domain_random,ambient_34C,initially_balanced,5,50,-0.52,-0.56,-0.5,negative means degradation from paired nominal condition,Descriptive unadjusted interval over training seeds on a fixed synthetic test set; not simultaneous inference across all conditions.
qmix_domain_random,ambient_34C,random_soc,5,50,-0.8400000000000001,-0.9,-0.72,negative means degradation from paired nominal condition,Descriptive unadjusted interval over training seeds on a fixed synthetic test set; not simultaneous inference across all conditions.
qmix_domain_random,ambient_35C,initially_balanced,5,50,-0.9400000000000001,-1.0,-0.82,negative means degradation from paired nominal condition,Descriptive unadjusted interval over training seeds on a fixed synthetic test set; not simultaneous inference across all conditions.
qmix_domain_random,ambient_35C,random_soc,5,50,-0.9199999999999999,-1.0,-0.76,negative means degradation from paired nominal condition,Descriptive unadjusted interval over training seeds on a fixed synthetic test set; not simultaneous inference across all conditions.
qmix_domain_random,current_cap_drop_30pct,initially_balanced,5,50,0.0,0.0,0.0,negative means degradation from paired nominal condition,Descriptive unadjusted interval over training seeds on a fixed synthetic test set; not simultaneous inference across all conditions.
qmix_domain_random,current_cap_drop_30pct,random_soc,5,50,0.0,0.0,0.0,negative means degradation from paired nominal condition,Descriptive unadjusted interval over training seeds on a fixed synthetic test set; not simultaneous inference across all conditions.
qmix_domain_random,observation_delay_one_decision,initially_balanced,5,50,-0.22000000000000003,-0.5,0.0,negative means degradation from paired nominal condition,Descriptive unadjusted interval over training seeds on a fixed synthetic test set; not simultaneous inference across all conditions.
qmix_domain_random,observation_delay_one_decision,random_soc,5,50,-0.38,-0.6599999999999999,-0.1,negative means degradation from paired nominal condition,Descriptive unadjusted interval over training seeds on a fixed synthetic test set; not simultaneous inference across all conditions.
qmix_domain_random,parameters_minus_10pct,initially_balanced,5,50,0.0,0.0,0.0,negative means degradation from paired nominal condition,Descriptive unadjusted interval over training seeds on a fixed synthetic test set; not simultaneous inference across all conditions.
qmix_domain_random,parameters_minus_10pct,random_soc,5,50,0.0,0.0,0.0,negative means degradation from paired nominal condition,Descriptive unadjusted interval over training seeds on a fixed synthetic test set; not simultaneous inference across all conditions.
qmix_domain_random,parameters_minus_5pct,initially_balanced,5,50,0.0,0.0,0.0,negative means degradation from paired nominal condition,Descriptive unadjusted interval over training seeds on a fixed synthetic test set; not simultaneous inference across all conditions.
qmix_domain_random,parameters_minus_5pct,random_soc,5,50,0.0,0.0,0.0,negative means degradation from paired nominal condition,Descriptive unadjusted interval over training seeds on a fixed synthetic test set; not simultaneous inference across all conditions.
qmix_domain_random,parameters_plus_10pct,initially_balanced,5,50,0.0,0.0,0.0,negative means degradation from paired nominal condition,Descriptive unadjusted interval over training seeds on a fixed synthetic test set; not simultaneous inference across all conditions.
qmix_domain_random,parameters_plus_10pct,random_soc,5,50,0.02,0.0,0.06000000000000001,negative means degradation from paired nominal condition,Descriptive unadjusted interval over training seeds on a fixed synthetic test set; not simultaneous inference across all conditions.
qmix_domain_random,parameters_plus_5pct,initially_balanced,5,50,0.0,0.0,0.0,negative means degradation from paired nominal condition,Descriptive unadjusted interval over training seeds on a fixed synthetic test set; not simultaneous inference across all conditions.
qmix_domain_random,parameters_plus_5pct,random_soc,5,50,0.02,0.0,0.06000000000000001,negative means degradation from paired nominal condition,Descriptive unadjusted interval over training seeds on a fixed synthetic test set; not simultaneous inference across all conditions.
qmix_domain_random,sensor_bias,initially_balanced,5,50,0.0,0.0,0.0,negative means degradation from paired nominal condition,Descriptive unadjusted interval over training seeds on a fixed synthetic test set; not simultaneous inference across all conditions.
qmix_domain_random,sensor_bias,random_soc,5,50,0.02,0.0,0.06000000000000001,negative means degradation from paired nominal condition,Descriptive unadjusted interval over training seeds on a fixed synthetic test set; not simultaneous inference across all conditions.
qmix_domain_random,sensor_noise_high,initially_balanced,5,50,-0.34,-0.64,-0.06000000000000001,negative means degradation from paired nominal condition,Descriptive unadjusted interval over training seeds on a fixed synthetic test set; not simultaneous inference across all conditions.
qmix_domain_random,sensor_noise_high,random_soc,5,50,-0.82,-0.9199999999999999,-0.7,negative means degradation from paired nominal condition,Descriptive unadjusted interval over training seeds on a fixed synthetic test set; not simultaneous inference across all conditions.
qmix_domain_random,sensor_noise_low,initially_balanced,5,50,-0.25999999999999995,-0.5399999999999999,0.0,negative means degradation from paired nominal condition,Descriptive unadjusted interval over training seeds on a fixed synthetic test set; not simultaneous inference across all conditions.
qmix_domain_random,sensor_noise_low,random_soc,5,50,-0.6,-0.7,-0.48,negative means degradation from paired nominal condition,Descriptive unadjusted interval over training seeds on a fixed synthetic test set; not simultaneous inference across all conditions.
qmix_reward_reference,ambient_15C,initially_balanced,5,50,0.0,0.0,0.0,negative means degradation from paired nominal condition,Descriptive unadjusted interval over training seeds on a fixed synthetic test set; not simultaneous inference across all conditions.
qmix_reward_reference,ambient_15C,random_soc,5,50,0.0,0.0,0.0,negative means degradation from paired nominal condition,Descriptive unadjusted interval over training seeds on a fixed synthetic test set; not simultaneous inference across all conditions.
qmix_reward_reference,ambient_34C,initially_balanced,5,50,-0.5,-0.5,-0.5,negative means degradation from paired nominal condition,Descriptive unadjusted interval over training seeds on a fixed synthetic test set; not simultaneous inference across all conditions.
qmix_reward_reference,ambient_34C,random_soc,5,50,-0.9,-0.9,-0.9,negative means degradation from paired nominal condition,Descriptive unadjusted interval over training seeds on a fixed synthetic test set; not simultaneous inference across all conditions.
qmix_reward_reference,ambient_35C,initially_balanced,5,50,-1.0,-1.0,-1.0,negative means degradation from paired nominal condition,Descriptive unadjusted interval over training seeds on a fixed synthetic test set; not simultaneous inference across all conditions.
qmix_reward_reference,ambient_35C,random_soc,5,50,-1.0,-1.0,-1.0,negative means degradation from paired nominal condition,Descriptive unadjusted interval over training seeds on a fixed synthetic test set; not simultaneous inference across all conditions.
qmix_reward_reference,current_cap_drop_30pct,initially_balanced,5,50,0.0,0.0,0.0,negative means degradation from paired nominal condition,Descriptive unadjusted interval over training seeds on a fixed synthetic test set; not simultaneous inference across all conditions.
qmix_reward_reference,current_cap_drop_30pct,random_soc,5,50,0.0,0.0,0.0,negative means degradation from paired nominal condition,Descriptive unadjusted interval over training seeds on a fixed synthetic test set; not simultaneous inference across all conditions.
qmix_reward_reference,observation_delay_one_decision,initially_balanced,5,50,-0.2,-0.6,0.0,negative means degradation from paired nominal condition,Descriptive unadjusted interval over training seeds on a fixed synthetic test set; not simultaneous inference across all conditions.
qmix_reward_reference,observation_delay_one_decision,random_soc,5,50,-0.5199999999999999,-0.72,-0.36000000000000004,negative means degradation from paired nominal condition,Descriptive unadjusted interval over training seeds on a fixed synthetic test set; not simultaneous inference across all conditions.
qmix_reward_reference,parameters_minus_10pct,initially_balanced,5,50,0.0,0.0,0.0,negative means degradation from paired nominal condition,Descriptive unadjusted interval over training seeds on a fixed synthetic test set; not simultaneous inference across all conditions.
qmix_reward_reference,parameters_minus_10pct,random_soc,5,50,0.0,0.0,0.0,negative means degradation from paired nominal condition,Descriptive unadjusted interval over training seeds on a fixed synthetic test set; not simultaneous inference across all conditions.
qmix_reward_reference,parameters_minus_5pct,initially_balanced,5,50,0.0,0.0,0.0,negative means degradation from paired nominal condition,Descriptive unadjusted interval over training seeds on a fixed synthetic test set; not simultaneous inference across all conditions.
qmix_reward_reference,parameters_minus_5pct,random_soc,5,50,0.0,0.0,0.0,negative means degradation from paired nominal condition,Descriptive unadjusted interval over training seeds on a fixed synthetic test set; not simultaneous inference across all conditions.
qmix_reward_reference,parameters_plus_10pct,initially_balanced,5,50,0.0,0.0,0.0,negative means degradation from paired nominal condition,Descriptive unadjusted interval over training seeds on a fixed synthetic test set; not simultaneous inference across all conditions.
qmix_reward_reference,parameters_plus_10pct,random_soc,5,50,0.0,0.0,0.0,negative means degradation from paired nominal condition,Descriptive unadjusted interval over training seeds on a fixed synthetic test set; not simultaneous inference across all conditions.
qmix_reward_reference,parameters_plus_5pct,initially_balanced,5,50,0.0,0.0,0.0,negative means degradation from paired nominal condition,Descriptive unadjusted interval over training seeds on a fixed synthetic test set; not simultaneous inference across all conditions.
qmix_reward_reference,parameters_plus_5pct,random_soc,5,50,0.0,0.0,0.0,negative means degradation from paired nominal condition,Descriptive unadjusted interval over training seeds on a fixed synthetic test set; not simultaneous inference across all conditions.
qmix_reward_reference,sensor_bias,initially_balanced,5,50,0.0,0.0,0.0,negative means degradation from paired nominal condition,Descriptive unadjusted interval over training seeds on a fixed synthetic test set; not simultaneous inference across all conditions.
qmix_reward_reference,sensor_bias,random_soc,5,50,0.0,0.0,0.0,negative means degradation from paired nominal condition,Descriptive unadjusted interval over training seeds on a fixed synthetic test set; not simultaneous inference across all conditions.
qmix_reward_reference,sensor_noise_high,initially_balanced,5,50,-0.4600000000000001,-0.72,-0.21999999999999997,negative means degradation from paired nominal condition,Descriptive unadjusted interval over training seeds on a fixed synthetic test set; not simultaneous inference across all conditions.
qmix_reward_reference,sensor_noise_high,random_soc,5,50,-0.8400000000000001,-0.9199999999999999,-0.8,negative means degradation from paired nominal condition,Descriptive unadjusted interval over training seeds on a fixed synthetic test set; not simultaneous inference across all conditions.
qmix_reward_reference,sensor_noise_low,initially_balanced,5,50,-0.2,-0.6,0.0,negative means degradation from paired nominal condition,Descriptive unadjusted interval over training seeds on a fixed synthetic test set; not simultaneous inference across all conditions.
qmix_reward_reference,sensor_noise_low,random_soc,5,50,-0.76,-0.8400000000000001,-0.7,negative means degradation from paired nominal condition,Descriptive unadjusted interval over training seeds on a fixed synthetic test set; not simultaneous inference across all conditions.
