decision_s,method,seed,case_id,test_family,charging_target_reached,charging_time_s,task_success,constraints_satisfied,terminal_hold_soc_satisfied,terminal_hold_observed_s,failure_reason,first_balance_sample_s,sustained_balance_start_s,sustained_balance_charging_duration_s,balance_maintained_for_270s_during_charge,imbalance_after_first_area_soc_s,rebalance_loss_count,soc_std_integral_soc_s,final_charge_soc_1,final_charge_soc_2,final_charge_soc_3,final_charge_soc_std,maximum_soc_deviation_from_pack_mean,max_voltage_V,max_temperature_K,max_voltage_excess_V,max_temperature_excess_K,max_soc_excess,voltage_violation_cell_seconds_sample_estimate,temperature_violation_cell_seconds_sample_estimate,voltage_excess_integral_Vs,temperature_excess_integral_Ks,cell1_charge_Ah,cell2_charge_Ah,cell3_charge_Ah,sum_cell_charge_Ah,sum_cell_terminal_input_Wh,safety_intervention_steps,protective_stop_count,numerical_failure_count,post_switch_peak_unknown,recorded_maxima_complete,decision_count,terminal_hold_step_count,safety_intervention_fraction,sample_finite,final_observed_time_s,violation_measurement
90.0,qmix_raw,7,A,reference_seen,True,5040.0,False,False,True,270.0,,4975.0,4975.0,65.0,False,0.0,0,424.9926537882419,0.9279554331437524,0.9527103197109928,0.9643875333559331,0.01518939561864313,0.12970670592385602,4.278997145506926,300.9490789116738,0.07899714550692583,0.0,0.014387533355944448,488.5,0.0,11.333077333698112,0.0,3.525,3.025,2.55,9.1,35.68414453255567,0,0,0,False,True,56,3,0.0,True,5310.0,dense sampled approximation incl switch endpoints; not certified continuous maxima
90.0,qmix_raw,7,B,reference_seen,True,3780.0,False,False,True,270.0,,3753.0,3753.0,27.0,False,0.0,0,472.6374896556783,0.9165625565963668,0.9510041171822401,0.9572873290938393,0.01790160434302325,0.21945417355873897,4.268251057529758,300.4160813521284,0.06825105752975791,0.0,0.007287329093866424,400.5,0.0,9.089409745719587,0.0,2.625,1.8125,0.9875,5.425,21.831732156092887,0,0,0,False,True,42,3,0.0,True,4050.0,dense sampled approximation incl switch endpoints; not certified continuous maxima
90.0,qmix_raw,7,random_000,nominal_unseen,True,3150.0,False,False,True,270.0,,3091.0,3091.0,59.0,False,0.0,0,290.59673233815755,0.923487350678984,0.9508110648222058,0.9600629549825076,0.015527601432741631,0.151920728561855,4.273037647818079,300.1495718240936,0.07303764781807853,0.0,0.010062954982519079,461.0,0.0,10.110340472086332,0.0,2.1875,1.4,1.1125,4.7,19.112604499460407,0,0,0,False,True,35,3,0.0,True,3420.0,dense sampled approximation incl switch endpoints; not certified continuous maxima
90.0,qmix_raw,7,random_001,nominal_unseen,True,4140.0,False,False,True,270.0,,4101.0,4101.0,39.0,False,0.0,0,278.40457247365407,0.9248312755114921,0.9596288407700272,0.9618111523132786,0.01694154761351552,0.11233487162795008,4.274732728008692,300.59918908197625,0.07473272800869157,0.0,0.01181115231329355,499.5,0.0,13.10809929375261,0.0,2.9,2.625,2.175,7.7,30.60604279965873,0,0,0,False,True,46,3,0.0,True,4410.0,dense sampled approximation incl switch endpoints; not certified continuous maxima
90.0,qmix_raw,7,random_002,nominal_unseen,True,4230.0,False,False,True,270.0,,4150.0,4150.0,80.0,False,0.0,0,605.7048535190195,0.9296704045080569,0.9514520160116227,0.9638584552858294,0.014131057800856755,0.316856337054139,4.277938232099,300.63750758694,0.07793823209900008,0.0,0.013858455285841842,491.0,0.0,12.30966528250575,0.0,2.9625,0.875,2.6125,6.449999999999999,25.666419783180416,0,0,0,False,True,47,3,0.0,True,4500.0,dense sampled approximation incl switch endpoints; not certified continuous maxima
90.0,qmix_raw,7,random_003,nominal_unseen,True,3960.0,False,False,True,270.0,,3874.0,3874.0,86.0,False,0.0,0,520.2151477059114,0.9316177416628306,0.9177690386666373,0.9567839070750266,0.01614958689927364,0.24989652330257872,4.266881704475077,300.4999233893856,0.06688170447507691,0.0,0.006783907075043394,317.0,0.0,6.650155541792816,0.0,2.75,2.6,1.3,6.6499999999999995,26.4883432671958,0,0,0,False,True,44,3,0.0,True,4230.0,dense sampled approximation incl switch endpoints; not certified continuous maxima
90.0,qmix_raw,7,random_004,nominal_unseen,True,5040.0,False,False,True,270.0,,4980.0,4980.0,60.0,False,0.0,0,607.26462935527,0.9255840689364045,0.9629431875212993,0.9651449314240044,0.018152481490651805,0.21593210902943683,4.280966639615107,300.91199251814066,0.08096663961510675,0.0,0.015144931424020291,502.0,0.0,14.980777312022907,0.0,3.4875,3.275,2.1125,8.875,34.82783073029772,0,0,0,False,True,56,3,0.0,True,5310.0,dense sampled approximation incl switch endpoints; not certified continuous maxima
90.0,qmix_raw,7,random_005,nominal_unseen,True,3240.0,False,False,True,270.0,,0.0,3227.0,13.0,False,12.324151609804117,1,72.19531312210573,0.9070874167955516,0.9167464758322139,0.9517035005611229,0.019165611362100692,0.043403725993088726,4.256934168082909,300.1779815697776,0.05693416808290852,0.0,0.0017035005611377718,179.5,0.0,4.391928422849148,0.0,2.25,2.1,2.1125,6.4624999999999995,25.872324243780554,0,0,0,False,True,36,3,0.0,True,3510.0,dense sampled approximation incl switch endpoints; not certified continuous maxima
90.0,qmix_raw,7,random_006,nominal_unseen,True,2520.0,False,False,True,270.0,,2518.0,2518.0,2.0,False,0.0,0,114.79818349008902,0.9642838428780859,0.9207971434746087,0.9616642673891003,0.01991112759180231,0.07169909068011981,4.275485604434062,299.6299534416122,0.07548560443406149,0.0,0.014283842878104913,507.5,0.0,13.797357623430184,0.0,1.4875,1.6,1.425,4.5125,18.47559706475335,0,0,0,False,True,28,3,0.0,True,2790.0,dense sampled approximation incl switch endpoints; not certified continuous maxima
90.0,qmix_raw,7,random_007,nominal_unseen,True,4410.0,False,False,True,270.0,,4323.0,4323.0,87.0,False,0.0,0,756.83142237494,0.9528142870725268,0.9231770481458119,0.9640695313655612,0.01724735612322635,0.3601445430199561,4.280377579247485,300.3611944242387,0.08037757924748501,0.0,0.014069531365580423,465.5,0.0,11.043339232789872,0.0,0.925,3.0,1.1125,5.0375,20.204348446313972,0,0,0,False,True,49,3,0.0,True,4680.0,dense sampled approximation incl switch endpoints; not certified continuous maxima
90.0,qmix_raw,7,random_008,nominal_unseen,True,4230.0,False,False,True,270.0,,4144.0,4144.0,86.0,False,0.0,0,474.7715572098008,0.9271326957197413,0.9529104370918376,0.9577031216529891,0.013424739671755167,0.19284648149555317,4.268067923306136,300.63596070017377,0.06806792330613565,0.0,0.007703121653001244,446.5,0.0,10.545537607995291,0.0,2.9625,1.875,1.6125,6.45,25.817134467632357,0,0,0,False,True,47,3,0.0,True,4500.0,dense sampled approximation incl switch endpoints; not certified continuous maxima
90.0,qmix_raw,7,random_009,nominal_unseen,True,2970.0,False,False,True,270.0,,2319.0,2319.0,651.0,True,0.0,0,76.10099679823657,0.9274634395019883,0.9034389144794595,0.9028090017372897,0.011476623071435526,0.046392231634647285,4.205418269500756,300.02412007700246,0.005418269500755635,0.0,0.0,30.5,0.0,0.08182611098290637,0.0,2.025,1.95,2.0625,6.0375,24.20296619941045,0,0,0,False,True,33,3,0.0,True,3240.0,dense sampled approximation incl switch endpoints; not certified continuous maxima
90.0,qmix_raw,7,random_010,nominal_unseen,True,3150.0,False,False,True,270.0,,3125.0,3125.0,25.0,False,0.0,0,332.8796415726598,0.9589090744123464,0.9234925265372161,0.9638470707895127,0.017972834171551683,0.18838507819531314,4.279775601565278,299.8264963107171,0.07977560156527819,0.0,0.013847070789538729,532.0,0.0,13.597970993014137,0.0,1.175,2.075,1.2375,4.4875,18.31237254428794,0,0,0,False,True,35,3,0.0,True,3420.0,dense sampled approximation incl switch endpoints; not certified continuous maxima
90.0,qmix_raw,7,random_011,nominal_unseen,True,3960.0,False,False,True,270.0,,3936.0,3936.0,24.0,False,0.0,0,471.80612809912634,0.9228358416981369,0.9545582598419433,0.965674813992962,0.01815081001057471,0.204063664164285,4.2821191893973225,300.4939449478612,0.08211918939732232,0.0,0.015674813992966108,489.0,0.0,13.425329934800935,0.0,2.75,1.15,1.9875,5.8875,23.647297474447868,0,0,0,False,True,44,3,0.0,True,4230.0,dense sampled approximation incl switch endpoints; not certified continuous maxima
90.0,qmix_raw,7,model_shift_000,unseen_parameter_shift,True,3240.0,False,False,True,270.0,,3206.0,3206.0,34.0,False,0.0,0,336.78152753155456,0.9199363195224648,0.9613166290908249,0.9323241454186043,0.01734087130929688,0.20104662139411966,4.270400858549502,300.14053040914865,0.07040085854950195,0.0,0.011316629090834196,364.5,0.0,8.083425943177456,0.0,2.25,1.15,2.2125,5.6125,22.594889253794847,0,0,0,False,True,36,3,0.0,True,3510.0,dense sampled approximation incl switch endpoints; not certified continuous maxima
90.0,qmix_raw,7,model_shift_001,unseen_parameter_shift,True,4230.0,False,False,True,270.0,,4212.0,4212.0,18.0,False,0.0,0,458.79974844134813,0.920902834504756,0.917906430446381,0.9585825101215091,0.018509096411110808,0.18719064072577207,4.268772093685705,300.6412652877552,0.06877209368570458,0.0,0.008582510121512898,280.0,0.0,6.341668642136875,0.0,2.9625,2.9125,1.925,7.8,30.816386997537403,0,0,0,False,True,47,3,0.0,True,4500.0,dense sampled approximation incl switch endpoints; not certified continuous maxima
90.0,qmix_raw,7,model_shift_002,unseen_parameter_shift,True,3870.0,False,False,True,270.0,,3867.0,3867.0,3.0,False,0.0,0,508.5895683796813,0.963702215802188,0.9193036824433652,0.9577808819884281,0.019683006893649425,0.23134185411791724,4.269279114206322,300.14587865029256,0.0692791142063216,0.0,0.013702215802341988,510.5,0.0,12.89849215455535,0.0,1.3,2.575,1.6125,5.4875,22.152638376772412,0,0,0,False,True,43,3,0.0,True,4140.0,dense sampled approximation incl switch endpoints; not certified continuous maxima
90.0,qmix_raw,7,model_shift_003,unseen_parameter_shift,True,4050.0,False,False,True,270.0,,4034.0,4034.0,16.0,False,0.0,0,528.4599048218379,0.9575339422297079,0.9183126122260075,0.9163421234413242,0.018970624919141515,0.23687478752931224,4.257389068931712,300.37162972932015,0.057389068931711584,0.0,0.0075339422297400205,236.0,0.0,4.76015245343733,0.0,1.675,2.75,2.8125,7.2375,28.691015993393762,0,0,0,False,True,45,3,0.0,True,4320.0,dense sampled approximation incl switch endpoints; not certified continuous maxima
90.0,qmix_raw,7,model_shift_004,unseen_parameter_shift,True,4320.0,False,False,True,270.0,,4307.0,4307.0,13.0,False,0.0,0,263.5558521925278,0.9507155691337474,0.9116084487175314,0.9551194338063227,0.01955609230080883,0.1032701920339276,4.261425814597295,300.3997804504282,0.061425814597295236,0.0,0.005119433806350382,318.5,0.0,6.752987395986912,0.0,2.6125,2.975,2.925,8.5125,33.529152716246415,0,0,0,False,True,48,3,0.0,True,4590.0,dense sampled approximation incl switch endpoints; not certified continuous maxima
90.0,qmix_raw,7,model_shift_005,unseen_parameter_shift,True,2790.0,False,False,True,270.0,,2713.0,2713.0,77.0,False,0.0,0,170.22571346644565,0.9531071625923392,0.9654810740884443,0.922743584447424,0.017955356935998954,0.10737695238878842,4.279944241703401,299.8463829586392,0.07994424170340064,0.0,0.015481074088471325,500.5,0.0,11.506847339249312,0.0,1.8625,1.3375,1.9,5.1,20.73916222711111,0,0,0,False,True,31,3,0.0,True,3060.0,dense sampled approximation incl switch endpoints; not certified continuous maxima
90.0,qmix_raw,7,model_shift_006,unseen_parameter_shift,True,2520.0,False,False,True,270.0,,2460.0,2460.0,60.0,False,0.0,0,173.62168490001432,0.9241834024503605,0.9573617249889523,0.9559763918942774,0.015324324933614712,0.11017898056438069,4.2644736002546555,299.83364132803763,0.06447360025465532,0.0,0.007361724988963481,464.5,0.0,11.013947062483737,0.0,1.75,1.2125,0.9875,3.95,16.198958745536217,0,0,0,False,True,28,3,0.0,True,2790.0,dense sampled approximation incl switch endpoints; not certified continuous maxima
90.0,qmix_raw,7,model_shift_007,unseen_parameter_shift,True,4140.0,False,False,True,270.0,,4079.0,4079.0,61.0,False,0.0,0,616.0033982815469,0.9503829234659494,0.9215070105734032,0.9650821053693793,0.018100562239537512,0.2748665629797599,4.280785974727314,300.32245304239376,0.08078597472731364,0.0,0.015082105369380705,437.00000000000006,0.0,10.498684060657785,0.0,0.8625,2.8125,1.8,5.475,21.98321553779664,0,0,0,False,True,46,3,0.0,True,4410.0,dense sampled approximation incl switch endpoints; not certified continuous maxima
90.0,qmix_raw,7,model_shift_008,unseen_parameter_shift,True,4500.0,False,False,True,270.0,,4473.0,4473.0,27.0,False,0.0,0,747.0089324539122,0.9220965946715021,0.9316947207058754,0.9638574265875532,0.01785911144773541,0.3337624965779784,4.279556148752448,300.7976952806793,0.07955614875244787,0.0,0.013857426587738919,369.0,0.0,9.126577732679332,0.0,3.15,3.0625,1.175,7.3875,29.13189744616106,0,0,0,False,True,50,3,0.0,True,4770.0,dense sampled approximation incl switch endpoints; not certified continuous maxima
90.0,qmix_raw,7,model_shift_009,unseen_parameter_shift,True,4230.0,False,False,True,270.0,,4212.0,4212.0,18.0,False,0.0,0,437.84721016407684,0.9232596681909389,0.9640644536305405,0.9610140417943297,0.018558401072550634,0.15994090943361972,4.27639465607543,300.6434056164496,0.07639465607543006,0.0,0.014064453630588614,523.0,0.0,14.687781572862367,0.0,2.9625,2.25,1.7375,6.95,27.75187637777507,0,0,0,False,True,47,3,0.0,True,4500.0,dense sampled approximation incl switch endpoints; not certified continuous maxima
90.0,qmix_raw,7,model_shift_010,unseen_parameter_shift,True,4320.0,False,False,True,270.0,,4317.0,4317.0,3.0,False,0.0,0,522.0904988295275,0.9503057646382355,0.9091429236727709,0.9516086761426676,0.019718623987295316,0.19864537496183055,4.259345199039364,300.4407348899069,0.05934519903936408,0.0,0.001608676142675014,355.5,0.0,7.668119317559476,0.0,2.65,2.975,1.675,7.3,28.974025929349757,0,0,0,False,True,48,3,0.0,True,4590.0,dense sampled approximation incl switch endpoints; not certified continuous maxima
90.0,qmix_raw,7,model_shift_011,unseen_parameter_shift,True,3510.0,False,False,True,270.0,,3497.0,3497.0,13.0,False,0.0,0,335.5084797630003,0.9214923796584488,0.9651674068182711,0.9569885442836626,0.0189572017768432,0.18062118328766963,4.276227784667592,300.37523913415373,0.07622778466759161,0.0,0.015167406818619722,494.0,0.0,13.327761216157452,0.0,2.4375,1.3375,2.2375,6.012499999999999,24.190257137517868,0,0,0,False,True,39,3,0.0,True,3780.0,dense sampled approximation incl switch endpoints; not certified continuous maxima
90.0,qmix_frozen_shield,7,A,reference_seen,True,5040.0,True,True,True,270.0,,4974.0,4974.0,66.0,False,0.0,0,408.8019485234606,0.910339360098146,0.9464895732671101,0.9481035251854683,0.01743424126921518,0.1250345272040564,4.169962284498792,300.80494779910487,0.0,0.0,0.0,0.0,0.0,0.0,0.0,3.45,3.0,2.4875,8.9375,34.96199151714177,24,0,0,False,True,56,3,0.42857142857142855,True,5310.0,dense sampled approximation incl switch endpoints; not certified continuous maxima
90.0,qmix_frozen_shield,7,B,reference_seen,True,3870.0,True,True,True,270.0,,3815.0,3815.0,55.0,False,0.0,0,454.78375051274327,0.9106905322478133,0.947893743960325,0.9475169241915311,0.017449623040998303,0.21478199483893579,4.169965122151497,300.2896524984067,0.0,0.0,0.0,0.0,0.0,0.0,0.0,2.6,1.8,0.95,5.3500000000000005,21.476284478951264,36,0,0,False,True,43,3,0.8372093023255814,True,4140.0,dense sampled approximation incl switch endpoints; not certified continuous maxima
90.0,qmix_frozen_shield,7,random_000,nominal_unseen,True,3150.0,True,True,True,270.0,,3141.0,3141.0,9.0,False,0.0,0,273.860983290535,0.9058712776333645,0.9477006916002667,0.9470357484461375,0.01956372970436288,0.151920728561855,4.168247219577262,299.99344779536284,0.0,0.0,0.0,0.0,0.0,0.0,0.0,2.1125,1.3875,1.0625,4.5625,18.49391088709323,26,0,0,False,True,35,3,0.7428571428571429,True,3420.0,dense sampled approximation incl switch endpoints; not certified continuous maxima
90.0,qmix_frozen_shield,7,random_001,nominal_unseen,True,4140.0,True,True,True,270.0,,4067.0,4067.0,73.0,False,0.0,0,266.3831088129002,0.9072152024658702,0.9254147353286445,0.948783945776902,0.01701405763171083,0.10766269290814034,4.16936503274961,300.44898728186104,0.0,0.0,0.0,0.0,0.0,0.0,0.0,2.825,2.4875,2.125,7.4375,29.467623071369694,20,0,0,False,True,46,3,0.43478260869565216,True,4410.0,dense sampled approximation incl switch endpoints; not certified continuous maxima
90.0,qmix_frozen_shield,7,random_002,nominal_unseen,True,4230.0,True,True,True,270.0,,4150.0,4150.0,80.0,False,0.0,0,587.7619416668867,0.9120543314624312,0.9483416427896875,0.9475744471153216,0.01692807060135027,0.316856337054139,4.169881494710727,300.48706525815317,0.0,0.0,0.0,0.0,0.0,0.0,0.0,2.8875,0.8625,2.55,6.3,24.99671663718766,36,0,0,False,True,47,3,0.7659574468085106,True,4500.0,dense sampled approximation incl switch endpoints; not certified continuous maxima
90.0,qmix_frozen_shield,7,random_003,nominal_unseen,True,4140.0,True,True,True,270.0,,4042.0,4042.0,98.0,False,0.0,0,508.3811420295968,0.9257457173142879,0.9084379190007996,0.9470135021727349,0.01577605137296007,0.2452243445827843,4.169999611826116,300.327673005799,0.0,0.0,0.0,0.0,0.0,0.0,0.0,2.725,2.5625,1.2625,6.55,26.03464991653367,34,0,0,False,True,46,3,0.7391304347826086,True,4410.0,dense sampled approximation incl switch endpoints; not certified continuous maxima
90.0,qmix_frozen_shield,7,random_004,nominal_unseen,True,4950.0,True,True,True,270.0,,4898.0,4898.0,52.0,False,0.0,0,583.6478562599784,0.9050319837165113,0.9287290820798724,0.9488609232535358,0.01791281180491453,0.21125993030962242,4.169900713143097,300.79427772658244,0.0,0.0,0.0,0.0,0.0,0.0,0.0,3.4,3.1375,2.05,8.587499999999999,33.58454792831614,30,0,0,False,True,55,3,0.5454545454545454,True,5220.0,dense sampled approximation incl switch endpoints; not certified continuous maxima
90.0,qmix_frozen_shield,7,random_005,nominal_unseen,True,3420.0,True,True,True,270.0,,0.0,3101.0,319.0,True,8.36007322229026,1,70.90035586916177,0.9129594411440728,0.9074153561663785,0.9386762940247283,0.01361918432909493,0.03951024372659162,4.16866745483828,300.0735813489532,0.0,0.0,0.0,0.0,0.0,0.0,0.0,2.275,2.0625,2.0625,6.4,25.582842642846536,12,0,0,False,True,38,3,0.3157894736842105,True,3690.0,dense sampled approximation incl switch endpoints; not certified continuous maxima
90.0,qmix_frozen_shield,7,random_006,nominal_unseen,True,2700.0,True,True,True,270.0,,2646.0,2646.0,54.0,False,0.0,0,112.88199809276325,0.9496037820067362,0.9114660238087966,0.9486370608526943,0.017754840169727105,0.07169909068011981,4.1698282801747,299.3841973393599,0.0,0.0,0.0,0.0,0.0,0.0,0.0,1.425,1.5625,1.375,4.3625,17.803428466149594,16,0,0,False,True,30,3,0.5333333333333333,True,2970.0,dense sampled approximation incl switch endpoints; not certified continuous maxima
90.0,qmix_frozen_shield,7,random_007,nominal_unseen,True,4590.0,True,True,True,270.0,,4519.0,4519.0,71.0,False,0.0,0,743.7730759900019,0.9498782748982333,0.9138459284800036,0.9477855231950693,0.01651465910273968,0.3601445430199561,4.169183494064073,300.190380347782,0.0,0.0,0.0,0.0,0.0,0.0,0.0,0.9125,2.9625,1.05,4.925,19.69084109016651,44,0,0,False,True,51,3,0.8627450980392157,True,4860.0,dense sampled approximation incl switch endpoints; not certified continuous maxima
90.0,qmix_frozen_shield,7,random_008,nominal_unseen,True,4230.0,True,True,True,270.0,,4199.0,4199.0,31.0,False,0.0,0,459.45996551270343,0.90951662267413,0.9498000638698954,0.9479327167506705,0.018565316838826,0.18793676545184299,4.168558860797362,300.48600391191593,0.0,0.0,0.0,0.0,0.0,0.0,0.0,2.8875,1.8625,1.575,6.325,25.25226037844325,30,0,0,False,True,47,3,0.6382978723404256,True,4500.0,dense sampled approximation incl switch endpoints; not certified continuous maxima
90.0,qmix_frozen_shield,7,random_009,nominal_unseen,True,3240.0,True,True,True,270.0,,2319.0,2319.0,921.0,True,0.0,0,80.45406322805974,0.9333354638505155,0.9003285412575274,0.9125794066395823,0.013623323760751352,0.046392231634647285,4.167867566908198,299.87690315794396,0.0,0.0,0.0,0.0,0.0,0.0,0.0,2.05,1.9375,2.1,6.0875,24.387229403222197,9,0,0,False,True,36,3,0.25,True,3510.0,dense sampled approximation incl switch endpoints; not certified continuous maxima
90.0,qmix_frozen_shield,7,random_010,nominal_unseen,True,3420.0,True,True,True,270.0,,3332.0,3332.0,88.0,False,0.0,0,326.77839365680546,0.9471650257152577,0.9141614068713915,0.9475630626190313,0.015652716827907094,0.18838507819531314,4.168060371411427,299.59870335293255,0.0,0.0,0.0,0.0,0.0,0.0,0.0,1.125,2.0375,1.175,4.3375,17.637780755188956,27,0,0,False,True,38,3,0.7105263157894737,True,3690.0,dense sampled approximation incl switch endpoints; not certified continuous maxima
90.0,qmix_frozen_shield,7,random_011,nominal_unseen,True,4050.0,True,True,True,270.0,,3973.0,3973.0,77.0,False,0.0,0,454.52947499504114,0.9140278051753129,0.9483375133980688,0.949390805822486,0.016427643768402993,0.204063664164285,4.169529707790976,300.34212046515654,0.0,0.0,0.0,0.0,0.0,0.0,0.0,2.7125,1.125,1.925,5.7625,23.07998509771267,29,0,0,False,True,45,3,0.6444444444444445,True,4320.0,dense sampled approximation incl switch endpoints; not certified continuous maxima
90.0,qmix_frozen_shield,7,model_shift_000,unseen_parameter_shift,True,3330.0,True,True,True,270.0,,3252.0,3252.0,78.0,False,0.0,0,318.7141246886332,0.9111282829996478,0.9488751362030383,0.9160401372481112,0.01675671804012591,0.20104662139411966,4.169622870792772,299.99280249830986,0.0,0.0,0.0,0.0,0.0,0.0,0.0,2.2125,1.1,2.15,5.4625,21.93030724892109,22,0,0,False,True,37,3,0.5945945945945946,True,3600.0,dense sampled approximation incl switch endpoints; not certified continuous maxima
90.0,qmix_frozen_shield,7,model_shift_001,unseen_parameter_shift,True,4410.0,True,True,True,270.0,,4365.0,4365.0,45.0,False,0.0,0,449.3590657868861,0.9209028345047199,0.9054649375586121,0.9488121052192016,0.017938886990520896,0.18251846200596777,4.168914709787266,300.4920201964077,0.0,0.0,0.0,0.0,0.0,0.0,0.0,2.9625,2.8625,1.8875,7.7124999999999995,30.416282305723595,27,0,0,False,True,49,3,0.5510204081632653,True,4680.0,dense sampled approximation incl switch endpoints; not certified continuous maxima
90.0,qmix_frozen_shield,7,model_shift_002,unseen_parameter_shift,True,4140.0,True,True,True,270.0,,4103.0,4103.0,37.0,False,0.0,0,501.5456068868233,0.9490221549308364,0.9099725627775921,0.9480104770861063,0.018174393049129163,0.23134185411791724,4.169964752462482,299.9221839420635,0.0,0.0,0.0,0.0,0.0,0.0,0.0,1.2375,2.5375,1.575,5.3500000000000005,21.532139301364563,33,0,0,False,True,46,3,0.717391304347826,True,4410.0,dense sampled approximation incl switch endpoints; not certified continuous maxima
90.0,qmix_frozen_shield,7,model_shift_003,unseen_parameter_shift,True,4230.0,True,True,True,270.0,,4187.0,4187.0,43.0,False,0.0,0,523.3484473209041,0.9487259057069597,0.9089814925601986,0.9130853218072438,0.01784722515494599,0.23687478752931224,4.169009933491839,300.2426404581815,0.0,0.0,0.0,0.0,0.0,0.0,0.0,1.6375,2.7125,2.8,7.1499999999999995,28.293661412178135,28,0,0,False,True,47,3,0.5957446808510638,True,4500.0,dense sampled approximation incl switch endpoints; not certified continuous maxima
90.0,qmix_frozen_shield,7,model_shift_004,unseen_parameter_shift,True,4500.0,True,True,True,270.0,,4481.0,4481.0,19.0,False,0.0,0,264.79138296434047,0.9477795569594888,0.9022773290517362,0.9355786240017551,0.01923044968260356,0.1032701920339276,4.168248227591407,300.21314991638206,0.0,0.0,0.0,0.0,0.0,0.0,0.0,2.6,2.9375,2.85,8.3875,32.97194888379824,15,0,0,False,True,50,3,0.3,True,4770.0,dense sampled approximation incl switch endpoints; not certified continuous maxima
90.0,qmix_frozen_shield,7,model_shift_005,unseen_parameter_shift,True,2790.0,True,True,True,270.0,,2723.0,2723.0,67.0,False,0.0,0,156.58789996549834,0.9296190651982018,0.9468188347567645,0.9032027746428529,0.01793820621353152,0.10737695238878842,4.169807189412376,299.6407564928077,0.0,0.0,0.0,0.0,0.0,0.0,0.0,1.7625,1.2625,1.825,4.85,19.651951959628153,13,0,0,False,True,31,3,0.41935483870967744,True,3060.0,dense sampled approximation incl switch endpoints; not certified continuous maxima
90.0,qmix_frozen_shield,7,model_shift_006,unseen_parameter_shift,True,2520.0,True,True,True,270.0,,2487.0,2487.0,33.0,False,0.0,0,160.80315233127249,0.9065673294047359,0.941809858879232,0.9494627886260807,0.01868042242944014,0.11017898056438069,4.169169682545158,299.6788313888948,0.0,0.0,0.0,0.0,0.0,0.0,0.0,1.675,1.15,0.9625,3.7875,15.47614556020152,21,0,0,False,True,28,3,0.75,True,2790.0,dense sampled approximation incl switch endpoints; not certified continuous maxima
90.0,qmix_frozen_shield,7,model_shift_007,unseen_parameter_shift,True,4320.0,True,True,True,270.0,,4258.0,4258.0,62.0,False,0.0,0,606.3522707734962,0.9474469112916665,0.9121758909075772,0.9487980971988862,0.016954372021968905,0.2748665629797599,4.168395216969536,300.1421262379555,0.0,0.0,0.0,0.0,0.0,0.0,0.0,0.85,2.775,1.7375,5.3625,21.47069695724374,42,0,0,False,True,48,3,0.875,True,4590.0,dense sampled approximation incl switch endpoints; not certified continuous maxima
90.0,qmix_frozen_shield,7,model_shift_008,unseen_parameter_shift,True,4590.0,True,True,True,270.0,,4546.0,4546.0,44.0,False,0.0,0,721.8173465521861,0.9132885581486847,0.9068117349302892,0.9475734184170608,0.01788517611909733,0.32960650709958955,4.16767619064527,300.645987077603,0.0,0.0,0.0,0.0,0.0,0.0,0.0,3.1125,2.9625,1.1125,7.187499999999999,28.258825752879865,41,0,0,False,True,51,3,0.803921568627451,True,4860.0,dense sampled approximation incl switch endpoints; not certified continuous maxima
90.0,qmix_frozen_shield,7,model_shift_009,unseen_parameter_shift,True,4320.0,True,True,True,270.0,,4232.0,4232.0,88.0,False,0.0,0,420.5712950169243,0.9144516316681115,0.9485125875208298,0.9479868352579363,0.01593401326601458,0.15498940435862807,4.170141624809891,300.4940684548855,0.0,0.0,0.0,0.0,0.0,0.0,0.0,2.925,2.1875,1.6875,6.8,27.077883187047576,29,0,0,False,True,48,3,0.6041666666666666,True,4590.0,dense sampled approximation incl switch endpoints; not certified continuous maxima
90.0,qmix_frozen_shield,7,model_shift_010,unseen_parameter_shift,True,4590.0,True,True,True,270.0,,4555.0,4555.0,35.0,False,0.0,0,520.2398632189462,0.9473697524639656,0.9091429236727337,0.9483518745085971,0.018256191731372967,0.19475189269532367,4.169729000864989,300.24724092694356,0.0,0.0,0.0,0.0,0.0,0.0,0.0,2.6375,2.975,1.6625,7.275,28.832416665520853,32,0,0,False,True,51,3,0.6274509803921569,True,4860.0,dense sampled approximation incl switch endpoints; not certified continuous maxima
90.0,qmix_frozen_shield,7,model_shift_011,unseen_parameter_shift,True,3510.0,True,True,True,270.0,,3492.0,3492.0,18.0,False,0.0,0,313.94053932088525,0.9038763066128416,0.9496155407085691,0.9374477344790731,0.019342451335741973,0.18062118328766963,4.169694572141411,300.2147864970179,0.0,0.0,0.0,0.0,0.0,0.0,0.0,2.3625,1.275,2.1625,5.8,23.258225838455107,21,0,0,False,True,39,3,0.5384615384615384,True,3780.0,dense sampled approximation incl switch endpoints; not certified continuous maxima
90.0,qmix_trained_shield,7,A,reference_seen,True,2610.0,True,True,True,270.0,,2524.0,2524.0,86.0,False,0.0,0,164.37245490351464,0.901531323575417,0.9278273339354318,0.9415899219171759,0.016618531456431496,0.11591456687963753,4.169029191757296,303.9570354810792,0.0,0.0,0.0,0.0,0.0,0.0,0.0,3.4125,2.925,2.4625,8.8,35.09712345970637,18,0,0,False,True,29,3,0.6206896551724138,True,2880.0,dense sampled approximation incl switch endpoints; not certified continuous maxima
90.0,qmix_trained_shield,7,B,reference_seen,True,2160.0,True,True,True,270.0,,2092.0,2092.0,68.0,False,0.0,0,184.00945729911322,0.9077545200736605,0.9230107581847031,0.9475169241914629,0.01637869128837537,0.20543257721341468,4.169778156355529,302.4290988333029,0.0,0.0,0.0,0.0,0.0,0.0,0.0,2.5875,1.7,0.95,5.2375,21.297782320270212,19,0,0,False,True,24,3,0.7916666666666666,True,2430.0,dense sampled approximation incl switch endpoints; not certified continuous maxima
90.0,qmix_trained_shield,7,random_000,nominal_unseen,True,1890.0,True,True,True,270.0,,1778.0,1778.0,112.0,False,0.0,0,112.76793439981209,0.9058712776333847,0.9290384522685587,0.9437789468119607,0.015602676203897691,0.15861800375623308,4.169842411427697,301.5390591207095,0.0,0.0,0.0,0.0,0.0,0.0,0.0,2.1125,1.3125,1.05,4.475,18.34977438810053,20,0,0,False,True,21,3,0.9523809523809523,True,2160.0,dense sampled approximation incl switch endpoints; not certified continuous maxima
90.0,qmix_trained_shield,7,random_001,nominal_unseen,True,2250.0,True,True,True,270.0,,1651.0,1651.0,599.0,True,0.0,0,96.0670130443863,0.9042791902916619,0.9160836156628346,0.9259863343381338,0.008873233145940693,0.08860846789228655,4.168724462350404,302.8684465938452,0.0,0.0,0.0,0.0,0.0,0.0,0.0,2.8125,2.45,2.0375,7.300000000000001,29.440549759748226,17,0,0,False,True,25,3,0.68,True,2520.0,dense sampled approximation incl switch endpoints; not certified continuous maxima
90.0,qmix_trained_shield,7,random_002,nominal_unseen,True,2340.0,True,True,True,270.0,,2262.0,2262.0,78.0,False,0.0,0,262.0107685311379,0.9091183192882044,0.9483416427896245,0.9182632324084153,0.016755792741396405,0.31894854095912123,4.16996866067314,302.9604777220469,0.0,0.0,0.0,0.0,0.0,0.0,0.0,2.875,0.8625,2.4375,6.175,24.91084631606062,26,0,0,False,True,26,3,1.0,True,2610.0,dense sampled approximation incl switch endpoints; not certified continuous maxima
90.0,qmix_trained_shield,7,random_003,nominal_unseen,True,2250.0,True,True,True,270.0,,2188.0,2188.0,62.0,False,0.0,0,197.70250086059377,0.9140016686172774,0.9084379190008128,0.9470135021726723,0.017025510537402585,0.2341526457801622,4.169717916816887,302.5370903436369,0.0,0.0,0.0,0.0,0.0,0.0,0.0,2.675,2.5625,1.2625,6.5,26.28839038675021,23,0,0,False,True,25,3,0.92,True,2520.0,dense sampled approximation incl switch endpoints; not certified continuous maxima
90.0,qmix_trained_shield,7,random_004,nominal_unseen,True,2610.0,True,True,True,270.0,,2541.0,2541.0,69.0,False,0.0,0,234.03388506568146,0.907967995890845,0.919397962414036,0.9488609232534138,0.017227051416060405,0.20024193926496509,4.169415154964641,303.9535876380951,0.0,0.0,0.0,0.0,0.0,0.0,0.0,3.4125,3.1,2.05,8.5625,34.1479092036642,21,0,0,False,True,29,3,0.7241379310344828,True,2880.0,dense sampled approximation incl switch endpoints; not certified continuous maxima
90.0,qmix_trained_shield,7,random_005,nominal_unseen,True,2070.0,True,True,True,270.0,,0.0,856.0,1214.0,True,3.3244924284332162,1,31.1652830423495,0.9129594411440846,0.9043049829444277,0.9191354842200915,0.006082643092291057,0.03911825804241509,4.169996568836951,301.7679086274013,0.0,0.0,0.0,0.0,0.0,0.0,0.0,2.275,2.05,1.9875,6.312499999999999,25.647450992299305,15,0,0,False,True,23,3,0.6521739130434783,True,2340.0,dense sampled approximation incl switch endpoints; not certified continuous maxima
90.0,qmix_trained_shield,7,random_006,nominal_unseen,True,1890.0,True,True,True,270.0,,1670.0,1670.0,220.0,False,0.0,0,69.68974866375295,0.9437317576582325,0.9083556505868178,0.9388666559503697,0.01565623629545016,0.08828774786384408,4.169580717743574,299.934527353372,0.0,0.0,0.0,0.0,0.0,0.0,0.0,1.4,1.55,1.3375,4.2875,17.658816228814214,18,0,0,False,True,21,3,0.8571428571428571,True,2160.0,dense sampled approximation incl switch endpoints; not certified continuous maxima
90.0,qmix_trained_shield,7,random_007,nominal_unseen,True,2430.0,True,True,True,270.0,,2419.0,2419.0,11.0,False,0.0,0,312.0809423197595,0.9498782748983018,0.907625182036073,0.9477855231949955,0.019443812120846133,0.357278507717411,4.169215625637959,302.43230853819813,0.0,0.0,0.0,0.0,0.0,0.0,0.0,0.9125,2.9375,1.05,4.9,19.859339921245212,27,0,0,False,True,27,3,1.0,True,2700.0,dense sampled approximation incl switch endpoints; not certified continuous maxima
90.0,qmix_trained_shield,7,random_008,nominal_unseen,True,2340.0,True,True,True,270.0,,2199.0,2199.0,141.0,False,0.0,0,176.66133875213694,0.9065806104999363,0.931137824538172,0.9446759151165173,0.01576771980858112,0.1915236674242779,4.167878850181184,302.96032157821026,0.0,0.0,0.0,0.0,0.0,0.0,0.0,2.875,1.7875,1.5625,6.225,25.206673265536686,19,0,0,False,True,26,3,0.7307692307692307,True,2610.0,dense sampled approximation incl switch endpoints; not certified continuous maxima
90.0,qmix_trained_shield,7,random_009,nominal_unseen,True,2070.0,True,True,True,270.0,,1296.0,1296.0,774.0,True,0.0,0,56.31944798639273,0.9333354638505703,0.9127700341452815,0.9093226050054243,0.010601043222010546,0.06395121319882302,4.169603816840889,301.26452726646943,0.0,0.0,0.0,0.0,0.0,0.0,0.0,2.05,1.9875,2.0875,6.125,24.955782423576345,16,0,0,False,True,23,3,0.6956521739130435,True,2340.0,dense sampled approximation incl switch endpoints; not certified continuous maxima
90.0,qmix_trained_shield,7,random_010,nominal_unseen,True,2070.0,True,True,True,270.0,,2000.0,2000.0,70.0,False,0.0,0,154.97394154910484,0.9471650257152995,0.9110510336494126,0.9475630626189522,0.017118888579526224,0.20084519284011965,4.1689840173635275,300.8478634562702,0.0,0.0,0.0,0.0,0.0,0.0,0.0,1.125,2.025,1.175,4.325,17.783030838743223,21,0,0,False,True,23,3,0.9130434782608695,True,2340.0,dense sampled approximation incl switch endpoints; not certified continuous maxima
90.0,qmix_trained_shield,7,random_011,nominal_unseen,True,2160.0,True,True,True,270.0,,2138.0,2138.0,22.0,False,0.0,0,184.30134603779044,0.9022837564783032,0.9483375133980335,0.9265931943837183,0.018811086291201186,0.207046230731099,4.169782316417113,302.60716990792093,0.0,0.0,0.0,0.0,0.0,0.0,0.0,2.6625,1.125,1.8375,5.625,22.851366512138505,20,0,0,False,True,24,3,0.8333333333333334,True,2430.0,dense sampled approximation incl switch endpoints; not certified continuous maxima
90.0,qmix_trained_shield,7,model_shift_000,unseen_parameter_shift,True,2070.0,True,True,True,270.0,,2048.0,2048.0,22.0,False,0.0,0,149.0643361488058,0.9199363195225674,0.94887513620298,0.9030129307119922,0.018936144428033295,0.20728598959503092,4.169948614388852,301.60962719177104,0.0,0.0,0.0,0.0,0.0,0.0,0.0,2.25,1.1,2.1,5.45,22.215685471809238,19,0,0,False,True,23,3,0.8260869565217391,True,2340.0,dense sampled approximation incl switch endpoints; not certified continuous maxima
90.0,qmix_trained_shield,7,model_shift_001,unseen_parameter_shift,True,2340.0,True,True,True,270.0,,2275.0,2275.0,65.0,False,0.0,0,175.06055794608756,0.9062227736337717,0.9023545643365398,0.9422985019510318,0.01798746282194717,0.1728746776377285,4.169624461238936,303.0159859440003,0.0,0.0,0.0,0.0,0.0,0.0,0.0,2.9,2.85,1.8625,7.6125,30.571460741406167,21,0,0,False,True,26,3,0.8076923076923077,True,2610.0,dense sampled approximation incl switch endpoints; not certified continuous maxima
90.0,qmix_trained_shield,7,model_shift_002,unseen_parameter_shift,True,2160.0,True,True,True,270.0,,2144.0,2144.0,16.0,False,0.0,0,187.5446114488817,0.9490221549309684,0.903751816333419,0.9382400721839028,0.019307732062886055,0.2190865788003442,4.169383061312356,301.8377591350417,0.0,0.0,0.0,0.0,0.0,0.0,0.0,1.2375,2.5125,1.5375,5.2875,21.579431292957004,22,0,0,False,True,24,3,0.9166666666666666,True,2430.0,dense sampled approximation incl switch endpoints; not certified continuous maxima
90.0,qmix_trained_shield,7,model_shift_003,unseen_parameter_shift,True,2430.0,True,True,True,270.0,,2345.0,2345.0,85.0,False,0.0,0,227.53558283403603,0.9487259057067892,0.9183126122259013,0.9130853218070534,0.015714622370376016,0.24159146069367599,4.169823119971766,302.15068561180016,0.0,0.0,0.0,0.0,0.0,0.0,0.0,1.6375,2.75,2.8,7.1875,28.977343083843785,23,0,0,False,True,27,3,0.8518518518518519,True,2700.0,dense sampled approximation incl switch endpoints; not certified continuous maxima
90.0,qmix_trained_shield,7,model_shift_004,unseen_parameter_shift,True,2430.0,True,True,True,270.0,,2176.0,2176.0,254.0,False,0.0,0,112.49388585916428,0.9360355082623649,0.9053877022734342,0.9062674092947643,0.014244693407735215,0.1032701920339276,4.168925272538729,302.48592174165964,0.0,0.0,0.0,0.0,0.0,0.0,0.0,2.55,2.95,2.7375,8.2375,33.00622180835727,16,0,0,False,True,27,3,0.5925925925925926,True,2700.0,dense sampled approximation incl switch endpoints; not certified continuous maxima
90.0,qmix_trained_shield,7,model_shift_005,unseen_parameter_shift,True,1890.0,True,True,True,270.0,,1552.0,1552.0,338.0,True,0.0,0,72.72672122446406,0.9266830530239754,0.9343773418689173,0.9032027746429155,0.013259710049661996,0.10742350678133372,4.169230638950918,300.59826283717706,0.0,0.0,0.0,0.0,0.0,0.0,0.0,1.75,1.2125,1.825,4.7875,19.641680724555634,16,0,0,False,True,21,3,0.7619047619047619,True,2160.0,dense sampled approximation incl switch endpoints; not certified continuous maxima
90.0,qmix_trained_shield,7,model_shift_006,unseen_parameter_shift,True,1620.0,True,True,True,270.0,,1196.0,1196.0,424.0,True,0.0,0,61.25467784009782,0.9036313172304387,0.9231476195475096,0.9331787804556225,0.012268128664413121,0.10991863086552445,4.1698940272802965,300.70088687823755,0.0,0.0,0.0,0.0,0.0,0.0,0.0,1.6625,1.075,0.9,3.6374999999999997,14.99765554185833,18,0,0,False,True,18,3,1.0,True,1890.0,dense sampled approximation incl switch endpoints; not certified continuous maxima
90.0,qmix_trained_shield,7,model_shift_007,unseen_parameter_shift,True,2340.0,True,True,True,270.0,,2269.0,2269.0,71.0,False,0.0,0,252.2827116457612,0.9474469112916609,0.9090655176856516,0.9422844939306919,0.01700745689695749,0.27102185695244996,4.169281121498333,302.29815803580414,0.0,0.0,0.0,0.0,0.0,0.0,0.0,0.85,2.7625,1.7125,5.325,21.624019545800213,26,0,0,False,True,26,3,1.0,True,2610.0,dense sampled approximation incl switch endpoints; not certified continuous maxima
90.0,qmix_trained_shield,7,model_shift_008,unseen_parameter_shift,True,2430.0,True,True,True,270.0,,2414.0,2414.0,16.0,False,0.0,0,301.5304288662467,0.9074165338001466,0.9068117349304331,0.9475734184172084,0.01907428753437719,0.3287908909296245,4.169771077034254,303.52023683798535,0.0,0.0,0.0,0.0,0.0,0.0,0.0,3.0875,2.9625,1.1125,7.1625,28.69171430910415,26,0,0,False,True,27,3,0.9629629629629629,True,2700.0,dense sampled approximation incl switch endpoints; not certified continuous maxima
90.0,qmix_trained_shield,7,model_shift_009,unseen_parameter_shift,True,2340.0,True,True,True,270.0,,2208.0,2208.0,132.0,False,0.0,0,163.96434254442806,0.9085796073196728,0.9298503481892527,0.9447300336244412,0.01483502903344149,0.15696759367089613,4.16905312997133,302.9932680028879,0.0,0.0,0.0,0.0,0.0,0.0,0.0,2.9,2.1125,1.675,6.687499999999999,27.05583715846803,20,0,0,False,True,26,3,0.7692307692307693,True,2610.0,dense sampled approximation incl switch endpoints; not certified continuous maxima
90.0,qmix_trained_shield,7,model_shift_010,unseen_parameter_shift,True,2430.0,True,True,True,270.0,,2348.0,2348.0,82.0,False,0.0,0,202.31497928280763,0.9356257037669353,0.9060325504508988,0.9483518745085757,0.01772830547028771,0.18548685623747213,4.169642516719337,302.6039038503686,0.0,0.0,0.0,0.0,0.0,0.0,0.0,2.5875,2.9625,1.6625,7.2125,29.085438337260996,21,0,0,False,True,27,3,0.7777777777777778,True,2700.0,dense sampled approximation incl switch endpoints; not certified continuous maxima
90.0,qmix_trained_shield,7,model_shift_011,unseen_parameter_shift,True,2070.0,True,True,True,270.0,,2012.0,2012.0,58.0,False,0.0,0,135.845056692011,0.9097483309614157,0.9433947942650289,0.9016229165040531,0.018083130950090877,0.1868605514885781,4.169031432577581,302.18356300451467,0.0,0.0,0.0,0.0,0.0,0.0,0.0,2.3875,1.25,2.025,5.6625,23.037902320657345,18,0,0,False,True,23,3,0.782608695652174,True,2340.0,dense sampled approximation incl switch endpoints; not certified continuous maxima
90.0,qmix_raw,17,A,reference_seen,False,,False,True,False,0.0,,,,0.0,False,,0,306.6950811006414,0.7782188122560171,0.9247169607135062,0.8992515006739653,0.06390888376967643,0.10000000000000028,4.173014323624045,300.0087572046441,0.0,0.0,0.0,0.0,0.0,0.0,0.0,2.8875,2.9125,2.3,8.100000000000001,31.413111538679836,0,0,0,False,True,60,0,0.0,True,5400.0,dense sampled approximation incl switch endpoints; not certified continuous maxima
90.0,qmix_raw,17,B,reference_seen,False,,False,False,False,0.0,,,,0.0,False,,0,729.1550398668866,0.8402262400653852,0.9510041171822399,0.9507737258256412,0.052166973105178954,0.2086965611855579,4.207130540180786,299.25316253812196,0.007130540180785516,0.0,0.0010041171822399164,56.0,0.0,0.1718441825308834,0.0,2.3,1.8125,0.9625,5.075,20.203121656508703,0,0,0,False,True,60,0,0.0,True,5400.0,dense sampled approximation incl switch endpoints; not certified continuous maxima
90.0,qmix_raw,17,random_000,nominal_unseen,True,5040.0,False,False,True,270.0,,4974.0,4974.0,66.0,False,0.0,0,466.01896681959533,0.9146793141560761,0.950811064822296,0.9502925500802837,0.016911780367335153,0.16127749042410333,4.207033554137139,299.2377143147713,0.007033554137138687,0.0,0.0008110648223095263,51.0,0.0,0.16225881019944177,0.0,2.15,1.4,1.075,4.625,18.6488129670186,0,0,0,False,True,56,3,0.0,True,5310.0,dense sampled approximation incl switch endpoints; not certified continuous maxima
90.0,qmix_raw,17,random_001,nominal_unseen,False,,False,False,False,0.0,,,,0.0,False,,0,370.49602711476194,0.7839026911465594,0.8787591369995064,0.9520407474110112,0.06883018209795966,0.09861237841395365,4.212178237587017,299.2464584325743,0.012178237587017193,0.0,0.0020407474110112345,76.5,0.0,0.45763905870637256,0.0,2.3,2.3,2.1375,6.7375,26.34920815970809,0,0,0,False,True,60,0,0.0,True,5400.0,dense sampled approximation incl switch endpoints; not certified continuous maxima
90.0,qmix_raw,17,random_002,nominal_unseen,False,,False,False,False,0.0,,,,0.0,False,,0,949.8187874173233,0.7740617592717536,0.9514520160116348,0.8824384144334382,0.07301117096648044,0.3174615441572324,4.2083237966826825,299.24625212373337,0.00832379668268235,0.0,0.0014520160116348046,54.5,0.0,0.22382290024097218,0.0,2.3,0.875,2.3,5.475,21.412991241886832,0,0,0,False,True,60,0,0.0,True,5400.0,dense sampled approximation incl switch endpoints; not certified continuous maxima
90.0,qmix_raw,17,random_003,nominal_unseen,False,,False,False,False,0.0,,,,0.0,False,,0,748.3151790652164,0.8259213033891096,0.8431200813399017,0.9502703038069124,0.05501478795402523,0.23437242792977686,4.210003589658943,299.2505473647405,0.010003589658943213,0.0,0.0002703038069123975,63.5,0.0,0.3137384113062831,0.0,2.3,2.3,1.275,5.875,23.050095543028863,0,0,0,False,True,60,0,0.0,True,5400.0,dense sampled approximation incl switch endpoints; not certified continuous maxima
90.0,qmix_raw,17,random_004,nominal_unseen,False,,False,False,False,0.0,,,,0.0,False,,0,741.8837063471003,0.6466629123808701,0.9100668427481956,0.9521177248876036,0.1351758318738889,0.2034278365909703,4.212339748087403,300.2653731725801,0.012339748087402569,0.0,0.002117724887605976,77.5,0.0,0.4696196392995935,0.0,2.3,3.0625,2.0625,7.425,28.707562252823532,0,0,0,False,True,60,0,0.0,True,5400.0,dense sampled approximation incl switch endpoints; not certified continuous maxima
90.0,qmix_raw,17,random_005,nominal_unseen,True,5400.0,False,False,True,270.0,,0.0,5332.0,68.0,False,7.3362721984240045,1,92.22961518312229,0.9188314654925268,0.954070954495625,0.9549603021952495,0.016825593488037822,0.03681200961483211,4.20676476289903,299.2802663688799,0.006764762899029719,0.0,0.004960302195264554,59.0,0.0,0.16248824055019195,0.0,2.3,2.25,2.125,6.675,26.543288314312576,0,0,0,False,True,60,3,0.0,True,5670.0,dense sampled approximation incl switch endpoints; not certified continuous maxima
90.0,qmix_raw,17,random_006,nominal_unseen,True,3690.0,False,False,True,270.0,,3646.0,3646.0,44.0,False,0.0,0,115.5467710838576,0.9584118185294955,0.9176867702527415,0.9518938624867818,0.017861001798539358,0.05331617770371355,4.2133441759775625,299.0076681815825,0.013344175977562323,0.0,0.008411818529506343,163.0,0.0,1.030177142679849,0.0,1.4625,1.5875,1.3875,4.4375,18.011002643151816,0,0,0,False,True,41,3,0.0,True,3960.0,dense sampled approximation incl switch endpoints; not certified continuous maxima
90.0,qmix_raw,17,random_007,nominal_unseen,True,5310.0,False,False,True,270.0,,5299.0,5299.0,11.0,False,0.0,0,692.8806382627897,0.9557502992467757,0.913845928480049,0.954299126463306,0.01942090345442642,0.35212954078336234,4.2092445322906045,300.13351654363623,0.00924453229060429,0.0,0.005750299246882862,101.0,0.0,0.4055965441765079,0.0,0.9375,2.9625,1.075,4.975,19.89002654478745,0,0,0,False,True,59,3,0.0,True,5580.0,dense sampled approximation incl switch endpoints; not certified continuous maxima
90.0,qmix_raw,17,random_008,nominal_unseen,False,,False,False,False,0.0,,,,0.0,False,,0,719.1469035298749,0.7715240504835279,0.9529104370918905,0.9544463200189518,0.08587066299913187,0.20422563441920116,4.206318821803401,299.246244647057,0.006318821803400709,0.0,0.004446320018951844,45.0,0.0,0.12939982839282216,0.0,2.3,1.875,1.6,5.775,22.812473444677178,0,0,0,False,True,60,0,0.0,True,5400.0,dense sampled approximation incl switch endpoints; not certified continuous maxima
90.0,qmix_raw,17,random_009,nominal_unseen,True,4860.0,True,True,True,270.0,,2652.0,2652.0,2208.0,True,0.0,0,102.54459640568928,0.9274634395019233,0.9345426466989408,0.9060658033713673,0.012105575448331178,0.046392231634647285,4.18466009863551,299.17809162789536,0.0,0.0,0.0,0.0,0.0,0.0,0.0,2.025,2.075,2.075,6.175,24.57249278154181,0,0,0,False,True,54,3,0.0,True,5130.0,dense sampled approximation incl switch endpoints; not certified continuous maxima
90.0,qmix_raw,17,random_010,nominal_unseen,True,4770.0,False,False,True,270.0,,4742.0,4742.0,28.0,False,0.0,0,452.45653264765957,0.9559730622379968,0.9141614068713964,0.9508198642531973,0.01861484614070545,0.1700021652189005,4.209449472247214,299.0866359463926,0.00944947224721382,0.0,0.005973062238078586,70.0,0.0,0.2898534484011006,0.0,1.1625,2.0375,1.1875,4.3875,17.742883571269907,0,0,0,False,True,53,3,0.0,True,5040.0,dense sampled approximation incl switch endpoints; not certified continuous maxima
90.0,qmix_raw,17,random_011,nominal_unseen,False,,False,False,False,0.0,,,,0.0,False,,0,750.9267779581586,0.8171394034244176,0.9514478866200317,0.9526476074566322,0.06359828906541139,0.20920680189484508,4.208150393421023,299.24925567395746,0.008150393421022528,0.0,0.002647607456632284,76.0,0.0,0.25422821995947675,0.0,2.3,1.1375,1.9375,5.375,21.327878537548134,0,0,0,False,True,60,0,0.0,True,5400.0,dense sampled approximation incl switch endpoints; not certified continuous maxima
90.0,qmix_raw,17,model_shift_000,unseen_parameter_shift,True,5220.0,False,False,True,270.0,,5141.0,5141.0,79.0,False,0.0,0,576.2301952065704,0.9140642951737629,0.9550958826470038,0.9355809470522416,0.016757718586110925,0.20181942431061228,4.20423636301129,299.2399738343984,0.004236363011290045,0.0,0.005095882647015215,28.5,0.0,0.05926815543321906,0.0,2.225,1.125,2.225,5.575,22.258432985373407,0,0,0,False,True,58,3,0.0,True,5490.0,dense sampled approximation incl switch endpoints; not certified continuous maxima
90.0,qmix_raw,17,model_shift_001,unseen_parameter_shift,False,,False,False,False,0.0,,,,0.0,False,,0,541.6614531979901,0.7652941892684275,0.9179064304464315,0.9520689068532803,0.08120096200889033,0.16527089933491662,4.202433377390639,299.9832554127863,0.002433377390638647,0.0,0.002068906853292418,15.5,0.0,0.019359420856373877,0.0,2.3,2.9125,1.9,7.112500000000001,27.811005712684434,0,0,0,False,True,60,0,0.0,True,5400.0,dense sampled approximation incl switch endpoints; not certified continuous maxima
90.0,qmix_raw,17,model_shift_002,unseen_parameter_shift,False,,False,False,False,0.0,,,,0.0,False,,0,704.4448635033448,0.9578301914535643,0.8508754715607156,0.9545240803542371,0.04965802674603714,0.2129589411415465,4.213096534697646,299.15381300812857,0.013096534697646156,0.0,0.007830191453739532,127.0,0.0,0.6891927724272793,0.0,1.275,2.3,1.6,5.175,20.665398483427204,0,0,0,False,True,60,0,0.0,True,5400.0,dense sampled approximation incl switch endpoints; not certified continuous maxima
90.0,qmix_raw,17,model_shift_003,unseen_parameter_shift,False,,False,False,False,0.0,,,,0.0,False,,0,760.0787895417678,0.9516619178813923,0.8187806691238515,0.7828132564434548,0.07261844846384778,0.23687478752931224,4.202995612538532,299.246489185218,0.0029956125385321997,0.0,0.0016619178813923607,19.5,0.0,0.029452485297984055,0.0,1.65,2.35,2.3,6.3,24.560265184467593,0,0,0,False,True,60,0,0.0,True,5400.0,dense sampled approximation incl switch endpoints; not certified continuous maxima
90.0,qmix_raw,17,model_shift_004,unseen_parameter_shift,False,,False,True,False,0.0,,,,0.0,False,,0,319.1363431456234,0.8773152647769671,0.9178291951617421,0.7922793521015148,0.05231873266836783,0.1032701920339276,4.166099488500404,300.14175753887184,0.0,0.0,0.0,0.0,0.0,0.0,0.0,2.3,3.0,2.3,7.6,29.567244437030805,0,0,0,False,True,60,0,0.0,True,5400.0,dense sampled approximation incl switch endpoints; not certified continuous maxima
90.0,qmix_raw,17,model_shift_005,unseen_parameter_shift,True,4500.0,False,False,True,270.0,,4433.0,4433.0,67.0,False,0.0,0,335.3336584186839,0.9560431747666043,0.9530395812008166,0.9162299811791108,0.018101745194261217,0.1165465035607326,4.211703756678729,299.12244353323956,0.011703756678729249,0.0,0.006043174766605763,143.0,0.0,0.7832298548132548,0.0,1.875,1.2875,1.875,5.0375,20.30653665591508,0,0,0,False,True,50,3,0.0,True,4770.0,dense sampled approximation incl switch endpoints; not certified continuous maxima
90.0,qmix_raw,17,model_shift_006,unseen_parameter_shift,True,4140.0,False,False,True,270.0,,4067.0,4067.0,73.0,False,0.0,0,304.0221307809168,0.9183113781019409,0.954251351767112,0.9527195902601787,0.016593014140138824,0.12637480720954464,4.213058104106856,299.0691483687777,0.013058104106855595,0.0,0.004251351767121658,97.0,0.0,0.5422137060993215,0.0,1.725,1.2,0.975,3.9,15.863329224450087,0,0,0,False,True,46,3,0.0,True,4410.0,dense sampled approximation incl switch endpoints; not certified continuous maxima
90.0,qmix_raw,17,model_shift_007,unseen_parameter_shift,False,,False,False,False,0.0,,,,0.0,False,,0,877.8523303469206,0.9503829234659388,0.8064232013613561,0.9520548988330967,0.06826076504320895,0.2668515607431558,4.202489438054275,299.189372379203,0.0024894380542752614,0.0,0.0020548988331043905,21.0,0.0,0.021551087915504752,0.0,0.8625,2.35,1.75,4.9625,19.67101037898572,0,0,0,False,True,60,0,0.0,True,5400.0,dense sampled approximation incl switch endpoints; not certified continuous maxima
90.0,qmix_raw,17,model_shift_008,unseen_parameter_shift,False,,False,False,False,0.0,,,,0.0,False,,0,948.249987191917,0.7224477668212302,0.9161428545960185,0.9508302200510849,0.10048744824525377,0.3211871126268162,4.210759606365006,300.09657369507005,0.010759606365005503,0.0,0.000830220051250885,68.5,0.0,0.361768523678514,0.0,2.3,3.0,1.125,6.425,25.031325717060398,0,0,0,False,True,60,0,0.0,True,5400.0,dense sampled approximation incl switch endpoints; not certified continuous maxima
90.0,qmix_raw,17,model_shift_009,unseen_parameter_shift,False,,False,False,False,0.0,,,,0.0,False,,0,636.9549929795612,0.7676510229546394,0.9547333339646974,0.954500438525883,0.08813660447312252,0.1711550121879094,4.205951477692373,299.2531737033093,0.005951477692373253,0.0,0.0047333339647085415,68.0,0.0,0.18015710045549715,0.0,2.3,2.2125,1.7125,6.225,24.51938143104682,0,0,0,False,True,60,0,0.0,True,5400.0,dense sampled approximation incl switch endpoints; not certified continuous maxima
90.0,qmix_raw,17,model_shift_010,unseen_parameter_shift,False,,False,False,False,0.0,,,,0.0,False,,0,463.9044103358532,0.8680974237586342,0.9153636701164845,0.9516086761427097,0.03419214949104036,0.17788307793465996,4.203374057446449,300.1841922420222,0.003374057446448475,0.0,0.0016086761427130947,21.5,0.0,0.037014427418117,0.0,2.3,3.0,1.675,6.975,27.4894828738241,0,0,0,False,True,60,0,0.0,True,5400.0,dense sampled approximation incl switch endpoints; not certified continuous maxima
90.0,qmix_raw,17,model_shift_011,unseen_parameter_shift,False,,False,False,False,0.0,,,,0.0,False,,0,571.3451741857252,0.8891962457414879,0.9527259139300073,0.9537317426495826,0.030188041769200945,0.18153364938107142,4.214002535647693,299.29963164917604,0.014002535647692937,0.0,0.0037317426495867556,148.0,0.0,0.879321256588995,0.0,2.3,1.2875,2.225,5.8125,23.163072347518387,0,0,0,False,True,60,0,0.0,True,5400.0,dense sampled approximation incl switch endpoints; not certified continuous maxima
90.0,qmix_frozen_shield,17,A,reference_seen,False,,False,True,False,0.0,,,,0.0,False,,0,306.65347728087795,0.7782188122560171,0.9216065874915567,0.8992515006739653,0.06298916631655867,0.10000000000000028,4.164913191707152,300.0087572046441,0.0,0.0,0.0,0.0,0.0,0.0,0.0,2.8875,2.9,2.3,8.087499999999999,31.360491616266714,1,0,0,False,True,60,0,0.016666666666666666,True,5400.0,dense sampled approximation incl switch endpoints; not certified continuous maxima
90.0,qmix_frozen_shield,17,B,reference_seen,False,,False,True,False,0.0,,,,0.0,False,,0,723.0917738717263,0.8402262400653852,0.9478937439602888,0.9475169241915703,0.05066636435037223,0.2072111096630319,4.169349469715666,299.25316253812196,0.0,0.0,0.0,0.0,0.0,0.0,0.0,2.3,1.8,0.95,5.05,20.090274994013004,38,0,0,False,True,60,0,0.6333333333333333,True,5400.0,dense sampled approximation incl switch endpoints; not certified continuous maxima
90.0,qmix_frozen_shield,17,random_000,nominal_unseen,True,4950.0,True,True,True,270.0,,4941.0,4941.0,9.0,False,0.0,0,459.24686364227944,0.9058712776332734,0.9477006916003359,0.9470357484461619,0.019563729704428157,0.15979203890159188,4.168889267884976,299.22300165220656,0.0,0.0,0.0,0.0,0.0,0.0,0.0,2.1125,1.3875,1.0625,4.5625,18.380084109306125,30,0,0,False,True,55,3,0.5454545454545454,True,5220.0,dense sampled approximation incl switch endpoints; not certified continuous maxima
90.0,qmix_frozen_shield,17,random_001,nominal_unseen,False,,False,True,False,0.0,,,,0.0,False,,0,368.65013594861955,0.7839026911465594,0.8787591369995064,0.9487839457768998,0.0675664671043252,0.09674350692602263,4.1683686598530585,299.2464584325743,0.0,0.0,0.0,0.0,0.0,0.0,0.0,2.3,2.3,2.125,6.725,26.292420041574253,7,0,0,False,True,60,0,0.11666666666666667,True,5400.0,dense sampled approximation incl switch endpoints; not certified continuous maxima
90.0,qmix_frozen_shield,17,random_002,nominal_unseen,False,,False,True,False,0.0,,,,0.0,False,,0,943.4355885294783,0.7740617592717536,0.9483416427896607,0.8824384144334382,0.07185031716532672,0.3173498136151214,4.166189548771142,299.24625212373337,0.0,0.0,0.0,0.0,0.0,0.0,0.0,2.3,0.8625,2.3,5.4624999999999995,21.35635239724957,42,0,0,False,True,60,0,0.7,True,5400.0,dense sampled approximation incl switch endpoints; not certified continuous maxima
90.0,qmix_frozen_shield,17,random_003,nominal_unseen,False,,False,True,False,0.0,,,,0.0,False,,0,743.0014941470872,0.8259213033891096,0.8431200813399017,0.9470135021728592,0.05349243088892502,0.23250355644184906,4.166764622572615,299.2505473647405,0.0,0.0,0.0,0.0,0.0,0.0,0.0,2.3,2.3,1.2625,5.8625,22.993349757545182,30,0,0,False,True,60,0,0.5,True,5400.0,dense sampled approximation incl switch endpoints; not certified continuous maxima
90.0,qmix_frozen_shield,17,random_004,nominal_unseen,False,,False,True,False,0.0,,,,0.0,False,,0,740.2578818571792,0.6466629123808701,0.9100668427481956,0.9488609232534932,0.1342511117233408,0.20144723456093083,4.168489274110831,300.2653731725801,0.0,0.0,0.0,0.0,0.0,0.0,0.0,2.3,3.0625,2.05,7.4125,28.650768423683175,9,0,0,False,True,60,0,0.15,True,5400.0,dense sampled approximation incl switch endpoints; not certified continuous maxima
90.0,qmix_frozen_shield,17,random_005,nominal_unseen,True,5220.0,True,True,True,270.0,,0.0,5151.0,69.0,False,5.3940403572681035,1,86.74255515944495,0.9012153924469127,0.9385190883858885,0.9419330956588633,0.01844256107553627,0.03483140758478309,4.169595226097247,299.25200278936336,0.0,0.0,0.0,0.0,0.0,0.0,0.0,2.225,2.1875,2.075,6.4875,25.754683065536454,6,0,0,False,True,58,3,0.10344827586206896,True,5490.0,dense sampled approximation incl switch endpoints; not certified continuous maxima
90.0,qmix_frozen_shield,17,random_006,nominal_unseen,True,3600.0,True,True,True,270.0,,3556.0,3556.0,44.0,False,0.0,0,111.77492650790413,0.9466677698324347,0.9083556505868999,0.9486370608527063,0.018542110035774148,0.05331617770371355,4.168543173854017,298.9468117874013,0.0,0.0,0.0,0.0,0.0,0.0,0.0,1.4125,1.55,1.375,4.3375,17.58506080495294,7,0,0,False,True,40,3,0.175,True,3870.0,dense sampled approximation incl switch endpoints; not certified continuous maxima
90.0,qmix_frozen_shield,17,random_007,nominal_unseen,True,5310.0,True,True,True,270.0,,5239.0,5239.0,71.0,False,0.0,0,682.6544884110663,0.9498782748982212,0.913845928480049,0.9477855231951419,0.016514659102730755,0.35212954078336234,4.166910528177219,300.13351654363623,0.0,0.0,0.0,0.0,0.0,0.0,0.0,0.9125,2.9625,1.05,4.925,19.67204625354422,38,0,0,False,True,59,3,0.6440677966101694,True,5580.0,dense sampled approximation incl switch endpoints; not certified continuous maxima
90.0,qmix_frozen_shield,17,random_008,nominal_unseen,False,,False,True,False,0.0,,,,0.0,False,,0,713.7469357231264,0.7715240504835279,0.9498000638699591,0.9479327167507708,0.08360345651307993,0.20224503238916225,4.168756925182621,299.246244647057,0.0,0.0,0.0,0.0,0.0,0.0,0.0,2.3,1.8625,1.575,5.7375,22.646851296932944,22,0,0,False,True,60,0,0.36666666666666664,True,5400.0,dense sampled approximation incl switch endpoints; not certified continuous maxima
90.0,qmix_frozen_shield,17,random_009,nominal_unseen,True,4860.0,True,True,True,270.0,,2652.0,2652.0,2208.0,True,0.0,0,102.3523047249418,0.9245274273276515,0.9283219002550372,0.9060658033713673,0.00972147355311489,0.046392231634647285,4.1663681937707535,299.16183951719256,0.0,0.0,0.0,0.0,0.0,0.0,0.0,2.0125,2.05,2.075,6.1375,24.414350971007373,2,0,0,False,True,54,3,0.037037037037037035,True,5130.0,dense sampled approximation incl switch endpoints; not certified continuous maxima
90.0,qmix_frozen_shield,17,random_010,nominal_unseen,True,4770.0,True,True,True,270.0,,4682.0,4682.0,88.0,False,0.0,0,445.4154072770822,0.9471650257151941,0.9141614068713964,0.9475630626190992,0.015652716827906345,0.1700021652189005,4.169224455374512,299.0866359463926,0.0,0.0,0.0,0.0,0.0,0.0,0.0,1.125,2.0375,1.175,4.3375,17.52627990817325,26,0,0,False,True,53,3,0.49056603773584906,True,5040.0,dense sampled approximation incl switch endpoints; not certified continuous maxima
90.0,qmix_frozen_shield,17,random_011,nominal_unseen,False,,False,True,False,0.0,,,,0.0,False,,0,745.0971665135021,0.8171394034244176,0.948337513398073,0.949390805822529,0.06209713441398617,0.20909507135273997,4.169055436135095,299.24925567395746,0.0,0.0,0.0,0.0,0.0,0.0,0.0,2.3,1.125,1.925,5.35,21.214450847547063,35,0,0,False,True,60,0,0.5833333333333334,True,5400.0,dense sampled approximation incl switch endpoints; not certified continuous maxima
90.0,qmix_frozen_shield,17,model_shift_000,unseen_parameter_shift,True,5130.0,True,True,True,270.0,,5080.0,5080.0,50.0,False,0.0,0,564.996620980075,0.9052562586509709,0.9488751362031179,0.9225537405158909,0.01793390714292653,0.20170769376846365,4.1700248087010205,299.2256152311379,0.0,0.0,0.0,0.0,0.0,0.0,0.0,2.1875,1.1,2.175,5.4625,21.783606852720023,33,0,0,False,True,57,3,0.5789473684210527,True,5400.0,dense sampled approximation incl switch endpoints; not certified continuous maxima
90.0,qmix_frozen_shield,17,model_shift_001,unseen_parameter_shift,False,,False,True,False,0.0,,,,0.0,False,,0,539.3128167333028,0.7652941892684275,0.9179064304464315,0.9488121052191979,0.08022501851767197,0.16527089933491662,4.16964872105123,299.9832554127863,0.0,0.0,0.0,0.0,0.0,0.0,0.0,2.3,2.9125,1.8875,7.1000000000000005,27.754744210632424,13,0,0,False,True,60,0,0.21666666666666667,True,5400.0,dense sampled approximation incl switch endpoints; not certified continuous maxima
90.0,qmix_frozen_shield,17,model_shift_002,unseen_parameter_shift,False,,False,True,False,0.0,,,,0.0,False,,0,695.0675323112375,0.9490221549307224,0.8508754715607156,0.948010477086066,0.04603018846004288,0.2129589411415465,4.169701700206341,299.15381300812857,0.0,0.0,0.0,0.0,0.0,0.0,0.0,1.2375,2.3,1.575,5.1125,20.395363121944076,30,0,0,False,True,60,0,0.5,True,5400.0,dense sampled approximation incl switch endpoints; not certified continuous maxima
90.0,qmix_frozen_shield,17,model_shift_003,unseen_parameter_shift,False,,False,True,False,0.0,,,,0.0,False,,0,757.3066948926827,0.948725905707171,0.8187806691238515,0.7828132564434548,0.071263537872792,0.23687478752931224,4.16954598410647,299.246489185218,0.0,0.0,0.0,0.0,0.0,0.0,0.0,1.6375,2.35,2.3,6.2875,24.50493306543906,19,0,0,False,True,60,0,0.31666666666666665,True,5400.0,dense sampled approximation incl switch endpoints; not certified continuous maxima
90.0,qmix_frozen_shield,17,model_shift_004,unseen_parameter_shift,False,,False,True,False,0.0,,,,0.0,False,,0,319.1363431456234,0.8773152647769671,0.9178291951617421,0.7922793521015148,0.05231873266836783,0.1032701920339276,4.166099488500404,300.14175753887184,0.0,0.0,0.0,0.0,0.0,0.0,0.0,2.3,3.0,2.3,7.6,29.567244437030805,0,0,0,False,True,60,0,0.0,True,5400.0,dense sampled approximation incl switch endpoints; not certified continuous maxima
90.0,qmix_frozen_shield,17,model_shift_005,unseen_parameter_shift,True,4410.0,True,True,True,270.0,,4372.0,4372.0,38.0,False,0.0,0,330.0008423015739,0.9384271017209935,0.9499292079788383,0.90645957627682,0.018390305452419927,0.11643477301857486,4.168473104058904,299.05425386724914,0.0,0.0,0.0,0.0,0.0,0.0,0.0,1.8,1.275,1.8375,4.9125,19.777182727967645,20,0,0,False,True,49,3,0.40816326530612246,True,4680.0,dense sampled approximation incl switch endpoints; not certified continuous maxima
90.0,qmix_frozen_shield,17,model_shift_006,unseen_parameter_shift,True,4050.0,True,True,True,270.0,,4018.0,4018.0,32.0,False,0.0,0,297.219463815647,0.9095033415791264,0.9480306053231697,0.9494627886261254,0.01850873250032795,0.12439420517953126,4.169226456756685,299.0517067019864,0.0,0.0,0.0,0.0,0.0,0.0,0.0,1.6875,1.175,0.9625,3.8249999999999997,15.541931224519837,23,0,0,False,True,45,3,0.5111111111111111,True,4320.0,dense sampled approximation incl switch endpoints; not certified continuous maxima
90.0,qmix_frozen_shield,17,model_shift_007,unseen_parameter_shift,False,,False,True,False,0.0,,,,0.0,False,,0,872.518288012618,0.9474469112916695,0.8064232013613561,0.9487980971990024,0.06679996958635864,0.2668515607431558,4.169714384802116,299.189372379203,0.0,0.0,0.0,0.0,0.0,0.0,0.0,0.85,2.35,1.7375,4.9375,19.559469769800216,40,0,0,False,True,60,0,0.6666666666666666,True,5400.0,dense sampled approximation incl switch endpoints; not certified continuous maxima
90.0,qmix_frozen_shield,17,model_shift_008,unseen_parameter_shift,False,,False,True,False,0.0,,,,0.0,False,,0,943.2028687090267,0.7224477668212302,0.9161428545960185,0.9475734184169985,0.09954743502282208,0.3211871126268162,4.167364445055217,300.09657369507005,0.0,0.0,0.0,0.0,0.0,0.0,0.0,2.3,3.0,1.1125,6.4125,24.974560719860087,34,0,0,False,True,60,0,0.5666666666666667,True,5400.0,dense sampled approximation incl switch endpoints; not certified continuous maxima
90.0,qmix_frozen_shield,17,model_shift_009,unseen_parameter_shift,False,,False,True,False,0.0,,,,0.0,False,,0,631.5005281278675,0.7676510229546394,0.9454022142988764,0.9479868352576989,0.08440851160925042,0.169174410157933,4.164270138452069,299.2531737033093,0.0,0.0,0.0,0.0,0.0,0.0,0.0,2.3,2.175,1.6875,6.1625,24.248727080535797,19,0,0,False,True,60,0,0.31666666666666665,True,5400.0,dense sampled approximation incl switch endpoints; not certified continuous maxima
90.0,qmix_frozen_shield,17,model_shift_010,unseen_parameter_shift,False,,False,True,False,0.0,,,,0.0,False,,0,459.70701098574784,0.8680974237586342,0.9153636701164845,0.9483518745086391,0.03293612764623966,0.17788307793465996,4.168649935407348,300.1841922420222,0.0,0.0,0.0,0.0,0.0,0.0,0.0,2.3,3.0,1.6625,6.9625,27.43264895131594,20,0,0,False,True,60,0,0.3333333333333333,True,5400.0,dense sampled approximation incl switch endpoints; not certified continuous maxima
90.0,qmix_frozen_shield,17,model_shift_011,unseen_parameter_shift,False,,False,True,False,0.0,,,,0.0,False,,0,565.7459041367969,0.8891962457414879,0.9496155407080925,0.9439613377473021,0.027247174201676747,0.18142191883902992,4.167931780702835,299.29963164917604,0.0,0.0,0.0,0.0,0.0,0.0,0.0,2.3,1.275,2.1875,5.762499999999999,22.945197302155414,31,0,0,False,True,60,0,0.5166666666666667,True,5400.0,dense sampled approximation incl switch endpoints; not certified continuous maxima
90.0,qmix_trained_shield,17,A,reference_seen,True,3420.0,True,True,True,270.0,,3332.0,3332.0,88.0,False,0.0,0,240.58767052791765,0.9044673357496384,0.9278273339353966,0.9448467235512644,0.016552422103290283,0.14394736013578846,4.169628263363757,302.32678174274116,0.0,0.0,0.0,0.0,0.0,0.0,0.0,3.425,2.925,2.475,8.825,34.913302602072974,18,0,0,False,True,38,3,0.47368421052631576,True,3690.0,dense sampled approximation incl switch endpoints; not certified continuous maxima
90.0,qmix_trained_shield,17,B,reference_seen,True,2700.0,True,True,True,270.0,,2618.0,2618.0,82.0,False,0.0,0,258.39534878498995,0.9077545200736397,0.9385626242944258,0.947516924191465,0.01703058540637402,0.20611839111386887,4.16988718624597,301.359747727906,0.0,0.0,0.0,0.0,0.0,0.0,0.0,2.5875,1.7625,0.95,5.3,21.441751786607597,22,0,0,False,True,30,3,0.7333333333333333,True,2970.0,dense sampled approximation incl switch endpoints; not certified continuous maxima
90.0,qmix_trained_shield,17,random_000,nominal_unseen,True,2070.0,True,True,True,270.0,,1724.0,1724.0,346.0,True,0.0,0,105.46720649690909,0.9058712776333735,0.9259280790466449,0.9372653435437676,0.012980310831731479,0.15109547771600934,4.169850337268209,301.2453221541488,0.0,0.0,0.0,0.0,0.0,0.0,0.0,2.1125,1.3,1.025,4.4375,18.151301778016087,17,0,0,False,True,23,3,0.7391304347826086,True,2340.0,dense sampled approximation incl switch endpoints; not certified continuous maxima
90.0,qmix_trained_shield,17,random_001,nominal_unseen,True,2880.0,True,True,True,270.0,,2224.0,2224.0,656.0,True,0.0,0,135.51591120552789,0.9042791902916592,0.9067524959969917,0.9259863343381645,0.009702564844766727,0.10116383719625904,4.169756417498667,301.6144151710496,0.0,0.0,0.0,0.0,0.0,0.0,0.0,2.8125,2.4125,2.0375,7.262499999999999,29.068184133595707,15,0,0,False,True,32,3,0.46875,True,3150.0,dense sampled approximation incl switch endpoints; not certified continuous maxima
90.0,qmix_trained_shield,17,random_002,nominal_unseen,True,3060.0,True,True,True,270.0,,3021.0,3021.0,39.0,False,0.0,0,371.27301038306774,0.9179263558109845,0.9483416427896255,0.9052360258720069,0.018086914747658778,0.316809782661596,4.169608161347259,301.66898832582297,0.0,0.0,0.0,0.0,0.0,0.0,0.0,2.9125,0.8625,2.3875,6.1625000000000005,24.651876789481506,28,0,0,False,True,34,3,0.8235294117647058,True,3330.0,dense sampled approximation incl switch endpoints; not certified continuous maxima
90.0,qmix_trained_shield,17,random_003,nominal_unseen,True,3060.0,True,True,True,270.0,,2964.0,2964.0,96.0,False,0.0,0,290.0205048778804,0.934553753837131,0.9084379190007362,0.9470135021727037,0.01607398787152378,0.23266725859121817,4.169941160424167,301.42004611605006,0.0,0.0,0.0,0.0,0.0,0.0,0.0,2.7625,2.5625,1.2625,6.5875,26.47321307004694,27,0,0,False,True,34,3,0.7941176470588235,True,3330.0,dense sampled approximation incl switch endpoints; not certified continuous maxima
90.0,qmix_trained_shield,17,random_004,nominal_unseen,True,3510.0,True,True,True,270.0,,3425.0,3425.0,85.0,False,0.0,0,325.6203731340619,0.9138400202393993,0.916287589192084,0.9488609232534257,0.015963417670716743,0.19779466939255672,4.169684352701124,302.28940393535464,0.0,0.0,0.0,0.0,0.0,0.0,0.0,3.4375,3.0875,2.05,8.575,33.92878819174288,21,0,0,False,True,39,3,0.5384615384615384,True,3780.0,dense sampled approximation incl switch endpoints; not certified continuous maxima
90.0,qmix_trained_shield,17,random_005,nominal_unseen,True,2520.0,True,True,True,270.0,,0.0,0.0,2520.0,True,0.0,0,27.57033693960059,0.9335115263639571,0.9011946097224918,0.9061082776837184,0.014218396816470653,0.02544867688617425,4.16944396748614,301.3081200434452,0.0,0.0,0.0,0.0,0.0,0.0,0.0,2.3625,2.0375,1.9375,6.3375,25.63927042372223,16,0,0,False,True,28,3,0.5714285714285714,True,2790.0,dense sampled approximation incl switch endpoints; not certified continuous maxima
90.0,qmix_trained_shield,17,random_006,nominal_unseen,True,2160.0,True,True,True,270.0,,2142.0,2142.0,18.0,False,0.0,0,79.93593626296379,0.9496037820067659,0.9052452773648948,0.9128122428774902,0.0193751078925533,0.0704602964887584,4.168809849507786,299.917369281591,0.0,0.0,0.0,0.0,0.0,0.0,0.0,1.425,1.5375,1.2375,4.2,17.26517179411804,20,0,0,False,True,24,3,0.8333333333333334,True,2430.0,dense sampled approximation incl switch endpoints; not certified continuous maxima
90.0,qmix_trained_shield,17,random_007,nominal_unseen,True,3420.0,True,True,True,270.0,,3379.0,3379.0,41.0,False,0.0,0,430.93480084395935,0.9498782748982995,0.9107355552578918,0.9477855231950532,0.01797909970148571,0.3653775984263994,4.167738166580177,301.71988880969997,0.0,0.0,0.0,0.0,0.0,0.0,0.0,0.9125,2.95,1.05,4.9125000000000005,19.816542345468964,36,0,0,False,True,38,3,0.9473684210526315,True,3690.0,dense sampled approximation incl switch endpoints; not certified continuous maxima
90.0,qmix_trained_shield,17,random_008,nominal_unseen,True,2970.0,True,True,True,270.0,,2897.0,2897.0,73.0,False,0.0,0,256.16655777388456,0.9095166226741935,0.9466896906479451,0.9479327167506756,0.017823761856846983,0.18711151460600123,4.169932637058152,301.6973839652051,0.0,0.0,0.0,0.0,0.0,0.0,0.0,2.8875,1.85,1.575,6.312500000000001,25.424670217550098,22,0,0,False,True,33,3,0.6666666666666666,True,3240.0,dense sampled approximation incl switch endpoints; not certified continuous maxima
90.0,qmix_trained_shield,17,random_009,nominal_unseen,True,2610.0,True,True,True,270.0,,2577.0,2577.0,33.0,False,0.0,0,105.55707365886931,0.9480155247218679,0.9221011538111233,0.9028090017372332,0.018521373454297635,0.07320962207656162,4.169795740693843,301.0297948816924,0.0,0.0,0.0,0.0,0.0,0.0,0.0,2.1125,2.025,2.0625,6.199999999999999,25.16372747780167,18,0,0,False,True,29,3,0.6206896551724138,True,2880.0,dense sampled approximation incl switch endpoints; not certified continuous maxima
90.0,qmix_trained_shield,17,random_010,nominal_unseen,True,2700.0,True,True,True,270.0,,2642.0,2642.0,58.0,False,0.0,0,194.34257296655412,0.9471650257152808,0.9110510336494247,0.9475630626189874,0.01711888857952463,0.18325022286193804,4.1696469878563915,300.3819274439392,0.0,0.0,0.0,0.0,0.0,0.0,0.0,1.125,2.025,1.175,4.325,17.70520842836342,28,0,0,False,True,30,3,0.9333333333333333,True,2970.0,dense sampled approximation incl switch endpoints; not certified continuous maxima
90.0,qmix_trained_shield,17,random_011,nominal_unseen,True,2790.0,True,True,True,270.0,,2702.0,2702.0,88.0,False,0.0,0,271.2067218031598,0.9081557808268321,0.9483375133980365,0.9265931943837536,0.016422630931761495,0.20401710977174148,4.169966586617642,301.47099539506047,0.0,0.0,0.0,0.0,0.0,0.0,0.0,2.6875,1.125,1.8375,5.65,22.806590788031862,25,0,0,False,True,31,3,0.8064516129032258,True,3060.0,dense sampled approximation incl switch endpoints; not certified continuous maxima
90.0,qmix_trained_shield,17,model_shift_000,unseen_parameter_shift,True,2880.0,True,True,True,270.0,,2794.0,2794.0,86.0,False,0.0,0,201.80351334610089,0.9492964412651516,0.9488751362029993,0.9160401372481602,0.015578818993856984,0.20100006700156986,4.169077413649537,301.1728156958682,0.0,0.0,0.0,0.0,0.0,0.0,0.0,2.375,1.1,2.15,5.625,22.828680887920058,24,0,0,False,True,32,3,0.75,True,3150.0,dense sampled approximation incl switch endpoints; not certified continuous maxima
90.0,qmix_trained_shield,17,model_shift_001,unseen_parameter_shift,True,3240.0,True,True,True,270.0,,3218.0,3218.0,22.0,False,0.0,0,238.5425484613549,0.9297108710277712,0.9023545643366019,0.9488121052192257,0.01906575687887336,0.17138929044878548,4.169612142392395,301.78777695922287,0.0,0.0,0.0,0.0,0.0,0.0,0.0,3.0,2.85,1.8875,7.7375,30.86245608460135,20,0,0,False,True,36,3,0.5555555555555556,True,3510.0,dense sampled approximation incl switch endpoints; not certified continuous maxima
90.0,qmix_trained_shield,17,model_shift_002,unseen_parameter_shift,True,3060.0,True,True,True,270.0,,3023.0,3023.0,37.0,False,0.0,0,275.71042033890456,0.949022154930932,0.9099725627774504,0.9480104770861647,0.018174393049232556,0.22620699878457745,4.169259044751569,301.23555985576826,0.0,0.0,0.0,0.0,0.0,0.0,0.0,1.2375,2.5375,1.575,5.3500000000000005,21.740523118160795,31,0,0,False,True,34,3,0.9117647058823529,True,3330.0,dense sampled approximation incl switch endpoints; not certified continuous maxima
90.0,qmix_trained_shield,17,model_shift_003,unseen_parameter_shift,True,3330.0,True,True,True,270.0,,3302.0,3302.0,28.0,False,0.0,0,359.05529666910894,0.9487259057068691,0.9214229854479433,0.9033149169048191,0.018665206803056056,0.255746119010253,4.1681577115451685,301.4263831070454,0.0,0.0,0.0,0.0,0.0,0.0,0.0,1.6375,2.7625,2.7625,7.1625000000000005,28.706004115508414,31,0,0,False,True,37,3,0.8378378378378378,True,3600.0,dense sampled approximation incl switch endpoints; not certified continuous maxima
90.0,qmix_trained_shield,17,model_shift_004,unseen_parameter_shift,True,3330.0,True,True,True,270.0,,3304.0,3304.0,26.0,False,0.0,0,182.28455597990387,0.9477795569594222,0.9022773290516107,0.9160378141971486,0.019053555893268993,0.11811059991737466,4.168945084404477,301.80760237824086,0.0,0.0,0.0,0.0,0.0,0.0,0.0,2.6,2.9375,2.775,8.3125,33.093338770058175,20,0,0,False,True,37,3,0.5405405405405406,True,3600.0,dense sampled approximation incl switch endpoints; not certified continuous maxima
90.0,qmix_trained_shield,17,model_shift_005,unseen_parameter_shift,True,2520.0,True,True,True,270.0,,2446.0,2446.0,74.0,False,0.0,0,136.47380919145013,0.9472351382438403,0.9499292079787145,0.9129731795451949,0.016822233512636925,0.11122562750413723,4.169885770671395,300.58191772013504,0.0,0.0,0.0,0.0,0.0,0.0,0.0,1.8375,1.275,1.8625,4.975,20.374721211795304,24,0,0,False,True,28,3,0.8571428571428571,True,2790.0,dense sampled approximation incl switch endpoints; not certified continuous maxima
90.0,qmix_trained_shield,17,model_shift_006,unseen_parameter_shift,True,1710.0,True,True,True,270.0,,908.0,908.0,802.0,True,0.0,0,54.20901259565362,0.9036313172304509,0.9044853802158354,0.9234083755532944,0.009128351512547487,0.10935372971854163,4.168332041100884,300.6308918376037,0.0,0.0,0.0,0.0,0.0,0.0,0.0,1.6625,1.0,0.8625,3.5250000000000004,14.507155428117017,16,0,0,False,True,19,3,0.8421052631578947,True,1980.0,dense sampled approximation incl switch endpoints; not certified continuous maxima
90.0,qmix_trained_shield,17,model_shift_007,unseen_parameter_shift,True,3240.0,True,True,True,270.0,,3208.0,3208.0,32.0,False,0.0,0,364.64176962453405,0.9474469112916653,0.9090655176856156,0.9487980971988912,0.018419901535739847,0.2791209476614369,4.169281121498333,301.59960267415266,0.0,0.0,0.0,0.0,0.0,0.0,0.0,0.85,2.7625,1.7375,5.3500000000000005,21.64106840032965,36,0,0,False,True,36,3,1.0,True,3510.0,dense sampled approximation incl switch endpoints; not certified continuous maxima
90.0,qmix_trained_shield,17,model_shift_008,unseen_parameter_shift,True,3330.0,True,True,True,270.0,,3302.0,3302.0,28.0,False,0.0,0,406.4324885359281,0.9250326068457727,0.9005909884864115,0.9475734184171518,0.01918572854006622,0.32730550374067996,4.1690781726104404,302.02930178730566,0.0,0.0,0.0,0.0,0.0,0.0,0.0,3.1625,2.9375,1.1125,7.2124999999999995,28.666441398438522,27,0,0,False,True,37,3,0.7297297297297297,True,3600.0,dense sampled approximation incl switch endpoints; not certified continuous maxima
90.0,qmix_trained_shield,17,model_shift_009,unseen_parameter_shift,True,2970.0,True,True,True,270.0,,2844.0,2844.0,126.0,False,0.0,0,226.0162410769987,0.905643595145386,0.9329607214111648,0.9447300336242943,0.016372374328443604,0.16551769534216748,4.16860483371582,301.70237998575357,0.0,0.0,0.0,0.0,0.0,0.0,0.0,2.8875,2.125,1.675,6.6875,26.859997104943876,18,0,0,False,True,33,3,0.5454545454545454,True,3240.0,dense sampled approximation incl switch endpoints; not certified continuous maxima
90.0,qmix_trained_shield,17,model_shift_010,unseen_parameter_shift,True,3420.0,True,True,True,270.0,,3385.0,3385.0,35.0,False,0.0,0,261.0754880981986,0.9473697524640169,0.9091429236727816,0.948351874508585,0.018256191731359082,0.18400146904853149,4.1694767632873315,301.87487457724853,0.0,0.0,0.0,0.0,0.0,0.0,0.0,2.6375,2.975,1.6625,7.275,29.169233730075966,22,0,0,False,True,38,3,0.5789473684210527,True,3690.0,dense sampled approximation incl switch endpoints; not certified continuous maxima
90.0,qmix_trained_shield,17,model_shift_011,unseen_parameter_shift,True,2610.0,True,True,True,270.0,,2544.0,2544.0,66.0,False,0.0,0,185.1085477385888,0.9273644040070504,0.9496155407088112,0.9081365197722789,0.016948725925631288,0.18057462889513531,4.16882490084374,301.41929052029184,0.0,0.0,0.0,0.0,0.0,0.0,0.0,2.4625,1.275,2.05,5.7875,23.449069065538858,20,0,0,False,True,29,3,0.6896551724137931,True,2880.0,dense sampled approximation incl switch endpoints; not certified continuous maxima
90.0,rule_shield,-1,A,reference_seen,True,3150.0,True,True,True,270.0,,1503.0,1503.0,1647.0,True,0.0,0,83.30161863790187,0.9044673357496822,0.9029443481598383,0.9057651039421105,0.0011527916195681808,0.10000000000000028,4.169956157407947,302.66948499080985,0.0,0.0,0.0,0.0,0.0,0.0,0.0,3.425,2.825,2.325,8.575,33.76787262725927,10,0,0,False,True,35,3,0.2857142857142857,True,3420.0,dense sampled approximation incl switch endpoints; not certified continuous maxima
90.0,rule_shield,-1,B,reference_seen,True,1890.0,True,True,True,270.0,,1551.0,1551.0,339.0,True,0.0,0,129.37215822363336,0.9048185078993862,0.9012381456310644,0.9051785029481858,0.0017787325760581702,0.20000000000000062,4.168487457044822,303.16662971284535,0.0,0.0,0.0,0.0,0.0,0.0,0.0,2.575,1.6125,0.7875,4.975,20.314119561614625,17,0,0,False,True,21,3,0.8095238095238095,True,2160.0,dense sampled approximation incl switch endpoints; not certified continuous maxima
90.0,rule_shield,-1,random_000,nominal_unseen,True,1800.0,True,True,True,270.0,,1390.0,1390.0,410.0,True,0.0,0,78.0967942998733,0.9058712776333725,0.9010450932710586,0.9014405255686998,0.00218784485687176,0.15109547771600934,4.16844248688704,301.80382593472916,0.0,0.0,0.0,0.0,0.0,0.0,0.0,2.1125,1.2,0.8875,4.2,17.215955534336018,14,0,0,False,True,20,3,0.7,True,2070.0,dense sampled approximation incl switch endpoints; not certified continuous maxima
90.0,rule_shield,-1,random_001,nominal_unseen,True,2790.0,True,True,True,270.0,,1300.0,1300.0,1490.0,True,0.0,0,64.51501704092522,0.9072152024659097,0.9036421227750447,0.9031887228994769,0.0018007716748147805,0.08004280690600835,4.169665220566585,301.77214812464865,0.0,0.0,0.0,0.0,0.0,0.0,0.0,2.825,2.4,1.95,7.175,28.619544780314257,11,0,0,False,True,31,3,0.3548387096774194,True,3060.0,dense sampled approximation incl switch endpoints; not certified continuous maxima
90.0,rule_shield,-1,random_002,nominal_unseen,True,1980.0,True,True,True,270.0,,1656.0,1656.0,324.0,True,0.0,0,183.87488128917263,0.9003102827653975,0.901686044460443,0.9019792242379231,0.0007275560507001578,0.316809782661596,4.169329395824011,303.8353016612426,0.0,0.0,0.0,0.0,0.0,0.0,0.0,2.8375,0.675,2.375,5.8875,23.86698867569109,19,0,0,False,True,22,3,0.8636363636363636,True,2250.0,dense sampled approximation incl switch endpoints; not certified continuous maxima
90.0,rule_shield,-1,random_003,nominal_unseen,True,2070.0,True,True,True,270.0,,1686.0,1686.0,384.0,True,0.0,0,123.84168315101728,0.9022576199202035,0.9084379190008066,0.9046750809293931,0.002542945903394877,0.22654886747734898,4.169178481247782,303.00822176709323,0.0,0.0,0.0,0.0,0.0,0.0,0.0,2.625,2.5625,1.1,6.2875,25.478210701816245,15,0,0,False,True,23,3,0.6521739130434783,True,2340.0,dense sampled approximation incl switch endpoints; not certified continuous maxima
90.0,rule_shield,-1,random_004,nominal_unseen,True,2700.0,True,True,True,270.0,,1851.0,1851.0,849.0,True,0.0,0,116.95745390406279,0.907967995890845,0.9069564695262451,0.903265700376053,0.0020209058918856347,0.1916762782786891,4.169131056136129,303.664445310535,0.0,0.0,0.0,0.0,0.0,0.0,0.0,3.4125,3.05,1.875,8.3375,33.07087665042461,11,0,0,False,True,30,3,0.36666666666666664,True,2970.0,dense sampled approximation incl switch endpoints; not certified continuous maxima
90.0,rule_shield,-1,random_005,nominal_unseen,True,2700.0,True,True,True,270.0,,0.0,0.0,2700.0,True,0.0,0,26.54758080240999,0.9041514046212495,0.9011946097224794,0.9061082776837297,0.002019794298917882,0.016877682457056786,4.167954785400127,300.5951636376002,0.0,0.0,0.0,0.0,0.0,0.0,0.0,2.2375,2.0375,1.9375,6.2125,24.91510109009943,10,0,0,False,True,30,3,0.3333333333333333,True,2970.0,dense sampled approximation incl switch endpoints; not certified continuous maxima
90.0,rule_shield,-1,random_006,nominal_unseen,True,1890.0,True,True,True,270.0,,494.0,494.0,1396.0,True,0.0,0,28.400774225618456,0.9055635993927417,0.9083556505868111,0.9095554412434878,0.0016723187113679107,0.05331617770371355,4.168032883403648,299.801056260422,0.0,0.0,0.0,0.0,0.0,0.0,0.0,1.2375,1.55,1.225,4.0125,16.428978527997028,11,0,0,False,True,21,3,0.5238095238095238,True,2160.0,dense sampled approximation incl switch endpoints; not certified continuous maxima
90.0,rule_shield,-1,random_007,nominal_unseen,True,2160.0,True,True,True,270.0,,1794.0,1794.0,366.0,True,0.0,0,221.2727985692979,0.9029020801100368,0.9076251820360927,0.9021903003176276,0.0024118287568311776,0.35212954078336234,4.1680670417993095,303.25311881083707,0.0,0.0,0.0,0.0,0.0,0.0,0.0,0.7125,2.9375,0.875,4.525,18.380501355955314,21,0,0,False,True,24,3,0.875,True,2430.0,dense sampled approximation incl switch endpoints; not certified continuous maxima
90.0,rule_shield,-1,random_008,nominal_unseen,True,2250.0,True,True,True,270.0,,1612.0,1612.0,638.0,True,0.0,0,107.90939727788017,0.9065806104999204,0.9031444655406573,0.9055942955073465,0.0014445905345011943,0.18711151460600123,4.169921522778175,303.136373924854,0.0,0.0,0.0,0.0,0.0,0.0,0.0,2.875,1.675,1.4125,5.9625,24.070863239151382,12,0,0,False,True,25,3,0.48,True,2520.0,dense sampled approximation incl switch endpoints; not certified continuous maxima
90.0,rule_shield,-1,random_009,nominal_unseen,True,2520.0,True,True,True,270.0,,372.0,372.0,2148.0,True,0.0,0,23.02660605473013,0.9039753421078713,0.9003285412574908,0.9028090017372491,0.0015206793253207467,0.046392231634647285,4.169659767635208,300.13669195277237,0.0,0.0,0.0,0.0,0.0,0.0,0.0,1.925,1.9375,2.0625,5.925,23.828841262600108,9,0,0,False,True,28,3,0.32142857142857145,True,2790.0,dense sampled approximation incl switch endpoints; not certified continuous maxima
90.0,rule_shield,-1,random_010,nominal_unseen,True,1800.0,True,True,True,270.0,,1455.0,1455.0,345.0,True,0.0,0,82.37557387725755,0.9060608552755364,0.904830287205505,0.9052246413756729,0.000513059090471017,0.1700021652189005,4.169925936991829,301.1415134416368,0.0,0.0,0.0,0.0,0.0,0.0,0.0,0.95,2.0,1.0125,3.9625000000000004,16.280072219217228,13,0,0,False,True,20,3,0.65,True,2070.0,dense sampled approximation incl switch endpoints; not certified continuous maxima
90.0,rule_shield,-1,random_011,nominal_unseen,True,1980.0,True,True,True,270.0,,1630.0,1630.0,350.0,True,0.0,0,129.19267035913566,0.9081557808268733,0.9079026615127292,0.9005387813109321,0.0035325389459119243,0.20401710977174148,4.168902093030814,303.3278211846468,0.0,0.0,0.0,0.0,0.0,0.0,0.0,2.6875,0.9625,1.7375,5.3875,21.94703624201653,15,0,0,False,True,22,3,0.6818181818181818,True,2250.0,dense sampled approximation incl switch endpoints; not certified continuous maxima
90.0,rule_shield,-1,model_shift_000,unseen_parameter_shift,True,1890.0,True,True,True,270.0,,1481.0,1481.0,409.0,True,0.0,0,98.93171467638115,0.9052562586512573,0.9022195378737968,0.9095265339802119,0.0029972045598913805,0.20100006700156986,4.169740902176443,301.9263088009401,0.0,0.0,0.0,0.0,0.0,0.0,0.0,2.1875,0.9125,2.125,5.225,21.35344686522238,15,0,0,False,True,21,3,0.7142857142857143,True,2160.0,dense sampled approximation incl switch endpoints; not certified continuous maxima
90.0,rule_shield,-1,model_shift_001,unseen_parameter_shift,True,2520.0,True,True,True,270.0,,1645.0,1645.0,875.0,True,0.0,0,96.23920798774395,0.9062227736337289,0.905464937558501,0.9032168823418677,0.0012764294920004306,0.16527089933491662,4.168441544562519,302.50622023130546,0.0,0.0,0.0,0.0,0.0,0.0,0.0,2.9,2.8625,1.7125,7.475,29.86163179558798,11,0,0,False,True,28,3,0.39285714285714285,True,2790.0,dense sampled approximation incl switch endpoints; not certified continuous maxima
90.0,rule_shield,-1,model_shift_002,unseen_parameter_shift,True,1980.0,True,True,True,270.0,,1670.0,1670.0,310.0,True,0.0,0,120.38113729256327,0.907917984491227,0.9037518163334141,0.9089288574770752,0.002240549940325961,0.2129589411415465,4.169281255670215,302.3634093029172,0.0,0.0,0.0,0.0,0.0,0.0,0.0,1.0625,2.5125,1.425,5.0,20.413849389984872,14,0,0,False,True,22,3,0.6363636363636364,True,2250.0,dense sampled approximation incl switch endpoints; not certified continuous maxima
90.0,rule_shield,-1,model_shift_003,unseen_parameter_shift,True,2250.0,True,True,True,270.0,,1573.0,1573.0,677.0,True,0.0,0,122.46262844846231,0.9076217352669613,0.9089814925600327,0.9000581152706575,0.003925471657338136,0.23687478752931224,4.169063057306349,302.4524858640473,0.0,0.0,0.0,0.0,0.0,0.0,0.0,1.4625,2.7125,2.75,6.925,27.896154206325065,11,0,0,False,True,25,3,0.44,True,2520.0,dense sampled approximation incl switch endpoints; not certified continuous maxima
90.0,rule_shield,-1,model_shift_004,unseen_parameter_shift,True,3150.0,True,True,True,270.0,,888.0,888.0,2262.0,True,0.0,0,54.490355520015434,0.9008033621711522,0.9053877022735297,0.9030106076607125,0.0018719771373169303,0.1032701920339276,4.169169149294104,301.20690960362754,0.0,0.0,0.0,0.0,0.0,0.0,0.0,2.4,2.95,2.725,8.075,31.9203654284539,9,0,0,False,True,35,3,0.2571428571428571,True,3420.0,dense sampled approximation incl switch endpoints; not certified continuous maxima
90.0,rule_shield,-1,model_shift_005,unseen_parameter_shift,True,1800.0,True,True,True,270.0,,1007.0,1007.0,793.0,True,0.0,0,54.236046052788865,0.9061309678040768,0.9063839828713905,0.9032027746429158,0.0014436996304353893,0.10733039799624022,4.169547141937015,300.4527529464561,0.0,0.0,0.0,0.0,0.0,0.0,0.0,1.6625,1.1,1.825,4.5875,18.77248587789677,12,0,0,False,True,20,3,0.6,True,2070.0,dense sampled approximation incl switch endpoints; not certified continuous maxima
90.0,rule_shield,-1,model_shift_006,unseen_parameter_shift,True,1620.0,True,True,True,270.0,,1139.0,1139.0,481.0,True,0.0,0,54.23656085634736,0.9036313172304394,0.9075957534377707,0.9038675657487355,0.0018157322137690888,0.10935372971854163,4.169682975923211,300.70646623627624,0.0,0.0,0.0,0.0,0.0,0.0,0.0,1.6625,1.0125,0.7875,3.4625,14.26004286765916,14,0,0,False,True,18,3,0.7777777777777778,True,1890.0,dense sampled approximation incl switch endpoints; not certified continuous maxima
90.0,rule_shield,-1,model_shift_007,unseen_parameter_shift,True,2070.0,True,True,True,270.0,,1725.0,1725.0,345.0,True,0.0,0,181.81533514172526,0.900470716503359,0.905955144463712,0.9064596759556245,0.0027121360462335365,0.2668515607431558,4.168561323906692,303.0392361691091,0.0,0.0,0.0,0.0,0.0,0.0,0.0,0.65,2.75,1.575,4.975,20.278809235947072,20,0,0,False,True,23,3,0.8695652173913043,True,2340.0,dense sampled approximation incl switch endpoints; not certified continuous maxima
90.0,rule_shield,-1,model_shift_008,unseen_parameter_shift,True,2160.0,True,True,True,270.0,,1817.0,1817.0,343.0,True,0.0,0,202.18539435165965,0.9103525459743739,0.9068117349304529,0.9052349971739928,0.002139905255578734,0.3211871126268162,4.169732949998917,304.51550051169625,0.0,0.0,0.0,0.0,0.0,0.0,0.0,3.1,2.9625,0.95,7.0125,28.234724057328883,18,0,0,False,True,24,3,0.75,True,2430.0,dense sampled approximation incl switch endpoints; not certified continuous maxima
90.0,rule_shield,-1,model_shift_009,unseen_parameter_shift,True,2340.0,True,True,True,270.0,,1523.0,1523.0,817.0,True,0.0,0,94.72311083580156,0.9085796073196524,0.9049673624136906,0.9089052156494266,0.0017845329968389186,0.15255544085262737,4.169109562696095,302.95192185158214,0.0,0.0,0.0,0.0,0.0,0.0,0.0,2.9,2.0125,1.5375,6.449999999999999,25.964771961887116,12,0,0,False,True,26,3,0.46153846153846156,True,2610.0,dense sampled approximation incl switch endpoints; not certified continuous maxima
90.0,rule_shield,-1,model_shift_010,unseen_parameter_shift,True,2340.0,True,True,True,270.0,,1583.0,1583.0,757.0,True,0.0,0,112.71948069473758,0.9033295698499916,0.9091429236728339,0.9027566516312042,0.002884976189862745,0.17788307793465996,4.169200631492406,302.8719852399745,0.0,0.0,0.0,0.0,0.0,0.0,0.0,2.45,2.975,1.4875,6.9125000000000005,27.77441267525115,12,0,0,False,True,26,3,0.46153846153846156,True,2610.0,dense sampled approximation incl switch endpoints; not certified continuous maxima
90.0,rule_shield,-1,model_shift_011,unseen_parameter_shift,True,1890.0,True,True,True,270.0,,1564.0,1564.0,326.0,True,0.0,0,91.57987939302394,0.9009402944386135,0.9091806888236742,0.9081365197722792,0.0036633325399168686,0.18057462889513531,4.1688816372618485,302.42503247443597,0.0,0.0,0.0,0.0,0.0,0.0,0.0,2.35,1.1125,2.05,5.5125,22.461253643679832,12,0,0,False,True,21,3,0.5714285714285714,True,2160.0,dense sampled approximation incl switch endpoints; not certified continuous maxima
