decision_s,seed,case_id,raw_success,same_weights_shield_success,same_weights_success_difference,raw_max_voltage_V,same_weights_shield_max_voltage_V
90.0,7,A,False,True,1,4.278997145506926,4.169962284498792
90.0,7,B,False,True,1,4.268251057529758,4.169965122151497
90.0,7,random_000,False,True,1,4.273037647818079,4.168247219577262
90.0,7,random_001,False,True,1,4.274732728008692,4.16936503274961
90.0,7,random_002,False,True,1,4.277938232099,4.169881494710727
90.0,7,random_003,False,True,1,4.266881704475077,4.169999611826116
90.0,7,random_004,False,True,1,4.280966639615107,4.169900713143097
90.0,7,random_005,False,True,1,4.256934168082909,4.16866745483828
90.0,7,random_006,False,True,1,4.275485604434062,4.1698282801747
90.0,7,random_007,False,True,1,4.280377579247485,4.169183494064073
90.0,7,random_008,False,True,1,4.268067923306136,4.168558860797362
90.0,7,random_009,False,True,1,4.205418269500756,4.167867566908198
90.0,7,random_010,False,True,1,4.279775601565278,4.168060371411427
90.0,7,random_011,False,True,1,4.2821191893973225,4.169529707790976
90.0,7,model_shift_000,False,True,1,4.270400858549502,4.169622870792772
90.0,7,model_shift_001,False,True,1,4.268772093685705,4.168914709787266
90.0,7,model_shift_002,False,True,1,4.269279114206322,4.169964752462482
90.0,7,model_shift_003,False,True,1,4.257389068931712,4.169009933491839
90.0,7,model_shift_004,False,True,1,4.261425814597295,4.168248227591407
90.0,7,model_shift_005,False,True,1,4.279944241703401,4.169807189412376
90.0,7,model_shift_006,False,True,1,4.2644736002546555,4.169169682545158
90.0,7,model_shift_007,False,True,1,4.280785974727314,4.168395216969536
90.0,7,model_shift_008,False,True,1,4.279556148752448,4.16767619064527
90.0,7,model_shift_009,False,True,1,4.27639465607543,4.170141624809891
90.0,7,model_shift_010,False,True,1,4.259345199039364,4.169729000864989
90.0,7,model_shift_011,False,True,1,4.276227784667592,4.169694572141411
90.0,17,A,False,False,0,4.173014323624045,4.164913191707152
90.0,17,B,False,False,0,4.207130540180786,4.169349469715666
90.0,17,random_000,False,True,1,4.207033554137139,4.168889267884976
90.0,17,random_001,False,False,0,4.212178237587017,4.1683686598530585
90.0,17,random_002,False,False,0,4.2083237966826825,4.166189548771142
90.0,17,random_003,False,False,0,4.210003589658943,4.166764622572615
90.0,17,random_004,False,False,0,4.212339748087403,4.168489274110831
90.0,17,random_005,False,True,1,4.20676476289903,4.169595226097247
90.0,17,random_006,False,True,1,4.2133441759775625,4.168543173854017
90.0,17,random_007,False,True,1,4.2092445322906045,4.166910528177219
90.0,17,random_008,False,False,0,4.206318821803401,4.168756925182621
90.0,17,random_009,True,True,0,4.18466009863551,4.1663681937707535
90.0,17,random_010,False,True,1,4.209449472247214,4.169224455374512
90.0,17,random_011,False,False,0,4.208150393421023,4.169055436135095
90.0,17,model_shift_000,False,True,1,4.20423636301129,4.1700248087010205
90.0,17,model_shift_001,False,False,0,4.202433377390639,4.16964872105123
90.0,17,model_shift_002,False,False,0,4.213096534697646,4.169701700206341
90.0,17,model_shift_003,False,False,0,4.202995612538532,4.16954598410647
90.0,17,model_shift_004,False,False,0,4.166099488500404,4.166099488500404
90.0,17,model_shift_005,False,True,1,4.211703756678729,4.168473104058904
90.0,17,model_shift_006,False,True,1,4.213058104106856,4.169226456756685
90.0,17,model_shift_007,False,False,0,4.202489438054275,4.169714384802116
90.0,17,model_shift_008,False,False,0,4.210759606365006,4.167364445055217
90.0,17,model_shift_009,False,False,0,4.205951477692373,4.164270138452069
90.0,17,model_shift_010,False,False,0,4.203374057446449,4.168649935407348
90.0,17,model_shift_011,False,False,0,4.214002535647693,4.167931780702835
