time_s,cell,soc,soc_std,voltage_V,temperature_K,current_A,interval_mean_voltage_V,interval_max_voltage_V,interval_max_temperature_K,reward_time,reward_balance,reward_voltage,reward_temperature
0.0,1,0.10000000000000007,0.08164965809277272,3.294285117503761,298.15,0.0,3.294285117503761,3.294285117503761,298.15,0.0,0.0,0.0,0.0
0.0,2,0.1999999999999999,0.08164965809277272,3.503547969306337,298.15,0.0,3.503547969306337,3.503547969306337,298.15,0.0,0.0,0.0,0.0
0.0,3,0.3000000000000004,0.08164965809277272,3.603529591032297,298.15,0.0,3.603529591032297,3.603529591032297,298.15,0.0,0.0,0.0,0.0
90.0,1,0.12058663124277737,0.08255907582358181,3.5064935653388103,298.3034039446882,3.5,3.465248815236748,3.5064935653388103,298.3034039446882,-0.75,-3.1279537911790904,-0.0,-0.0
90.0,2,0.2217808014005298,0.08255907582358181,3.6441015688473612,298.2781656908864,3.5,3.627395584351451,3.6441015688473612,298.2781656908864,-0.75,-3.1279537911790904,-0.0,-0.0
90.0,3,0.32281421934911364,0.08255907582358181,3.751168605893901,298.2548657395793,3.5,3.730306114773238,3.751168605893901,298.2548657395793,-0.75,-3.1279537911790904,-0.0,-0.0
180.0,1,0.14117326248555462,0.08346851056454896,3.553598826072582,298.4563572779806,3.5,3.532272059016479,3.553598826072582,298.4563572779806,-0.75,-3.173425528227448,-0.0,-0.0
180.0,2,0.24356160280105962,0.08346851056454896,3.666284945699397,298.4073054374758,3.5,3.6553381302484316,3.666284945699397,298.4073054374758,-0.75,-3.173425528227448,-0.0,-0.0
180.0,3,0.3456284386982272,0.08346851056454896,3.7772585981809237,298.36230361031494,3.5,3.7647299189406156,3.7772585981809237,298.36230361031494,-0.75,-3.173425528227448,-0.0,-0.0
270.0,1,0.16175989372833194,0.08173343824374817,3.5802752699130904,298.6038607962425,3.5,3.5680947868061677,3.5802752699130904,298.6038607962425,-0.75,-3.086671912187408,-0.0,-0.0
270.0,2,0.2653424042015892,0.08173343824374817,3.6887971810889333,298.5325642621885,3.5,3.6774352463079,3.6887971810889333,298.5325642621885,-0.75,-3.086671912187408,-0.0,-0.0
270.0,3,0.3619243096618799,0.08173343824374817,3.761365703203957,298.41896332253043,2.5,3.7562758932971967,3.761365703203957,298.41896332253043,-0.75,-3.086671912187408,-0.0,-0.0
360.0,1,0.18234652497110934,0.082643429171856,3.597783701466609,298.7461872529749,3.5,3.5894355406430605,3.597783701466609,298.7461872529749,-0.75,-3.1321714585928,-0.0,-0.0
360.0,2,0.2871232056021191,0.082643429171856,3.7121743240138194,298.6539743356853,3.5,3.700460350834708,3.7121743240138194,298.6539743356853,-0.75,-3.1321714585928,-0.0,-0.0
360.0,3,0.3847385290109935,0.082643429171856,3.8137496978696017,298.5224647518455,3.5,3.8005210737549917,3.8137496978696017,298.5224647518455,-0.75,-3.1321714585928,-0.0,-0.0
450.0,1,0.20293315621388672,0.08094026144538716,3.6128315458574107,298.8837924490068,3.5,3.6053399078988817,3.6128315458574107,298.8837924490068,-0.75,-3.047013072269358,-0.0,-0.0
450.0,2,0.30890400700264886,0.08094026144538716,3.7350803141669613,298.77178523849915,3.5,3.723720844048825,3.7350803141669613,298.77178523849915,-0.75,-3.047013072269358,-0.0,-0.0
450.0,3,0.4010343999746463,0.08094026144538716,3.7966493789418223,298.57696509418906,2.5,3.7921005373202754,3.7966493789418223,298.57696509418906,-0.75,-3.047013072269358,-0.0,-0.0
540.0,1,0.22351978745666387,0.08185045866765397,3.6286195635702807,299.0170717787818,3.5,3.6205871708451367,3.6286195635702807,299.0170717787818,-0.75,-3.0925229333826985,-0.0,-0.0
540.0,2,0.3306848084031786,0.08185045866765397,3.756472100040976,298.88622657442545,3.5,3.745916279115019,3.756472100040976,298.88622657442545,-0.75,-3.0925229333826985,-0.0,-0.0
540.0,3,0.4238486193237599,0.08185045866765397,3.849844499578264,298.6780127729069,3.5,3.8362355782757884,3.849844499578264,298.6780127729069,-0.75,-3.0925229333826985,-0.0,-0.0
630.0,1,0.24410641869944127,0.08018050877833742,3.6465086660715436,299.14637912096765,3.5,3.637368290142204,3.6465086660715436,299.14637912096765,-0.75,-3.0090254389168707,-0.0,-0.0
630.0,2,0.3524656098037083,0.08018050877833742,3.7763327394683466,298.9975193146862,3.5,3.7665038910383046,3.7763327394683466,298.9975193146862,-0.75,-3.0090254389168707,-0.0,-0.0
630.0,3,0.4401444902874127,0.08018050877833742,3.8325110772549444,298.7306139773959,2.5,3.8280306029381075,3.8325110772549444,298.7306139773959,-0.75,-3.0090254389168707,-0.0,-0.0
720.0,1,0.26469304994221904,0.08109054107804091,3.666611102205885,299.27201408007693,3.5,3.6564031164439807,3.666611102205885,299.27201408007693,-0.75,-3.0545270539020453,-0.0,-0.0
720.0,2,0.37424641120423807,0.08109054107804091,3.795404570617806,299.1058649825947,3.5,3.7858950855944813,3.795404570617806,299.1058649825947,-0.75,-3.0545270539020453,-0.0,-0.0
720.0,3,0.4629587096365268,0.08109054107804091,3.8853837421452537,298.82952902617836,3.5,3.8720817332139044,3.8853837421452537,298.82952902617836,-0.75,-3.0545270539020453,-0.0,-0.0
810.0,1,0.28527968118499647,0.07945513905633061,3.6879602208460813,299.39422966441197,3.5,3.677243553799373,3.6879602208460813,299.39422966441197,-0.75,-2.9727569528165305,-0.0,-0.0
810.0,2,0.39602721260476825,0.07945513905633061,3.8145448628466045,299.21143691536696,3.5,3.8049410865727267,3.8145448628466045,299.21143691536696,-0.75,-2.9727569528165305,-0.0,-0.0
810.0,3,0.47925458060017984,0.07945513905633061,3.8674645221798016,298.88043546877816,2.5,3.8633866205295253,3.8674645221798016,298.88043546877816,-0.75,-2.9727569528165305,-0.0,-0.0
900.0,1,0.3058663124277743,0.08036461404098139,3.7090408006361617,299.513226267644,3.5,3.6985823920715837,3.7090408006361617,299.513226267644,-0.75,-3.018230702049069,-0.0,-0.0
900.0,2,0.4178080140052979,0.08036461404098139,3.8342281864651317,299.3143752344592,3.5,3.824337330854816,3.8342281864651317,299.3143752344592,-0.75,-3.018230702049069,-0.0,-0.0
900.0,3,0.5020687999492935,0.08036461404098139,3.9175237287589075,298.9775088374949,3.5,3.9055791369785346,3.9175237287589075,298.9775088374949,-0.75,-3.018230702049069,-0.0,-0.0
990.0,1,0.32645294367055194,0.07876510221139157,3.728679211273213,299.6286675867207,3.5,3.7190046101288807,3.728679211273213,299.6286675867207,-0.75,-2.9382551105695787,-0.0,-0.0
990.0,2,0.4395888154058272,0.07876510221139157,3.8543440353920255,299.41438726594725,3.5,3.844269347236228,3.8543440353920255,299.41438726594725,-0.75,-2.9382551105695787,-0.0,-0.0
990.0,3,0.5183646709129469,0.07876510221139157,3.898656055725436,299.02690778413853,2.5,3.8952355285337994,3.898656055725436,299.02690778413853,-0.75,-2.9382551105695787,-0.0,-0.0
1080.0,1,0.34703957491332904,0.07967360665229611,3.7465975989582874,299.7413520856398,3.5,3.737767980620172,3.7465975989582874,299.7413520856398,-0.75,-2.9836803326148056,-0.0,-0.0
1080.0,2,0.4613696168063566,0.07967360665229611,3.874313099395893,299.5121208828067,3.5,3.8643707863662264,3.874313099395893,299.5121208828067,-0.75,-2.9836803326148056,-0.0,-0.0
1080.0,3,0.541178890262061,0.07967360665229611,3.9456465202911053,299.12241267902,3.5,3.93499678721162,3.9456465202911053,299.12241267902,-0.75,-2.9836803326148056,-0.0,-0.0
1170.0,1,0.3676262061561064,0.07811133464282595,3.763301861269332,299.85144720938194,3.5,3.7550163117052673,3.763301861269332,299.85144720938194,-0.75,-2.9055667321412972,-0.0,-0.0
1170.0,2,0.4831504182068861,0.07811133464282595,3.893436975747105,299.60771081829427,3.5,3.8839689469507723,3.893436975747105,299.60771081829427,-0.75,-2.9055667321412972,-0.0,-0.0
1170.0,3,0.5574747612257143,0.07811133464282595,3.926204275344661,299.1704806632221,2.5,3.923187694181067,3.926204275344661,299.1704806632221,-0.75,-2.9055667321412972,-0.0,-0.0
1260.0,1,0.3882128373988842,0.07871036205033918,3.7796526879368377,299.9591081327023,3.5,3.771469356411837,3.7796526879368377,299.9591081327023,-0.75,-2.935518102516959,-0.0,-0.0
1260.0,2,0.49870813349297866,0.07871036205033918,3.8741729613217712,299.6465493094377,2.5,3.870962038058574,3.8741729613217712,299.6465493094377,-0.75,-2.935518102516959,-0.0,-0.0
1260.0,3,0.5802889805748278,0.07871036205033918,3.97220500175961,299.2646809809944,3.5,3.9617958592878044,3.97220500175961,299.2646809809944,-0.75,-2.935518102516959,-0.0,-0.0
1350.0,1,0.40879946864166117,0.07712073898286358,3.7964862777023027,300.0644796580449,3.5,3.788001145902046,3.7964862777023027,300.0644796580449,-0.75,-2.8560369491431787,-0.0,-0.0
1350.0,2,0.5204889348935084,0.07712073898286358,3.921579795108755,299.7382198270107,3.5,3.910571684853357,3.921579795108755,299.7382198270107,-0.75,-2.8560369491431787,-0.0,-0.0
1350.0,3,0.5965848515384817,0.07712073898286358,3.953420135375448,299.311589217077,2.5,3.9500193225298763,3.953420135375448,299.311589217077,-0.75,-2.8560369491431787,-0.0,-0.0
1440.0,1,0.4293860998844391,0.07802889690745346,3.8143565058483686,300.1676978106739,3.5,3.8053242822836424,3.8143565058483686,300.1676978106739,-0.75,-2.901444845372673,-0.0,-0.0
1440.0,2,0.542269736294038,0.07802889690745346,3.9383044371200477,299.8295460280978,3.5,3.9301350504982158,3.9383044371200477,299.8295460280978,-0.75,-2.901444845372673,-0.0,-0.0
1440.0,3,0.6193990708875958,0.07802889690745346,4.0033116515477225,299.40474728693505,3.5,3.9906452898682683,4.0033116515477225,299.40474728693505,-0.75,-2.901444845372673,-0.0,-0.0
1530.0,1,0.44997273112721653,0.07647759741287082,3.8333592977269917,300.2688912015268,3.5,3.8237745186208096,3.8333592977269917,300.2688912015268,-0.75,-2.8238798706435406,-0.0,-0.0
1530.0,2,0.5640505376945676,0.07647759741287082,3.953691347280941,299.9191959140439,3.5,3.9460462488185106,3.953691347280941,299.9191959140439,-0.75,-2.8238798706435406,-0.0,-0.0
1530.0,3,0.63569494185125,0.07647759741287082,3.9889778430443705,299.45066687081305,2.5,3.982959656648677,3.9889778430443705,299.45066687081305,-0.75,-2.8238798706435406,-0.0,-0.0
1620.0,1,0.47055936236999457,0.07738419399654473,3.8530798930696024,300.3681822115493,3.5,3.843188954721296,3.8530798930696024,300.3681822115493,-0.75,-2.8692096998272363,-0.0,-0.0
1620.0,2,0.5858313390950975,0.07738419399654473,3.969055791782223,300.0071953006378,3.5,3.961323345319599,3.969055791782223,300.0071953006378,-0.75,-2.8692096998272363,-0.0,-0.0
1620.0,3,0.6585091612003641,0.07738419399654473,4.04986000734344,299.54305139708674,3.5,4.032040721516325,4.04986000734344,299.54305139708674,-0.75,-2.8692096998272363,-0.0,-0.0
1710.0,1,0.4911459936127714,0.07547926917959093,3.8727557549782574,300.4656880395359,3.5,3.862955827776898,3.8727557549782574,300.4656880395359,-0.75,-2.773963458979546,-0.0,-0.0
1710.0,2,0.6013890543811903,0.07547926917959093,3.949809269501727,300.03873628582465,2.5,3.9467814561600445,3.949809269501727,300.03873628582465,-0.75,-2.773963458979546,-0.0,-0.0
1710.0,3,0.6748050321640181,0.07547926917959093,4.038651092109195,299.588158860465,2.5,4.03112098607473,4.038651092109195,299.588158860465,-0.75,-2.773963458979546,-0.0,-0.0
1800.0,1,0.5117326248555489,0.07394131522912561,3.891624292723604,300.56152164725887,3.5,3.8822810751621417,3.891624292723604,300.56152164725887,-0.75,-2.6970657614562805,-0.0,-0.0
1800.0,2,0.6231698557817192,0.07394131522912561,3.9987147085216392,300.12334018531783,3.5,3.986253928389534,3.9987147085216392,300.12334018531783,-0.75,-2.6970657614562805,-0.0,-0.0
1800.0,3,0.6911009031276717,0.07394131522912561,4.056441062437699,299.63226571650256,2.5,4.0476132767500905,4.056441062437699,299.63226571650256,-0.75,-2.6970657614562805,-0.0,-0.0
1890.0,1,0.5323192560983266,0.07484724345049,3.909247846687335,300.6557926299295,3.5,3.900544818189176,3.909247846687335,300.6557926299295,-0.75,-2.7423621725245,-0.0,-0.0
1890.0,2,0.6449506571822489,0.07484724345049,4.0246088880480215,300.20815447724,3.5,4.01126074701355,4.0246088880480215,300.20815447724,-0.75,-2.7423621725245,-0.0,-0.0
1890.0,3,0.7139151224767865,0.07484724345049,4.113560392307047,299.72412019604985,3.5,4.098366052561398,4.113560392307047,299.72412019604985,-0.75,-2.7423621725245,-0.0,-0.0
1980.0,1,0.5529058873411055,0.07388209954950477,3.925639336988203,300.74860803617986,3.5,3.9175331499413137,3.925639336988203,300.74860803617986,-0.75,-2.6941049774752384,-0.0,-0.0
1980.0,2,0.672954544697215,0.07388209954950477,4.092890012358556,300.3609698643633,4.5,4.070718685030752,4.092890012358556,300.3609698643633,-0.75,-2.6941049774752384,-0.0,-0.0
1980.0,3,0.7302109934404399,0.07388209954950477,4.0972718253872955,299.76851926367107,2.5,4.0922792510319885,4.0972718253872955,299.76851926367107,-0.75,-2.6941049774752384,-0.0,-0.0
2070.0,1,0.5734925185838834,0.07322429975526015,3.941232153864347,300.8400731593787,3.5,3.9334732187958856,3.941232153864347,300.8400731593787,-0.75,-2.6612149877630076,-0.0,-0.0
2070.0,2,0.7009584322121822,0.07322429975526015,4.127271223128668,300.51401159056314,4.5,4.110721872014175,4.127271223128668,300.51401159056314,-0.75,-2.6612149877630076,-0.0,-0.0
2070.0,3,0.7465068644040944,0.07322429975526015,4.111468625759063,299.8120360042004,2.5,4.104279582487914,4.111468625759063,299.8120360042004,-0.75,-2.6612149877630076,-0.0,-0.0
2160.0,1,0.5881972551858675,0.07763838863167978,3.9219299700773984,300.87157140076056,2.5,3.919242411487333,3.9219299700773984,300.87157140076056,-0.75,-2.881919431583989,-0.0,-0.0
2160.0,2,0.7289623197271484,0.07763838863167978,4.1564685160079655,300.66536854128134,4.5,4.142136983711602,4.1564685160079655,300.66536854128134,-0.75,-2.881919431583989,-0.0,-0.0
2160.0,3,0.7693210837532085,0.07763838863167978,4.164722176393756,299.90406992059127,3.5,4.1515803005328715,4.164722176393756,299.90406992059127,-0.75,-2.881919431583989,-0.0,-0.0
2250.0,1,0.6087838864286452,0.07749465900789802,3.967516972043566,300.960055435739,3.5,3.956626848257096,3.967516972043566,300.960055435739,-0.75,-2.874732950394901,-0.0,-0.0
2250.0,2,0.7569662072421159,0.07749465900789802,4.182316152241821,300.8152480069285,4.5,4.169718565111309,4.182316152241821,300.8152480069285,-0.75,-2.874732950394901,-0.0,-0.0
2250.0,3,0.7856169547168629,0.07749465900789802,4.14608979656937,299.9482075356047,2.5,4.142425254694713,4.14608979656937,299.9482075356047,-0.75,-2.874732950394901,-0.0,-0.0
2340.0,1,0.6293705176714227,0.07765245404542025,3.988364033473494,301.04909006779343,3.5,3.9776620568259307,3.988364033473494,301.04909006779343,-0.75,-2.882622702271012,-0.05429318671607675,-0.0
2340.0,2,0.7849700947570822,0.07765245404542025,4.202714659335804,300.96400590483415,4.5,4.193084499312921,4.202714659335804,300.96400590483415,-0.75,-2.882622702271012,-0.05429318671607675,-0.0
2340.0,3,0.8019128256805164,0.07765245404542025,4.156105808570365,299.9916058429396,2.5,4.151160726163508,4.156105808570365,299.9916058429396,-0.75,-2.882622702271012,-0.05429318671607675,-0.0
2430.0,1,0.6499571489142011,0.0732534393740758,4.01363520908653,301.1371903596165,3.5,4.00063128980196,4.01363520908653,301.1371903596165,-0.75,-2.66267196870379,-0.0,-0.0
2430.0,2,0.7880816378143012,0.0732534393740758,4.073754999454785,300.9190875205172,0.5,4.0832825792549805,4.104868494085451,300.96400590483415,-0.75,-2.66267196870379,-0.0,-0.0
2430.0,3,0.8182086966441708,0.0732534393740758,4.164468860218253,300.03513235240655,2.5,4.160469063368136,4.164468860218253,300.03513235240655,-0.75,-2.66267196870379,-0.0,-0.0
2520.0,1,0.6646618855161851,0.0749347656641071,4.001432911684546,301.1651022216028,2.5,3.9948465970786513,4.001432911684546,301.1651022216028,-0.75,-2.746738283205355,-0.0,-0.0
2520.0,2,0.8098624392148301,0.0749347656641071,4.183823966556355,300.9902760154909,3.5,4.170980304371637,4.183823966556355,300.9902760154909,-0.75,-2.746738283205355,-0.0,-0.0
2520.0,3,0.834504567607825,0.0749347656641071,4.170615933158434,300.0788827555153,2.5,4.167716456117196,4.170615933158434,300.0788827555153,-0.75,-2.746738283205355,-0.0,-0.0
2610.0,1,0.6852485167589633,0.07517899084868833,4.0572956276456615,301.250579849636,3.5,4.042082178042071,4.0572956276456615,301.250579849636,-0.75,-2.7589495424344164,-0.4256571709252377,-0.0
2610.0,2,0.8378663267297974,0.07517899084868833,4.221282858546262,301.1374544728431,4.5,4.2146811612838215,4.221282858546262,301.1374544728431,-0.75,-2.7589495424344164,-0.4256571709252377,-0.0
2610.0,3,0.85080043857148,0.07517899084868833,4.175102953250695,300.1229213538568,2.5,4.172949699523772,4.175102953250695,300.1229213538568,-0.75,-2.7589495424344164,-0.4256571709252377,-0.0
2700.0,1,0.7058351480017413,0.07067208341307926,4.080997231711418,301.3370179542586,3.5,4.069440636496626,4.080997231711418,301.3370179542586,-0.75,-2.533604170653963,-0.0,-0.0
2700.0,2,0.8409778697870164,0.07067208341307926,4.1043593245412175,301.0896747051541,0.5,4.109283165204606,4.121462155976616,301.1374544728431,-0.75,-2.533604170653963,-0.0,-0.0
2700.0,3,0.8670963095351335,0.07067208341307926,4.1793416972312265,300.1673202319615,2.5,4.177166620226969,4.1793416972312265,300.1673202319615,-0.75,-2.533604170653963,-0.0,-0.0
2790.0,1,0.7323036738853124,0.06689293672920195,4.139846685333751,301.49828807013415,4.5,4.12218763732891,4.139846685333751,301.49828807013415,-0.75,-2.344646836460097,-0.01929495767617695,-0.0
2790.0,2,0.8627586711875456,0.06689293672920195,4.200964747883809,301.1614074554104,3.5,4.193510446848189,4.200964747883809,301.1614074554104,-0.75,-2.344646836460097,-0.01929495767617695,-0.0
2790.0,3,0.8833921804987882,0.06689293672920195,4.185307466538138,300.2121627627712,2.5,4.182095709453762,4.185307466538138,300.2121627627712,-0.75,-2.344646836460097,-0.01929495767617695,-0.0
2880.0,1,0.758772199768884,0.06006561974418569,4.168285167119631,301.6610584499256,4.5,4.1544344097729695,4.168285167119631,301.6610584499256,-0.75,-2.0032809872092847,-0.0,-0.0
2880.0,2,0.8658702142447644,0.06006561974418569,4.110347285314239,301.11314816969656,0.5,4.113258928929176,4.121333632636116,301.1614074554104,-0.75,-2.0032809872092847,-0.0,-0.0
2880.0,3,0.8996880514624418,0.06006561974418569,4.195002413181459,300.25755333274776,2.5,4.189776657101454,4.195002413181459,300.25755333274776,-0.75,-2.0032809872092847,-0.0,-0.0
2970.0,1,0.7852407256524551,0.0561589060965579,4.19156204533148,301.82321727547173,4.5,4.180441196326221,4.19156204533148,301.82321727547173,-0.75,-1.8079453048278953,-0.4143259154337997,-0.0
2970.0,2,0.8876510156452936,0.0561589060965579,4.2108653535253175,301.18666469641084,3.5,4.2007981121171385,4.2108653535253175,301.18666469641084,-0.75,-1.8079453048278953,-0.4143259154337997,-0.0
2970.0,3,0.9159839224260965,0.0561589060965579,4.209850942246373,300.30373673253,2.5,4.201968080419971,4.209850942246373,300.30373673253,-0.75,-1.8079453048278953,-0.4143259154337997,-0.0
3060.0,1,0.811709251536026,0.04658555787045412,4.207400972091435,301.98502459322384,4.5,4.200153269698469,4.207400972091435,301.98502459322384,-0.75,-1.3292778935227059,-0.14801944182869065,-0.0
3060.0,2,0.8907625587025123,0.04658555787045412,4.115884436652767,301.1380616997934,0.5,4.119318278807322,4.129803972708384,301.18666469641084,-0.75,-1.3292778935227059,-0.14801944182869065,-0.0
3060.0,3,0.9225022708115599,0.04658555787045412,4.155542159466269,300.29813984341183,1.0,4.157540055288244,4.166100423145787,300.30373673253,-0.75,-1.3292778935227059,-0.14801944182869065,-0.0
3150.0,1,0.8146501988564243,0.053421901782442736,4.085856739866069,301.9379078941876,0.5,4.09408381837049,4.112130553358025,301.98502459322384,-0.75,-1.671095089122137,-1.331342416070882,-0.0
3150.0,2,0.9125433601030412,0.053421901782442736,4.231140505127096,301.2138350275609,3.5,4.214108260824691,4.231140505127096,301.2138350275609,-0.75,-1.671095089122137,-1.331342416070882,-0.0
3150.0,3,0.9387981417752139,0.053421901782442736,4.235426615676449,300.34414481042677,2.5,4.21932774178052,4.235426615676449,300.34414481042677,-0.75,-1.671095089122137,-1.331342416070882,-0.0
3240.0,1,0.8352368300992019,0.04650496721078637,4.187159089139696,302.0156236017598,3.5,4.176973168323381,4.187159089139696,302.0156236017598,-0.75,-1.3252483605393184,-0.0,-0.0
3240.0,2,0.9156549031602585,0.04650496721078637,4.126735535260748,301.16487604031283,0.5,4.132105454584965,4.148393031755305,301.2138350275609,-0.75,-1.3252483605393184,-0.0,-0.0
3240.0,3,0.9453164901606773,0.04650496721078637,4.179967285804506,300.33863790871897,1.0,4.181401048875343,4.190798463350292,300.34414481042677,-0.75,-1.3252483605393184,-0.0,-0.0
3330.0,1,0.8558234613419802,0.04526018643227426,4.194364819141192,302.09871760864297,3.5,4.191125608964521,4.194364819141192,302.09871760864297,-0.75,-1.2630093216137128,-2.741320384109507,-0.0
3330.0,2,0.9374357045607878,0.04526018643227426,4.264650544000535,301.24340756117965,3.5,4.238662605211043,4.264650544000535,301.24340756117965,-0.75,-1.2630093216137128,-2.741320384109507,-0.0
3330.0,3,0.9616123611243326,0.04526018643227426,4.272415475204941,300.3863292149932,2.5,4.251682904775667,4.272415475204941,300.3863292149932,-0.75,-1.2630093216137128,-2.741320384109507,-0.0
3420.0,1,0.8822919872255519,0.03354786975497359,4.232294429349029,302.26167872983575,4.5,4.223210947927748,4.232294429349029,302.26167872983575,-0.75,-0.6773934877486796,-0.6458885869805719,-0.0
3420.0,2,0.9405472476180058,0.03354786975497359,4.148987710899561,301.1940788242465,0.5,4.156898481023469,4.179904792200343,301.24340756117965,-0.75,-0.6773934877486796,-0.6458885869805719,-0.0
3420.0,3,0.9616123611243358,0.03354786975497359,4.151199664510001,300.36877453371557,0.0,4.161817137692732,4.186661574284406,300.3863292149932,-0.75,-0.6773934877486796,-0.6458885869805719,-0.0
3510.0,1,0.8852329345459496,0.03617547617615882,4.113179056918824,302.2111042831781,0.5,4.118166819216067,4.133648876212739,302.26167872983575,-0.75,-0.808773808807941,-2.176477290833443,-0.0
3510.0,2,0.9623280490185356,0.03617547617615882,4.308823864541672,301.276030082848,3.5,4.275603752761992,4.308823864541672,301.276030082848,-0.75,-0.808773808807941,-2.176477290833443,-0.0
3510.0,3,0.9616123611243383,0.03617547617615882,4.145142146182755,300.35135769261007,0.0,4.14765755637156,4.151199664510001,300.36877453371557,-0.75,-0.808773808807941,-2.176477290833443,-0.0
3600.0,1,0.9058195657887282,0.026471277720613844,4.217796503741685,302.2915057316826,3.5,4.2041749004526245,4.217796503741685,302.2915057316826,-0.75,-0.3235638860306922,-0.3559300748336902,-0.0
3600.0,2,0.9623280490185343,0.026471277720613844,4.153780940698981,301.22259838056124,0.0,4.167692198130123,4.201324424348909,301.276030082848,-0.75,-0.3235638860306922,-0.3559300748336902,-0.0
3600.0,3,0.9616123611243416,0.026471277720613844,4.142686893611929,300.3340778549047,0.0,4.1437606530740005,4.145142146182755,300.35135769261007,-0.75,-0.3235638860306922,-0.3559300748336902,-0.0
3690.0,1,0.9087605131091263,0.02508499097776569,4.120015771639263,302.24047635103807,0.5,4.124795052142293,4.139039176495396,302.2915057316826,-0.75,-0.25424954888828444,-0.0,-0.0
3690.0,2,0.9623280490185339,0.02508499097776569,4.14628605842673,301.1700800325668,0.0,4.1493767316201735,4.153780940698981,301.22259838056124,-0.75,-0.25424954888828444,-0.0,-0.0
3690.0,3,0.9616123611243445,0.02508499097776569,4.141515642975284,300.31693403046586,0.0,4.142035843373422,4.142686893611929,300.3340778549047,-0.75,-0.25424954888828444,-0.0,-0.0
3780.0,1,0.9293471443519037,0.015381433595821725,4.24417310807657,302.32351185645973,3.5,4.222192558643975,4.24417310807657,302.32351185645973,-0.75,-0.0,-0.8834621615313942,-0.0
3780.0,2,0.9623280490185334,0.015381433595821725,4.14331415074709,301.11846089271535,0.0,4.1446100994776405,4.14628605842673,301.1700800325668,-0.75,-0.0,-0.8834621615313942,-0.0
3780.0,3,0.9616123611243486,0.015381433595821725,4.140939099338871,300.29992632028956,0.0,4.141197256414906,4.141515642975284,300.31693403046586,-0.75,-0.0,-0.8834621615313942,-0.0
