study_panel,action_kind,n_agents,test_family,reference_method,comparison_method,paired_seed,reference_seed,comparison_seed,case_id,reference_success,comparison_success,joint_success,deterministic_rule_reused_for_pairing,safe_success_difference,capped_charge_time_difference_s,joint_success_charge_time_difference_s,joint_success_imbalance_integral_difference_soc_s,joint_success_terminal_input_difference_Wh,joint_success_terminal_soc_max_absolute_difference
main,discrete,3,familiar_A_B,qmix_reference,iql_independent,7,7,7,familiar_A,True,False,False,False,-1,2790.0,,,,
main,discrete,3,familiar_A_B,qmix_reference,iql_independent,7,7,7,familiar_B,True,True,True,False,0,540.0,540.0,60.97633586378589,0.1543170981318518,0.03229613391692865
main,discrete,3,familiar_A_B,qmix_reference,iql_independent,17,17,17,familiar_A,True,True,True,False,0,-540.0,-540.0,4.81861798416395,0.4402350157244186,0.014680060871382072
main,discrete,3,familiar_A_B,qmix_reference,iql_independent,17,17,17,familiar_B,True,True,True,False,0,-900.0,-900.0,4.497667666712573,-0.2920260020434995,0.015551866109708157
main,discrete,3,familiar_A_B,qmix_reference,iql_independent,27,27,27,familiar_A,True,True,True,False,0,90.0,90.0,72.58857039386771,0.5600682553938725,0.024882985775563582
main,discrete,3,familiar_A_B,qmix_reference,iql_independent,27,27,27,familiar_B,True,True,True,False,0,360.0,360.0,80.97500089229888,0.5283600628874616,0.027993358997509876
main,discrete,3,familiar_A_B,qmix_reference,iql_independent,37,37,37,familiar_A,True,True,True,False,0,-450.0,-450.0,-64.08364264496774,-0.020444952477028266,0.018662239331687425
main,discrete,3,familiar_A_B,qmix_reference,iql_independent,37,37,37,familiar_B,True,True,True,False,0,-360.0,-360.0,-48.63644819888961,-0.31676551817250953,0.018662239331680208
main,discrete,3,familiar_A_B,qmix_reference,iql_independent,47,47,47,familiar_A,True,True,True,False,0,270.0,270.0,-63.65069649703045,-0.2829404874662629,0.04233842124330234
main,discrete,3,familiar_A_B,qmix_reference,iql_independent,47,47,47,familiar_B,True,True,True,False,0,-180.0,-180.0,-9.82153193117955,-0.34718887169547585,0.015551866109754231
main,discrete,3,familiar_A_B,qmix_reference,qmix_no_balance_reward,7,7,7,familiar_A,True,False,False,False,-1,2790.0,,,,
main,discrete,3,familiar_A_B,qmix_reference,qmix_no_balance_reward,7,7,7,familiar_B,True,False,False,False,-1,3420.0,,,,
main,discrete,3,familiar_A_B,qmix_reference,qmix_no_balance_reward,17,17,17,familiar_A,True,True,True,False,0,-2250.0,-2250.0,-115.14793907403762,-0.34725235831746915,0.03229613391688024
main,discrete,3,familiar_A_B,qmix_reference,qmix_no_balance_reward,17,17,17,familiar_B,True,True,True,False,0,-900.0,-900.0,-2.515773872735224,0.19601459938813903,0.006513603268195944
main,discrete,3,familiar_A_B,qmix_reference,qmix_no_balance_reward,27,27,27,familiar_A,True,True,True,False,0,1440.0,1440.0,411.889172501966,0.736365848808191,0.046655598329203074
main,discrete,3,familiar_A_B,qmix_reference,qmix_no_balance_reward,27,27,27,familiar_B,True,True,True,False,0,810.0,810.0,139.55936955280433,0.47620342290408857,0.027993358997513873
main,discrete,3,familiar_A_B,qmix_reference,qmix_no_balance_reward,37,37,37,familiar_A,True,True,True,False,0,1890.0,1890.0,373.3447021989555,0.6250358624361425,0.021772612553683124
main,discrete,3,familiar_A_B,qmix_reference,qmix_no_balance_reward,37,37,37,familiar_B,True,True,True,False,0,1620.0,1620.0,241.82925149377184,-0.029935780598840722,0.0029360121742364464
main,discrete,3,familiar_A_B,qmix_reference,qmix_no_balance_reward,47,47,47,familiar_A,True,True,True,False,0,810.0,810.0,64.64465740022621,0.05667440822174541,0.006220746443909242
main,discrete,3,familiar_A_B,qmix_reference,qmix_no_balance_reward,47,47,47,familiar_B,True,True,True,False,0,900.0,900.0,98.3753524168423,-0.07672442478295594,0.0029360121743202683
main,discrete,3,familiar_A_B,qmix_reference,qmix_no_gru,7,7,7,familiar_A,True,True,True,False,0,-360.0,-360.0,-84.87034704162508,-0.15376135086352605,0.014680060871328893
main,discrete,3,familiar_A_B,qmix_reference,qmix_no_gru,7,7,7,familiar_B,True,True,True,False,0,-180.0,-180.0,-55.1437387728854,-0.02012432357052063,0.009331119665824006
main,discrete,3,familiar_A_B,qmix_reference,qmix_no_gru,17,17,17,familiar_A,True,True,True,False,0,-2160.0,-2160.0,-111.46907993224818,-0.7080110275076805,0.043545225107323504
main,discrete,3,familiar_A_B,qmix_reference,qmix_no_gru,17,17,17,familiar_B,True,True,True,False,0,-900.0,-900.0,-7.516729045771001,0.1408734387881374,0.006513603268174961
main,discrete,3,familiar_A_B,qmix_reference,qmix_no_gru,27,27,27,familiar_A,True,True,True,False,0,0.0,0.0,-30.12409243970461,0.12834352027647355,0.021772612553671356
main,discrete,3,familiar_A_B,qmix_reference,qmix_no_gru,27,27,27,familiar_B,True,True,True,False,0,180.0,180.0,13.256177460428376,0.25423113833796407,0.015551866109722479
main,discrete,3,familiar_A_B,qmix_reference,qmix_no_gru,37,37,37,familiar_A,True,True,True,False,0,0.0,0.0,-20.6731569483988,0.544257048029948,0.03582481797507853
main,discrete,3,familiar_A_B,qmix_reference,qmix_no_gru,37,37,37,familiar_B,True,True,True,False,0,-270.0,-270.0,-51.75888906976212,0.005191405219214573,0.0032568016340727146
main,discrete,3,familiar_A_B,qmix_reference,qmix_no_gru,47,47,47,familiar_A,True,True,True,False,0,540.0,540.0,46.506415868130205,-0.9201140166784825,0.040434851885272516
main,discrete,3,familiar_A_B,qmix_reference,qmix_no_gru,47,47,47,familiar_B,True,True,True,False,0,630.0,630.0,61.93427361384073,-0.31303112809889555,0.009331119665840548
main,discrete,3,familiar_A_B,qmix_reference,qmix_no_mixer_shared,7,7,7,familiar_A,True,True,True,False,0,1530.0,1530.0,112.80840113392455,0.006475469497331687,0.043545225107277874
main,discrete,3,familiar_A_B,qmix_reference,qmix_no_mixer_shared,7,7,7,familiar_B,True,True,True,False,0,1170.0,1170.0,184.80283563096816,0.17181293824812016,0.015551866109777879
main,discrete,3,familiar_A_B,qmix_reference,qmix_no_mixer_shared,17,17,17,familiar_A,True,True,True,False,0,-2160.0,-2160.0,-135.3318945467242,-0.16821257238311915,0.02348809739405333
main,discrete,3,familiar_A_B,qmix_reference,qmix_no_mixer_shared,17,17,17,familiar_B,True,True,True,False,0,-900.0,-900.0,-8.924943524593147,-0.01955784626036916,0.012441492887789729
main,discrete,3,familiar_A_B,qmix_reference,qmix_no_mixer_shared,27,27,27,familiar_A,True,True,True,False,0,180.0,180.0,30.348721989056287,0.6957452560135806,0.03732447866336297
main,discrete,3,familiar_A_B,qmix_reference,qmix_no_mixer_shared,27,27,27,familiar_B,True,True,True,False,0,270.0,270.0,37.85803976969564,0.4002651561952071,0.024882985775563582
main,discrete,3,familiar_A_B,qmix_reference,qmix_no_mixer_shared,37,37,37,familiar_A,True,True,True,False,0,-180.0,-180.0,-35.13823070908691,0.09721756588447761,0.026054413072771565
main,discrete,3,familiar_A_B,qmix_reference,qmix_no_mixer_shared,37,37,37,familiar_B,True,True,True,False,0,0.0,0.0,0.2090672820246482,0.18046909434463387,0.00587202434851164
main,discrete,3,familiar_A_B,qmix_reference,qmix_no_mixer_shared,47,47,47,familiar_A,True,True,True,False,0,810.0,810.0,113.89500365376256,-0.6846488974246085,0.01555186610973025
main,discrete,3,familiar_A_B,qmix_reference,qmix_no_mixer_shared,47,47,47,familiar_B,True,True,True,False,0,360.0,360.0,48.994786379087316,-0.061086214780672776,0.0029360121742764145
main,discrete,3,familiar_A_B,qmix_reference,qmix_static_mixer,7,7,7,familiar_A,True,True,True,False,0,-180.0,-180.0,-69.05786614618259,0.14998309751554473,0.012441492887766414
main,discrete,3,familiar_A_B,qmix_reference,qmix_static_mixer,7,7,7,familiar_B,True,True,True,False,0,90.0,90.0,-3.179451565700674,0.2882071694311854,0.009331119665857313
main,discrete,3,familiar_A_B,qmix_reference,qmix_static_mixer,17,17,17,familiar_A,True,True,True,False,0,-1620.0,-1620.0,-38.77678095855822,-0.7825993337260471,0.04043485188533946
main,discrete,3,familiar_A_B,qmix_reference,qmix_static_mixer,17,17,17,familiar_B,True,True,True,False,0,-810.0,-810.0,27.085504248082202,-0.12482461135999756,0.012441492887793393
main,discrete,3,familiar_A_B,qmix_reference,qmix_static_mixer,27,27,27,familiar_A,True,True,True,False,0,-360.0,-360.0,-44.63222474058574,0.03898550750019325,0.013027206536407876
main,discrete,3,familiar_A_B,qmix_reference,qmix_static_mixer,27,27,27,familiar_B,True,True,True,False,0,-90.0,-90.0,-14.496864191814836,0.26770449731554535,0.012441492887777184
main,discrete,3,familiar_A_B,qmix_reference,qmix_static_mixer,37,37,37,familiar_A,True,True,True,False,0,-270.0,-270.0,-24.379230297829793,0.3432088043192181,0.008808036522797602
main,discrete,3,familiar_A_B,qmix_reference,qmix_static_mixer,37,37,37,familiar_B,True,True,True,False,0,-360.0,-360.0,-50.22610837669936,-0.11307781167695552,0.009331119665835663
main,discrete,3,familiar_A_B,qmix_reference,qmix_static_mixer,47,47,47,familiar_A,True,True,True,False,0,90.0,90.0,-19.127384078687612,-0.0963806277859689,0.0031103732219477376
main,discrete,3,familiar_A_B,qmix_reference,qmix_static_mixer,47,47,47,familiar_B,True,True,True,False,0,-180.0,-180.0,-35.60131382746323,-0.12487291946387913,0.005872024348547833
main,discrete,3,familiar_A_B,qmix_reference,qmix_unshared,7,7,7,familiar_A,True,True,True,False,0,-180.0,-180.0,-143.29069251950813,-0.14018140080857222,0.02605441307278744
main,discrete,3,familiar_A_B,qmix_reference,qmix_unshared,7,7,7,familiar_B,True,True,True,False,0,-270.0,-270.0,-65.39046560649766,-0.011150734289326891,0.009331119665828225
main,discrete,3,familiar_A_B,qmix_reference,qmix_unshared,17,17,17,familiar_A,True,True,True,False,0,-2430.0,-2430.0,-153.43877227243178,-0.04684533749453834,0.04043485188537921
main,discrete,3,familiar_A_B,qmix_reference,qmix_unshared,17,17,17,familiar_B,True,True,True,False,0,-1170.0,-1170.0,-35.038573910869474,-0.3207725813978861,0.03110373221946916
main,discrete,3,familiar_A_B,qmix_reference,qmix_unshared,27,27,27,familiar_A,True,True,True,False,0,540.0,540.0,-32.4439076843276,0.4511493700889986,0.035232146091201955
main,discrete,3,familiar_A_B,qmix_reference,qmix_unshared,27,27,27,familiar_B,True,True,True,False,0,1530.0,1530.0,248.43442980600574,0.3653406294220929,0.027993358997521867
main,discrete,3,familiar_A_B,qmix_reference,qmix_unshared,37,37,37,familiar_A,True,True,True,False,0,1440.0,1440.0,117.8295677569281,0.6047936338694697,0.0469761947882813
main,discrete,3,familiar_A_B,qmix_reference,qmix_unshared,37,37,37,familiar_B,True,True,True,False,0,180.0,180.0,-2.9664418553948337,-0.38264487103026923,0.02279761143864234
main,discrete,3,familiar_A_B,qmix_reference,qmix_unshared,47,47,47,familiar_A,True,False,False,False,-1,2880.0,,,,
main,discrete,3,familiar_A_B,qmix_reference,qmix_unshared,47,47,47,familiar_B,True,False,False,False,-1,3150.0,,,,
main,discrete,3,familiar_A_B,qmix_reference,qmix_vdn,7,7,7,familiar_A,True,True,True,False,0,180.0,180.0,-36.79211217438058,-0.2177796355597863,0.015551866109714152
main,discrete,3,familiar_A_B,qmix_reference,qmix_vdn,7,7,7,familiar_B,True,True,True,False,0,0.0,0.0,-4.807429948490039,0.24146698425706958,0.012441492887818706
main,discrete,3,familiar_A_B,qmix_reference,qmix_vdn,17,17,17,familiar_A,True,True,True,False,0,-900.0,-900.0,27.334143158806796,0.08035939288111393,0.03908161960911716
main,discrete,3,familiar_A_B,qmix_reference,qmix_vdn,17,17,17,familiar_B,True,True,True,False,0,-180.0,-180.0,91.26454491762502,0.15132082394459445,0.00651360326819217
main,discrete,3,familiar_A_B,qmix_reference,qmix_vdn,27,27,27,familiar_A,True,True,True,False,0,-90.0,-90.0,-6.0008724404352165,0.1454324988936051,0.0217726125536285
main,discrete,3,familiar_A_B,qmix_reference,qmix_vdn,27,27,27,familiar_B,True,True,True,False,0,90.0,90.0,22.780411583113533,0.38713027075834816,0.01866223933165767
main,discrete,3,familiar_A_B,qmix_reference,qmix_vdn,37,37,37,familiar_A,True,True,True,False,0,-360.0,-360.0,-42.505411340437576,0.25430156080150823,0.006513603268184731
main,discrete,3,familiar_A_B,qmix_reference,qmix_vdn,37,37,37,familiar_B,True,True,True,False,0,-450.0,-450.0,-68.54498589253745,-0.18155720845108192,0.01555186610975623
main,discrete,3,familiar_A_B,qmix_reference,qmix_vdn,47,47,47,familiar_A,True,True,True,False,0,-450.0,-450.0,-76.89606040644605,-0.3476210812004581,0.024882985775575794
main,discrete,3,familiar_A_B,qmix_reference,qmix_vdn,47,47,47,familiar_B,True,True,True,False,0,-540.0,-540.0,-92.36638908345284,-0.46335209857432247,0.031103732219516678
main,discrete,3,random_nominal,qmix_reference,iql_independent,7,7,7,E3_test_000,True,True,True,False,0,1260.0,1260.0,173.553272541362,0.4814436105207882,0.023488097394089746
main,discrete,3,random_nominal,qmix_reference,iql_independent,7,7,7,E3_test_001,True,True,True,False,0,540.0,540.0,60.420810474979675,0.2283786085043218,0.0293112147069019
main,discrete,3,random_nominal,qmix_reference,iql_independent,7,7,7,E3_test_002,True,True,True,False,0,360.0,360.0,39.59299055908477,0.12289029369560467,0.02348809739413249
main,discrete,3,random_nominal,qmix_reference,iql_independent,7,7,7,E3_test_003,True,True,True,False,0,180.0,180.0,19.15663831361168,-0.42158325423548604,0.015551866109750567
main,discrete,3,random_nominal,qmix_reference,iql_independent,7,7,7,E3_test_004,True,True,True,False,0,1530.0,1530.0,278.7863921694982,-0.15785395377524125,1.3178347302300608e-13
main,discrete,3,random_nominal,qmix_reference,iql_independent,7,7,7,E3_test_005,True,True,True,False,0,360.0,360.0,64.196294717614,-0.23931152536139422,0.018662239331670882
main,discrete,3,random_nominal,qmix_reference,iql_independent,7,7,7,E3_test_006,True,True,True,False,0,1260.0,1260.0,170.5141887433873,0.41992786947623983,0.04404018261397469
main,discrete,3,random_nominal,qmix_reference,iql_independent,7,7,7,E3_test_007,True,True,True,False,0,360.0,360.0,52.52877870082068,-0.17913011793754663,0.01866223933172262
main,discrete,3,random_nominal,qmix_reference,iql_independent,7,7,7,E3_test_008,True,True,True,False,0,180.0,180.0,5.40053940602445,-0.06446048204608701,0.00622074644387649
main,discrete,3,random_nominal,qmix_reference,iql_independent,7,7,7,E3_test_009,True,True,True,False,0,1440.0,1440.0,224.78104783048076,0.5576310494707357,0.02931121470693332
main,discrete,3,random_nominal,qmix_reference,iql_independent,7,7,7,E3_test_010,True,True,True,False,0,1440.0,1440.0,221.56856570696982,0.6990850362631988,0.044040182613986456
main,discrete,3,random_nominal,qmix_reference,iql_independent,7,7,7,E3_test_011,True,True,True,False,0,990.0,990.0,131.88570823407312,-0.04881591418757836,0.003110373221983931
main,discrete,3,random_nominal,qmix_reference,iql_independent,17,17,17,E3_test_000,True,True,True,False,0,-1980.0,-1980.0,-101.73435110169515,-0.4580872801579261,0.02177261255365237
main,discrete,3,random_nominal,qmix_reference,iql_independent,17,17,17,E3_test_001,True,True,True,False,0,90.0,90.0,12.274470971220126,-0.00905618035088196,0.003256801634130113
main,discrete,3,random_nominal,qmix_reference,iql_independent,17,17,17,E3_test_002,True,True,True,False,0,-990.0,-990.0,-23.08877057548341,-0.2944445062240888,0.012441492887759864
main,discrete,3,random_nominal,qmix_reference,iql_independent,17,17,17,E3_test_003,True,True,True,False,0,-1440.0,-1440.0,-141.16594145584568,0.028123174696336406,0.006513603268295309
main,discrete,3,random_nominal,qmix_reference,iql_independent,17,17,17,E3_test_004,True,True,True,False,0,-1890.0,-1890.0,-154.4342872696828,-0.5205568104541101,0.034214105441450315
main,discrete,3,random_nominal,qmix_reference,iql_independent,17,17,17,E3_test_005,True,False,False,False,-1,720.0,,,,
main,discrete,3,random_nominal,qmix_reference,iql_independent,17,17,17,E3_test_006,True,True,True,False,0,-1800.0,-1800.0,-13.611306098123237,-0.12890214766206043,0.019540809804569625
main,discrete,3,random_nominal,qmix_reference,iql_independent,17,17,17,E3_test_007,True,True,True,False,0,90.0,90.0,13.339058464569405,0.12414147332886216,0.0032568016341466555
main,discrete,3,random_nominal,qmix_reference,iql_independent,17,17,17,E3_test_008,True,True,True,False,0,-1080.0,-1080.0,35.84805588750916,0.26530477154299703,0.008808036522851004
main,discrete,3,random_nominal,qmix_reference,iql_independent,17,17,17,E3_test_009,True,True,True,False,0,360.0,360.0,26.860650330322983,0.03560162496076558,5.3512749786932545e-14
main,discrete,3,random_nominal,qmix_reference,iql_independent,17,17,17,E3_test_010,True,True,True,False,0,-1800.0,-1800.0,-85.78187052489704,-0.6102622550720653,0.03421410544145942
main,discrete,3,random_nominal,qmix_reference,iql_independent,17,17,17,E3_test_011,True,True,True,False,0,-990.0,-990.0,-37.95323613828715,-0.0634741130931662,0.01866223933168487
main,discrete,3,random_nominal,qmix_reference,iql_independent,27,27,27,E3_test_000,True,True,True,False,0,0.0,0.0,10.972814178237712,-0.2558756583313766,0.029360121742665002
main,discrete,3,random_nominal,qmix_reference,iql_independent,27,27,27,E3_test_001,True,True,True,False,0,-90.0,-90.0,-25.227338885158986,-0.3491916776366324,0.017616073045599867
main,discrete,3,random_nominal,qmix_reference,iql_independent,27,27,27,E3_test_002,True,True,True,False,0,360.0,360.0,81.60839224124248,0.4655526589752732,0.021772612553611626
main,discrete,3,random_nominal,qmix_reference,iql_independent,27,27,27,E3_test_003,True,True,True,False,0,-90.0,-90.0,-24.43753812820009,-0.4696752510447837,0.029360121742679546
main,discrete,3,random_nominal,qmix_reference,iql_independent,27,27,27,E3_test_004,True,True,True,False,0,-360.0,-360.0,-56.96456887021537,-0.5649998571488126,0.012441492887751981
main,discrete,3,random_nominal,qmix_reference,iql_independent,27,27,27,E3_test_005,True,True,True,False,0,-90.0,-90.0,-15.724806864096621,0.038251682010503885,6.850076061937216e-14
main,discrete,3,random_nominal,qmix_reference,iql_independent,27,27,27,E3_test_006,True,True,True,False,0,180.0,180.0,75.89854292195864,0.3808604769176789,0.018662239331648678
main,discrete,3,random_nominal,qmix_reference,iql_independent,27,27,27,E3_test_007,True,True,True,False,0,-90.0,-90.0,-21.528563698593672,-0.19411154484363635,0.011744048697080678
main,discrete,3,random_nominal,qmix_reference,iql_independent,27,27,27,E3_test_008,True,True,True,False,0,360.0,360.0,91.85248858286002,0.3115699000618086,0.00933111966590039
main,discrete,3,random_nominal,qmix_reference,iql_independent,27,27,27,E3_test_009,True,True,True,False,0,0.0,0.0,-55.10452309725207,-0.06613663060756281,0.020552085219888716
main,discrete,3,random_nominal,qmix_reference,iql_independent,27,27,27,E3_test_010,True,True,True,False,0,180.0,180.0,55.14305575171349,0.4552775383830081,0.0342141054413837
main,discrete,3,random_nominal,qmix_reference,iql_independent,27,27,27,E3_test_011,True,True,True,False,0,-270.0,-270.0,-31.00596886588501,-0.6710894121640756,0.020552085219864957
main,discrete,3,random_nominal,qmix_reference,iql_independent,37,37,37,E3_test_000,True,True,True,False,0,-90.0,-90.0,3.2658690031059336,0.4317888802143415,0.014680060871329892
main,discrete,3,random_nominal,qmix_reference,iql_independent,37,37,37,E3_test_001,True,True,True,False,0,-360.0,-360.0,-45.10532166262618,-0.25217381407520634,0.009770404902293639
main,discrete,3,random_nominal,qmix_reference,iql_independent,37,37,37,E3_test_002,True,True,True,False,0,-360.0,-360.0,-42.41162428625711,-0.278679659376202,0.015551866109792423
main,discrete,3,random_nominal,qmix_reference,iql_independent,37,37,37,E3_test_003,True,True,True,False,0,-270.0,-270.0,-35.13386033345955,-0.40411654692694654,0.009770404902289753
main,discrete,3,random_nominal,qmix_reference,iql_independent,37,37,37,E3_test_004,True,True,True,False,0,-180.0,-180.0,-0.3780209875847902,0.1137278270605222,3.164135620181696e-14
main,discrete,3,random_nominal,qmix_reference,iql_independent,37,37,37,E3_test_005,True,True,True,False,0,-450.0,-450.0,-77.15374574031705,-0.10178672495304752,0.006513603268194057
main,discrete,3,random_nominal,qmix_reference,iql_independent,37,37,37,E3_test_006,True,True,True,False,0,-630.0,-630.0,-96.33291897493916,-0.3430976960762635,0.02488298577557435
main,discrete,3,random_nominal,qmix_reference,iql_independent,37,37,37,E3_test_007,True,True,True,False,0,-360.0,-360.0,-45.44741745805058,-0.2161625095592754,0.009770404902322727
main,discrete,3,random_nominal,qmix_reference,iql_independent,37,37,37,E3_test_008,True,True,True,False,0,-360.0,-360.0,-46.431088522127,-0.34372515073519594,0.0093311196658602
main,discrete,3,random_nominal,qmix_reference,iql_independent,37,37,37,E3_test_009,True,True,True,False,0,-360.0,-360.0,-40.58805892099119,-0.3471332093364339,0.018662239331699415
main,discrete,3,random_nominal,qmix_reference,iql_independent,37,37,37,E3_test_010,True,True,True,False,0,-450.0,-450.0,-69.12006578888938,-0.19398727304228913,0.02177261255361196
main,discrete,3,random_nominal,qmix_reference,iql_independent,37,37,37,E3_test_011,True,True,True,False,0,0.0,0.0,9.381293728631732,0.03157042874091509,0.0065136032681867295
main,discrete,3,random_nominal,qmix_reference,iql_independent,47,47,47,E3_test_000,True,True,True,False,0,0.0,0.0,-21.64817535428682,-0.7683106954613912,0.02488298577553172
main,discrete,3,random_nominal,qmix_reference,iql_independent,47,47,47,E3_test_001,True,True,True,False,0,1350.0,1350.0,217.4630958797216,0.506115994984583,0.016284008170528663
main,discrete,3,random_nominal,qmix_reference,iql_independent,47,47,47,E3_test_002,True,True,True,False,0,-180.0,-180.0,-0.015046024121232904,-0.34068425738035657,0.01244149288783658
main,discrete,3,random_nominal,qmix_reference,iql_independent,47,47,47,E3_test_003,True,True,True,False,0,990.0,990.0,141.718130620953,0.6258185880865241,0.017616073045580882
main,discrete,3,random_nominal,qmix_reference,iql_independent,47,47,47,E3_test_004,True,True,True,False,0,270.0,270.0,8.080291073089853,-0.25676998772387094,0.013027206536387448
main,discrete,3,random_nominal,qmix_reference,iql_independent,47,47,47,E3_test_005,True,True,True,False,0,1170.0,1170.0,204.25167362808898,-0.19680974097936144,6.761258219967203e-14
main,discrete,3,random_nominal,qmix_reference,iql_independent,47,47,47,E3_test_006,True,True,True,False,0,-180.0,-180.0,-57.08407961627262,-0.49770275422416077,0.015551866109727253
main,discrete,3,random_nominal,qmix_reference,iql_independent,47,47,47,E3_test_007,True,True,True,False,0,1170.0,1170.0,200.510246179885,0.1046940159417602,0.006513603268228696
main,discrete,3,random_nominal,qmix_reference,iql_independent,47,47,47,E3_test_008,True,True,True,False,0,-180.0,-180.0,-13.850369357509663,-0.23196508993003206,0.0088080365228006
main,discrete,3,random_nominal,qmix_reference,iql_independent,47,47,47,E3_test_009,True,True,True,False,0,1170.0,1170.0,188.89127877381537,0.7583130996671628,0.027993358997575823
main,discrete,3,random_nominal,qmix_reference,iql_independent,47,47,47,E3_test_010,True,True,True,False,0,-90.0,-90.0,17.065020835217354,-0.4697983769290275,0.027993358997537743
main,discrete,3,random_nominal,qmix_reference,iql_independent,47,47,47,E3_test_011,True,True,True,False,0,360.0,360.0,39.881303193096045,0.31229783887130935,0.009770404902300078
main,discrete,3,random_nominal,qmix_reference,qmix_no_balance_reward,7,7,7,E3_test_000,True,False,False,False,-1,3510.0,,,,
main,discrete,3,random_nominal,qmix_reference,qmix_no_balance_reward,7,7,7,E3_test_001,True,False,False,False,-1,3510.0,,,,
main,discrete,3,random_nominal,qmix_reference,qmix_no_balance_reward,7,7,7,E3_test_002,True,False,False,False,-1,3510.0,,,,
main,discrete,3,random_nominal,qmix_reference,qmix_no_balance_reward,7,7,7,E3_test_003,True,False,False,False,-1,3690.0,,,,
main,discrete,3,random_nominal,qmix_reference,qmix_no_balance_reward,7,7,7,E3_test_004,True,False,False,False,-1,3060.0,,,,
main,discrete,3,random_nominal,qmix_reference,qmix_no_balance_reward,7,7,7,E3_test_005,True,False,False,False,-1,3510.0,,,,
main,discrete,3,random_nominal,qmix_reference,qmix_no_balance_reward,7,7,7,E3_test_006,True,False,False,False,-1,2970.0,,,,
main,discrete,3,random_nominal,qmix_reference,qmix_no_balance_reward,7,7,7,E3_test_007,True,False,False,False,-1,3510.0,,,,
main,discrete,3,random_nominal,qmix_reference,qmix_no_balance_reward,7,7,7,E3_test_008,True,False,False,False,-1,3510.0,,,,
main,discrete,3,random_nominal,qmix_reference,qmix_no_balance_reward,7,7,7,E3_test_009,True,False,False,False,-1,3330.0,,,,
main,discrete,3,random_nominal,qmix_reference,qmix_no_balance_reward,7,7,7,E3_test_010,True,False,False,False,-1,3240.0,,,,
main,discrete,3,random_nominal,qmix_reference,qmix_no_balance_reward,7,7,7,E3_test_011,True,False,False,False,-1,3690.0,,,,
main,discrete,3,random_nominal,qmix_reference,qmix_no_balance_reward,17,17,17,E3_test_000,True,True,True,False,0,-2610.0,-2610.0,-149.8001033581712,-1.3091619183952048,0.04404018261384102
main,discrete,3,random_nominal,qmix_reference,qmix_no_balance_reward,17,17,17,E3_test_001,True,True,True,False,0,-2700.0,-2700.0,-231.4163322764296,0.0998880386737433,0.0032568016342572337
main,discrete,3,random_nominal,qmix_reference,qmix_no_balance_reward,17,17,17,E3_test_002,True,True,True,False,0,-990.0,-990.0,-36.531381582889736,0.07911990101721855,0.0031103732219137648
main,discrete,3,random_nominal,qmix_reference,qmix_no_balance_reward,17,17,17,E3_test_003,True,True,True,False,0,-2880.0,-2880.0,-210.52364381270613,0.04864048832090617,0.006513603268360257
main,discrete,3,random_nominal,qmix_reference,qmix_no_balance_reward,17,17,17,E3_test_004,True,True,True,False,0,-2250.0,-2250.0,-167.05047676008402,-0.2829139087879078,0.040434851885361
main,discrete,3,random_nominal,qmix_reference,qmix_no_balance_reward,17,17,17,E3_test_005,True,True,True,False,0,-2520.0,-2520.0,-214.1713816451044,0.09182503653842389,0.0032568016341812944
main,discrete,3,random_nominal,qmix_reference,qmix_no_balance_reward,17,17,17,E3_test_006,True,True,True,False,0,-1890.0,-1890.0,-67.05298097053856,0.5080982704210086,0.04233842124324694
main,discrete,3,random_nominal,qmix_reference,qmix_no_balance_reward,17,17,17,E3_test_007,True,True,True,False,0,-2610.0,-2610.0,-215.6016196356236,0.16255814349354125,9.470202400052585e-14
main,discrete,3,random_nominal,qmix_reference,qmix_no_balance_reward,17,17,17,E3_test_008,True,True,True,False,0,-1350.0,-1350.0,7.231792851933847,0.47376767541918596,0.032568016340912775
main,discrete,3,random_nominal,qmix_reference,qmix_no_balance_reward,17,17,17,E3_test_009,True,True,True,False,0,-2520.0,-2520.0,-209.53602596247438,-0.24985835886450758,0.01244149288790175
main,discrete,3,random_nominal,qmix_reference,qmix_no_balance_reward,17,17,17,E3_test_010,True,True,True,False,0,-1980.0,-1980.0,-106.40940370808107,-0.29652682474892345,0.021772612553699222
main,discrete,3,random_nominal,qmix_reference,qmix_no_balance_reward,17,17,17,E3_test_011,True,True,True,False,0,-1260.0,-1260.0,-38.18503562883052,0.40850353483686597,0.03256801634094464
main,discrete,3,random_nominal,qmix_reference,qmix_no_balance_reward,27,27,27,E3_test_000,True,True,True,False,0,-360.0,-360.0,-53.506334879049774,-0.8857661848151288,0.032296133916960845
main,discrete,3,random_nominal,qmix_reference,qmix_no_balance_reward,27,27,27,E3_test_001,True,True,True,False,0,-180.0,-180.0,-46.33032274399011,0.15511869703123082,0.0031103732219619484
main,discrete,3,random_nominal,qmix_reference,qmix_no_balance_reward,27,27,27,E3_test_002,True,True,True,False,0,-90.0,-90.0,-22.08952006486234,0.22629047901277133,0.009331119665829224
main,discrete,3,random_nominal,qmix_reference,qmix_no_balance_reward,27,27,27,E3_test_003,True,True,True,False,0,-180.0,-180.0,-36.29884417387606,-0.30202435517597337,0.017616073045599312
main,discrete,3,random_nominal,qmix_reference,qmix_no_balance_reward,27,27,27,E3_test_004,True,True,True,False,0,-540.0,-540.0,-68.10601168247518,-0.8645210224424744,0.039081619609176665
main,discrete,3,random_nominal,qmix_reference,qmix_no_balance_reward,27,27,27,E3_test_005,True,True,True,False,0,-270.0,-270.0,-57.112921791240495,0.050456353060443604,0.003256801634099471
main,discrete,3,random_nominal,qmix_reference,qmix_no_balance_reward,27,27,27,E3_test_006,True,True,True,False,0,1260.0,1260.0,282.5757663097694,0.23742644094491538,0.018662239331668107
main,discrete,3,random_nominal,qmix_reference,qmix_no_balance_reward,27,27,27,E3_test_007,True,True,True,False,0,-270.0,-270.0,-54.34543543112508,-0.16724261799663864,0.008808036522806373
main,discrete,3,random_nominal,qmix_reference,qmix_no_balance_reward,27,27,27,E3_test_008,True,True,True,False,0,720.0,720.0,122.38579285108028,0.3698472694874013,0.009331119665937138
main,discrete,3,random_nominal,qmix_reference,qmix_no_balance_reward,27,27,27,E3_test_009,True,True,True,False,0,-180.0,-180.0,-48.10761716682072,0.20723690336387435,0.015551866109712154
main,discrete,3,random_nominal,qmix_reference,qmix_no_balance_reward,27,27,27,E3_test_010,True,True,True,False,0,720.0,720.0,151.5779977213642,0.5373920295865311,0.043545225107247454
main,discrete,3,random_nominal,qmix_reference,qmix_no_balance_reward,27,27,27,E3_test_011,True,True,True,False,0,-360.0,-360.0,-35.91079078288844,-0.7406160156406099,0.020552085219862626
main,discrete,3,random_nominal,qmix_reference,qmix_no_balance_reward,37,37,37,E3_test_000,True,True,True,False,0,1080.0,1080.0,83.73228394460259,1.1190585969118558,0.046655598329205294
main,discrete,3,random_nominal,qmix_reference,qmix_no_balance_reward,37,37,37,E3_test_001,True,True,True,False,0,0.0,0.0,-39.184462569736155,-0.5176827916743107,0.04404018261402565
main,discrete,3,random_nominal,qmix_reference,qmix_no_balance_reward,37,37,37,E3_test_002,True,True,True,False,0,1350.0,1350.0,158.45344218115957,0.015176702627709204,0.0031103732219468494
main,discrete,3,random_nominal,qmix_reference,qmix_no_balance_reward,37,37,37,E3_test_003,True,True,True,False,0,90.0,90.0,-35.940970000382436,-0.34629401500651014,0.03816815826548603
main,discrete,3,random_nominal,qmix_reference,qmix_no_balance_reward,37,37,37,E3_test_004,True,True,True,False,0,-90.0,-90.0,-25.317626766130644,-0.700590405397552,0.035232146091198624
main,discrete,3,random_nominal,qmix_reference,qmix_no_balance_reward,37,37,37,E3_test_005,True,True,True,False,0,-90.0,-90.0,-43.05004049372201,0.06422422537035999,0.003256801634103579
main,discrete,3,random_nominal,qmix_reference,qmix_no_balance_reward,37,37,37,E3_test_006,True,True,True,False,0,1620.0,1620.0,297.1236259340319,-0.16675247148060635,0.00587202434858114
main,discrete,3,random_nominal,qmix_reference,qmix_no_balance_reward,37,37,37,E3_test_007,True,True,True,False,0,0.0,0.0,-30.083705295460362,-0.6873913357787167,0.04110417043972592
main,discrete,3,random_nominal,qmix_reference,qmix_no_balance_reward,37,37,37,E3_test_008,True,True,True,False,0,1350.0,1350.0,150.11291557869822,-0.12761760997838323,8.204548151979907e-14
main,discrete,3,random_nominal,qmix_reference,qmix_no_balance_reward,37,37,37,E3_test_009,True,True,True,False,0,180.0,180.0,-32.70283586995214,-0.016451689306308026,0.038168158265494245
main,discrete,3,random_nominal,qmix_reference,qmix_no_balance_reward,37,37,37,E3_test_010,True,True,True,False,0,1800.0,1800.0,258.848882624548,0.27497495275907724,0.015551866109737689
main,discrete,3,random_nominal,qmix_reference,qmix_no_balance_reward,37,37,37,E3_test_011,True,True,True,False,0,90.0,90.0,2.188241523496174,-0.3976935543474269,0.026054413072781224
main,discrete,3,random_nominal,qmix_reference,qmix_no_balance_reward,47,47,47,E3_test_000,True,True,True,False,0,810.0,810.0,57.66824666404497,0.6052455186517705,0.021772612553646598
main,discrete,3,random_nominal,qmix_reference,qmix_no_balance_reward,47,47,47,E3_test_001,True,True,True,False,0,180.0,180.0,15.805105935311701,-0.11072549253417208,0.0293601217426952
main,discrete,3,random_nominal,qmix_reference,qmix_no_balance_reward,47,47,47,E3_test_002,True,True,True,False,0,810.0,810.0,98.2486535912742,-0.07243994608810667,0.0029360121743020606
main,discrete,3,random_nominal,qmix_reference,qmix_no_balance_reward,47,47,47,E3_test_003,True,True,True,False,0,180.0,180.0,39.91329208485982,-0.1773704869037367,0.02642410956839336
main,discrete,3,random_nominal,qmix_reference,qmix_no_balance_reward,47,47,47,E3_test_004,True,True,True,False,0,-90.0,-90.0,-32.401268919010434,-1.0012503923659253,0.041104170439769216
main,discrete,3,random_nominal,qmix_reference,qmix_no_balance_reward,47,47,47,E3_test_005,True,True,True,False,0,0.0,0.0,-9.058507072179935,0.009282271247613494,0.003256801634174966
main,discrete,3,random_nominal,qmix_reference,qmix_no_balance_reward,47,47,47,E3_test_006,True,True,True,False,0,810.0,810.0,53.45918326967171,0.003366672889612232,0.0029360121742280088
main,discrete,3,random_nominal,qmix_reference,qmix_no_balance_reward,47,47,47,E3_test_007,True,True,True,False,0,90.0,90.0,12.331381063174462,-0.5264636326420842,0.03816815826551845
main,discrete,3,random_nominal,qmix_reference,qmix_no_balance_reward,47,47,47,E3_test_008,True,True,True,False,0,810.0,810.0,85.08644319366502,-0.017481470832819923,2.808864252301646e-14
main,discrete,3,random_nominal,qmix_reference,qmix_no_balance_reward,47,47,47,E3_test_009,True,True,True,False,0,360.0,360.0,29.274668883221224,0.47698713378372304,0.027993358997527973
main,discrete,3,random_nominal,qmix_reference,qmix_no_balance_reward,47,47,47,E3_test_010,True,True,True,False,0,1080.0,1080.0,112.39160421579675,0.16679070517759698,0.006220746443892589
main,discrete,3,random_nominal,qmix_reference,qmix_no_balance_reward,47,47,47,E3_test_011,True,True,True,False,0,-90.0,-90.0,-10.825536212516866,-0.46342880816057885,0.020552085219895155
main,discrete,3,random_nominal,qmix_reference,qmix_no_gru,7,7,7,E3_test_000,True,True,True,False,0,-180.0,-180.0,-54.86759355087067,-0.05975939869503932,0.009770404902311958
main,discrete,3,random_nominal,qmix_reference,qmix_no_gru,7,7,7,E3_test_001,True,True,True,False,0,0.0,0.0,6.168033518959305,0.2054395384438763,0.012441492887786954
main,discrete,3,random_nominal,qmix_reference,qmix_no_gru,7,7,7,E3_test_002,True,True,True,False,0,-270.0,-270.0,-51.13219174927866,0.04446146562334263,0.0031103732219361913
main,discrete,3,random_nominal,qmix_reference,qmix_no_gru,7,7,7,E3_test_003,True,True,True,False,0,0.0,0.0,10.565955773730437,0.14242162776013245,0.003110373221935858
main,discrete,3,random_nominal,qmix_reference,qmix_no_gru,7,7,7,E3_test_004,True,True,True,False,0,-360.0,-360.0,-101.4768909446266,-0.22530419315177852,0.009770404902343377
main,discrete,3,random_nominal,qmix_reference,qmix_no_gru,7,7,7,E3_test_005,True,True,True,False,0,180.0,180.0,8.038103394434103,0.5614587395869535,0.021772612553632165
main,discrete,3,random_nominal,qmix_reference,qmix_no_gru,7,7,7,E3_test_006,True,True,True,False,0,-270.0,-270.0,-73.55706453332078,0.011405898207907939,0.00622074644391013
main,discrete,3,random_nominal,qmix_reference,qmix_no_gru,7,7,7,E3_test_007,True,True,True,False,0,90.0,90.0,16.76244569248516,0.41347892402058406,0.01866223933166855
main,discrete,3,random_nominal,qmix_reference,qmix_no_gru,7,7,7,E3_test_008,True,True,True,False,0,-270.0,-270.0,-45.95083809338365,-0.2902615511523834,0.013027206536377678
main,discrete,3,random_nominal,qmix_reference,qmix_no_gru,7,7,7,E3_test_009,True,True,True,False,0,-180.0,-180.0,-17.24112803251805,-0.1592407976658876,0.016284008170492914
main,discrete,3,random_nominal,qmix_reference,qmix_no_gru,7,7,7,E3_test_010,True,True,True,False,0,-270.0,-270.0,-82.42529287572361,0.07630546126716453,0.006220746443908465
main,discrete,3,random_nominal,qmix_reference,qmix_no_gru,7,7,7,E3_test_011,True,True,True,False,0,0.0,0.0,-39.084949834268954,0.08666219031156075,0.006220746443898251
main,discrete,3,random_nominal,qmix_reference,qmix_no_gru,17,17,17,E3_test_000,True,True,True,False,0,-2430.0,-2430.0,-138.415651177144,-0.9040090102674512,0.04665559832923927
main,discrete,3,random_nominal,qmix_reference,qmix_no_gru,17,17,17,E3_test_001,True,True,True,False,0,-2610.0,-2610.0,-205.3278657517268,0.03473736616566114,0.006513603268369028
main,discrete,3,random_nominal,qmix_reference,qmix_no_gru,17,17,17,E3_test_002,True,True,True,False,0,-1170.0,-1170.0,-49.45872922399366,-0.27329369489683586,0.015551866109705936
main,discrete,3,random_nominal,qmix_reference,qmix_no_gru,17,17,17,E3_test_003,True,True,True,False,0,-2790.0,-2790.0,-196.1628447425862,0.0442764402567164,0.006513603268354928
main,discrete,3,random_nominal,qmix_reference,qmix_no_gru,17,17,17,E3_test_004,True,True,True,False,0,-2160.0,-2160.0,-139.58644462337475,-0.4659431472919664,0.04354522510729075
main,discrete,3,random_nominal,qmix_reference,qmix_no_gru,17,17,17,E3_test_005,True,True,True,False,0,-2070.0,-2070.0,-154.898197478859,0.1173282138990146,6.794564910705958e-14
main,discrete,3,random_nominal,qmix_reference,qmix_no_gru,17,17,17,E3_test_006,True,True,True,False,0,-1710.0,-1710.0,-86.39735646889983,0.5678208032084946,0.0455952228773191
main,discrete,3,random_nominal,qmix_reference,qmix_no_gru,17,17,17,E3_test_007,True,True,True,False,0,-2250.0,-2250.0,-170.0679128811466,0.24339548188053328,0.006513603268142876
main,discrete,3,random_nominal,qmix_reference,qmix_no_gru,17,17,17,E3_test_008,True,True,True,False,0,-1440.0,-1440.0,-11.622598748384263,0.2900169721290631,0.029311214706781663
main,discrete,3,random_nominal,qmix_reference,qmix_no_gru,17,17,17,E3_test_009,True,True,True,False,0,-2340.0,-2340.0,-173.00451717424974,-0.22982064715570516,0.015551866109917656
main,discrete,3,random_nominal,qmix_reference,qmix_no_gru,17,17,17,E3_test_010,True,True,True,False,0,-1800.0,-1800.0,-93.6448738849113,-0.39483520667676686,0.027993358997549178
main,discrete,3,random_nominal,qmix_reference,qmix_no_gru,17,17,17,E3_test_011,True,True,True,False,0,-1170.0,-1170.0,-31.196299461723157,0.43906368366828197,0.03256801634092055
main,discrete,3,random_nominal,qmix_reference,qmix_no_gru,27,27,27,E3_test_000,True,True,True,False,0,-180.0,-180.0,-26.746915495808693,-0.8336434185758392,0.026424109568395915
main,discrete,3,random_nominal,qmix_reference,qmix_no_gru,27,27,27,E3_test_001,True,True,True,False,0,450.0,450.0,4.688440937650739,0.223573366648683,0.009331119665886733
main,discrete,3,random_nominal,qmix_reference,qmix_no_gru,27,27,27,E3_test_002,True,True,True,False,0,90.0,90.0,6.936734600549812,0.05285776635503936,0.006220746443918568
main,discrete,3,random_nominal,qmix_reference,qmix_no_gru,27,27,27,E3_test_003,True,True,True,False,0,180.0,180.0,2.562352554344727,-0.1830740534943871,0.014680060871329226
main,discrete,3,random_nominal,qmix_reference,qmix_no_gru,27,27,27,E3_test_004,True,True,True,False,0,90.0,90.0,-55.280085304072884,-0.5447938020882646,0.046976194788259984
main,discrete,3,random_nominal,qmix_reference,qmix_no_gru,27,27,27,E3_test_005,True,True,True,False,0,1080.0,1080.0,10.162568464190542,-0.2312817557857727,0.0411041704398466
main,discrete,3,random_nominal,qmix_reference,qmix_no_gru,27,27,27,E3_test_006,True,True,True,False,0,0.0,0.0,-21.46386570621482,-0.04059156696996524,0.005872024348544835
main,discrete,3,random_nominal,qmix_reference,qmix_no_gru,27,27,27,E3_test_007,True,True,True,False,0,360.0,360.0,7.168422390293188,-0.03953281992362889,0.0032568016340628336
main,discrete,3,random_nominal,qmix_reference,qmix_no_gru,27,27,27,E3_test_008,True,True,True,False,0,180.0,180.0,18.496597341575068,0.25327872973510424,0.00933111966592548
main,discrete,3,random_nominal,qmix_reference,qmix_no_gru,27,27,27,E3_test_009,True,True,True,False,0,540.0,540.0,7.439559003207137,0.749878422109429,0.037324478663332994
main,discrete,3,random_nominal,qmix_reference,qmix_no_gru,27,27,27,E3_test_010,True,True,True,False,0,90.0,90.0,-2.2176322472787717,0.17114334846506196,0.01866223933168798
main,discrete,3,random_nominal,qmix_reference,qmix_no_gru,27,27,27,E3_test_011,True,True,True,False,0,450.0,450.0,-11.267717429780419,-0.06459445955663057,0.04110417043975312
main,discrete,3,random_nominal,qmix_reference,qmix_no_gru,37,37,37,E3_test_000,True,True,True,False,0,180.0,180.0,-53.800339234709085,0.9946880237857911,0.03816815826548048
main,discrete,3,random_nominal,qmix_reference,qmix_no_gru,37,37,37,E3_test_001,True,True,True,False,0,810.0,810.0,176.3325272754934,0.2005727021035959,0.006513603268199275
main,discrete,3,random_nominal,qmix_reference,qmix_no_gru,37,37,37,E3_test_002,True,True,True,False,0,-360.0,-360.0,-51.517535174971385,-0.1667202442870419,0.00880803652279294
main,discrete,3,random_nominal,qmix_reference,qmix_no_gru,37,37,37,E3_test_003,True,True,True,False,0,540.0,540.0,125.6745101739387,0.004672526975507907,0.0032568016340517314
main,discrete,3,random_nominal,qmix_reference,qmix_no_gru,37,37,37,E3_test_004,True,True,True,False,0,-90.0,-90.0,-33.14484001671116,-0.09649819251949054,0.03908161960917711
main,discrete,3,random_nominal,qmix_reference,qmix_no_gru,37,37,37,E3_test_005,True,True,True,False,0,810.0,810.0,209.3353817921971,-0.05008065335902501,0.0032568016340679407
main,discrete,3,random_nominal,qmix_reference,qmix_no_gru,37,37,37,E3_test_006,True,True,True,False,0,-450.0,-450.0,-84.28153217672889,-0.5106697192804042,0.032568016341004036
main,discrete,3,random_nominal,qmix_reference,qmix_no_gru,37,37,37,E3_test_007,True,True,True,False,0,630.0,630.0,160.06952666312216,0.09151316572895496,0.0032568016340983608
main,discrete,3,random_nominal,qmix_reference,qmix_no_gru,37,37,37,E3_test_008,True,True,True,False,0,-360.0,-360.0,-47.635911403735605,-0.6665086807387723,0.035824817975090184
main,discrete,3,random_nominal,qmix_reference,qmix_no_gru,37,37,37,E3_test_009,True,True,True,False,0,810.0,810.0,209.36728920163665,0.45214584700644167,0.01555186610974979
main,discrete,3,random_nominal,qmix_reference,qmix_no_gru,37,37,37,E3_test_010,True,True,True,False,0,-360.0,-360.0,-72.74103835409008,0.16877009327689763,5.906386491005833e-14
main,discrete,3,random_nominal,qmix_reference,qmix_no_gru,37,37,37,E3_test_011,True,True,True,False,0,-180.0,-180.0,-25.447854026364936,-0.5555546416405495,0.03256801634096573
main,discrete,3,random_nominal,qmix_reference,qmix_no_gru,47,47,47,E3_test_000,True,True,True,False,0,630.0,630.0,-4.689505987356085,-0.7055380572816787,0.02799335899747979
main,discrete,3,random_nominal,qmix_reference,qmix_no_gru,47,47,47,E3_test_001,True,True,True,False,0,720.0,720.0,80.99593962031872,-0.14543484896420011,0.00933111966587341
main,discrete,3,random_nominal,qmix_reference,qmix_no_gru,47,47,47,E3_test_002,True,True,True,False,0,450.0,450.0,51.82182355357827,-0.4065037968113856,0.015551866109714929
main,discrete,3,random_nominal,qmix_reference,qmix_no_gru,47,47,47,E3_test_003,True,True,True,False,0,810.0,810.0,81.3237940881238,0.342527994210549,0.009331119665867416
main,discrete,3,random_nominal,qmix_reference,qmix_no_gru,47,47,47,E3_test_004,True,True,True,False,0,1080.0,1080.0,96.00362198313519,0.1504244385001101,0.005872024348493654
main,discrete,3,random_nominal,qmix_reference,qmix_no_gru,47,47,47,E3_test_005,True,True,True,False,0,720.0,720.0,117.46754913212558,-0.21454396701449951,0.006220746443986291
main,discrete,3,random_nominal,qmix_reference,qmix_no_gru,47,47,47,E3_test_006,True,True,True,False,0,630.0,630.0,70.02917311175713,-0.5618551464292558,0.021772612553615955
main,discrete,3,random_nominal,qmix_reference,qmix_no_gru,47,47,47,E3_test_007,True,True,True,False,0,720.0,720.0,87.66838644943047,-0.08978749919304363,0.006220746443729941
main,discrete,3,random_nominal,qmix_reference,qmix_no_gru,47,47,47,E3_test_008,True,True,True,False,0,630.0,630.0,57.86409177154107,-0.09636718733818839,0.0058720243485259616
main,discrete,3,random_nominal,qmix_reference,qmix_no_gru,47,47,47,E3_test_009,True,True,True,False,0,720.0,720.0,75.0072578709537,-0.3002159740471697,0.018662239331673547
main,discrete,3,random_nominal,qmix_reference,qmix_no_gru,47,47,47,E3_test_010,True,True,True,False,0,720.0,720.0,101.12531061731067,-0.29124657247993113,0.012441492887818373
main,discrete,3,random_nominal,qmix_reference,qmix_no_gru,47,47,47,E3_test_011,True,True,True,False,0,990.0,990.0,62.9646049434088,0.37473881674864273,0.009770404902319507
main,discrete,3,random_nominal,qmix_reference,qmix_no_mixer_shared,7,7,7,E3_test_000,True,True,True,False,0,630.0,630.0,26.962814095610426,-0.35305245872775615,0.014680060871344769
main,discrete,3,random_nominal,qmix_reference,qmix_no_mixer_shared,7,7,7,E3_test_001,True,True,True,False,0,1350.0,1350.0,236.10770664442833,0.3192513642690571,0.027993358997551177
main,discrete,3,random_nominal,qmix_reference,qmix_no_mixer_shared,7,7,7,E3_test_002,True,True,True,False,0,990.0,990.0,160.17898755966706,0.2709855744631753,0.021772612553641824
main,discrete,3,random_nominal,qmix_reference,qmix_no_mixer_shared,7,7,7,E3_test_003,True,True,True,False,0,1080.0,1080.0,195.42626074846453,0.25721900898165373,0.015551866109748791
main,discrete,3,random_nominal,qmix_reference,qmix_no_mixer_shared,7,7,7,E3_test_004,True,True,True,False,0,630.0,630.0,71.79087074774472,-0.2543488115800585,0.0031103732219629476
main,discrete,3,random_nominal,qmix_reference,qmix_no_mixer_shared,7,7,7,E3_test_005,True,True,True,False,0,1440.0,1440.0,294.63115152346734,0.15197988848016664,0.02177261255364682
main,discrete,3,random_nominal,qmix_reference,qmix_no_mixer_shared,7,7,7,E3_test_006,True,True,True,False,0,1620.0,1620.0,253.78875788326638,0.01569390300754847,0.021772612553648596
main,discrete,3,random_nominal,qmix_reference,qmix_no_mixer_shared,7,7,7,E3_test_007,True,True,True,False,0,1350.0,1350.0,237.81159722590345,0.23473415190155222,0.021772612553636717
main,discrete,3,random_nominal,qmix_reference,qmix_no_mixer_shared,7,7,7,E3_test_008,True,True,True,False,0,1080.0,1080.0,172.8097291922674,0.05343023631367316,0.00880803652279094
main,discrete,3,random_nominal,qmix_reference,qmix_no_mixer_shared,7,7,7,E3_test_009,True,True,True,False,0,1170.0,1170.0,138.86226306154805,0.1441319662424334,0.03732447866338229
main,discrete,3,random_nominal,qmix_reference,qmix_no_mixer_shared,7,7,7,E3_test_010,True,True,True,False,0,1350.0,1350.0,203.7345788866653,0.5224471840206419,0.03732447866340083
main,discrete,3,random_nominal,qmix_reference,qmix_no_mixer_shared,7,7,7,E3_test_011,True,True,True,False,0,360.0,360.0,27.75927707394922,-0.01819346985999104,0.0031103732219728286
main,discrete,3,random_nominal,qmix_reference,qmix_no_mixer_shared,17,17,17,E3_test_000,True,True,True,False,0,-2340.0,-2340.0,-126.8174095740232,-0.9467745139513113,0.043545225107260555
main,discrete,3,random_nominal,qmix_reference,qmix_no_mixer_shared,17,17,17,E3_test_001,True,True,True,False,0,-2520.0,-2520.0,-183.20852967136017,0.006837816929031959,0.006513603268375134
main,discrete,3,random_nominal,qmix_reference,qmix_no_mixer_shared,17,17,17,E3_test_002,True,True,True,False,0,-990.0,-990.0,-37.63621431675108,-0.12934056668871818,0.009331119665860643
main,discrete,3,random_nominal,qmix_reference,qmix_no_mixer_shared,17,17,17,E3_test_003,True,True,True,False,0,-2700.0,-2700.0,-172.8597861351461,0.02994870435048469,0.006513603268359591
main,discrete,3,random_nominal,qmix_reference,qmix_no_mixer_shared,17,17,17,E3_test_004,True,True,True,False,0,-2160.0,-2160.0,-167.87862185583106,-0.23801494834330583,0.04043485188532803
main,discrete,3,random_nominal,qmix_reference,qmix_no_mixer_shared,17,17,17,E3_test_005,True,True,True,False,0,-2250.0,-2250.0,-154.29157707310452,0.0900598898154712,1.000310945187266e-13
main,discrete,3,random_nominal,qmix_reference,qmix_no_mixer_shared,17,17,17,E3_test_006,True,True,True,False,0,-1800.0,-1800.0,-41.779987621344276,0.5647348831356069,0.045595222877377495
main,discrete,3,random_nominal,qmix_reference,qmix_no_mixer_shared,17,17,17,E3_test_007,True,True,True,False,0,-2340.0,-2340.0,-162.73974717873583,0.11999665846022367,1.056932319443149e-13
main,discrete,3,random_nominal,qmix_reference,qmix_no_mixer_shared,17,17,17,E3_test_008,True,True,True,False,0,-1260.0,-1260.0,19.037206967479733,0.48983858314893425,0.032568016340901784
main,discrete,3,random_nominal,qmix_reference,qmix_no_mixer_shared,17,17,17,E3_test_009,True,True,True,False,0,-2250.0,-2250.0,-169.1261677557183,-0.1826614049166082,0.012441492887882322
main,discrete,3,random_nominal,qmix_reference,qmix_no_mixer_shared,17,17,17,E3_test_010,True,True,True,False,0,-1800.0,-1800.0,-86.04450312179375,-0.3149771284438323,0.027993358997596807
main,discrete,3,random_nominal,qmix_reference,qmix_no_mixer_shared,17,17,17,E3_test_011,True,True,True,False,0,-1080.0,-1080.0,-23.91559424819019,0.27294915244104345,0.03256801634093365
main,discrete,3,random_nominal,qmix_reference,qmix_no_mixer_shared,27,27,27,E3_test_000,True,True,True,False,0,-90.0,-90.0,4.47063421127676,-0.4271335969041772,0.029360121742675882
main,discrete,3,random_nominal,qmix_reference,qmix_no_mixer_shared,27,27,27,E3_test_001,True,True,True,False,0,-180.0,-180.0,-39.26659727845947,-0.42405445059079483,0.011744048697081455
main,discrete,3,random_nominal,qmix_reference,qmix_no_mixer_shared,27,27,27,E3_test_002,True,True,True,False,0,360.0,360.0,38.4993205375504,0.3874314901177627,0.021772612553632276
main,discrete,3,random_nominal,qmix_reference,qmix_no_mixer_shared,27,27,27,E3_test_003,True,True,True,False,0,-90.0,-90.0,-23.846441259410312,-0.32911581155348557,0.011744048697053477
main,discrete,3,random_nominal,qmix_reference,qmix_no_mixer_shared,27,27,27,E3_test_004,True,True,True,False,0,-360.0,-360.0,-36.55385433008209,-0.4011207980386402,0.0124414928877713
main,discrete,3,random_nominal,qmix_reference,qmix_no_mixer_shared,27,27,27,E3_test_005,True,True,True,False,0,-90.0,-90.0,-30.482785247469508,-0.009691901040895345,1.8207657603852567e-14
main,discrete,3,random_nominal,qmix_reference,qmix_no_mixer_shared,27,27,27,E3_test_006,True,True,True,False,0,180.0,180.0,32.81077340428399,0.2735691396687727,0.018662239331679764
main,discrete,3,random_nominal,qmix_reference,qmix_no_mixer_shared,27,27,27,E3_test_007,True,True,True,False,0,-180.0,-180.0,-35.89735905192393,-0.3782634927760249,0.009770404902285645
main,discrete,3,random_nominal,qmix_reference,qmix_no_mixer_shared,27,27,27,E3_test_008,True,True,True,False,0,450.0,450.0,50.99678463841906,0.3375793380631116,0.009331119665917043
main,discrete,3,random_nominal,qmix_reference,qmix_no_mixer_shared,27,27,27,E3_test_009,True,True,True,False,0,0.0,0.0,-34.35004568069215,0.05900842921992577,0.012441492887786176
main,discrete,3,random_nominal,qmix_reference,qmix_no_mixer_shared,27,27,27,E3_test_010,True,True,True,False,0,270.0,270.0,33.69435517400663,0.41375995153271106,0.03732447866335631
main,discrete,3,random_nominal,qmix_reference,qmix_no_mixer_shared,27,27,27,E3_test_011,True,True,True,False,0,-180.0,-180.0,-2.4747615091203556,-0.3132917561337436,0.006513603268215151
main,discrete,3,random_nominal,qmix_reference,qmix_no_mixer_shared,37,37,37,E3_test_000,True,True,True,False,0,90.0,90.0,16.497217240910402,0.5298085894283382,0.024882985775562916
main,discrete,3,random_nominal,qmix_reference,qmix_no_mixer_shared,37,37,37,E3_test_001,True,True,True,False,0,180.0,180.0,69.60902990942324,0.08431374539694758,0.0031103732219487368
main,discrete,3,random_nominal,qmix_reference,qmix_no_mixer_shared,37,37,37,E3_test_002,True,True,True,False,0,0.0,0.0,-0.1284948040733127,0.1031041765288343,0.0031103732218917823
main,discrete,3,random_nominal,qmix_reference,qmix_no_mixer_shared,37,37,37,E3_test_003,True,True,True,False,0,270.0,270.0,49.81084832920351,-0.03625278026230205,0.0032568016340868144
main,discrete,3,random_nominal,qmix_reference,qmix_no_mixer_shared,37,37,37,E3_test_004,True,True,True,False,0,-270.0,-270.0,-47.167914210829295,-0.44556604324523263,0.016284008170520115
main,discrete,3,random_nominal,qmix_reference,qmix_no_mixer_shared,37,37,37,E3_test_005,True,True,True,False,0,90.0,90.0,56.098677515033614,0.05128297095196643,7.582823258189819e-14
main,discrete,3,random_nominal,qmix_reference,qmix_no_mixer_shared,37,37,37,E3_test_006,True,True,True,False,0,-270.0,-270.0,-28.5961547800959,0.10203927079259145,0.0029360121742575407
main,discrete,3,random_nominal,qmix_reference,qmix_no_mixer_shared,37,37,37,E3_test_007,True,True,True,False,0,180.0,180.0,67.14168367594161,0.025988527029348063,1.9539925233402755e-14
main,discrete,3,random_nominal,qmix_reference,qmix_no_mixer_shared,37,37,37,E3_test_008,True,True,True,False,0,0.0,0.0,-4.894933089294085,0.0069219446947599295,1.9984014443252818e-14
main,discrete,3,random_nominal,qmix_reference,qmix_no_mixer_shared,37,37,37,E3_test_009,True,True,True,False,0,180.0,180.0,51.80988167282055,0.3619454898665069,0.015551866109724033
main,discrete,3,random_nominal,qmix_reference,qmix_no_mixer_shared,37,37,37,E3_test_010,True,True,True,False,0,-180.0,-180.0,-24.062224493401743,0.17577578199975008,0.006220746443908465
main,discrete,3,random_nominal,qmix_reference,qmix_no_mixer_shared,37,37,37,E3_test_011,True,True,True,False,0,-90.0,-90.0,-15.102946411920541,-0.05736779112247703,0.008808036522787832
main,discrete,3,random_nominal,qmix_reference,qmix_no_mixer_shared,47,47,47,E3_test_000,True,True,True,False,0,360.0,360.0,50.61588824165628,-0.32302781801797664,0.0217726125535862
main,discrete,3,random_nominal,qmix_reference,qmix_no_mixer_shared,47,47,47,E3_test_001,True,True,True,False,0,630.0,630.0,52.15996840413035,0.4596800468021698,0.013027206536426528
main,discrete,3,random_nominal,qmix_reference,qmix_no_mixer_shared,47,47,47,E3_test_002,True,True,True,False,0,450.0,450.0,84.99147539858149,-0.10508915086993298,1.199040866595169e-14
main,discrete,3,random_nominal,qmix_reference,qmix_no_mixer_shared,47,47,47,E3_test_003,True,True,True,False,0,360.0,360.0,37.06166781747484,0.4953992655459416,0.014680060871333445
main,discrete,3,random_nominal,qmix_reference,qmix_no_mixer_shared,47,47,47,E3_test_004,True,True,True,False,0,900.0,900.0,141.15114599904715,0.2820592849337302,0.01302720653640066
main,discrete,3,random_nominal,qmix_reference,qmix_no_mixer_shared,47,47,47,E3_test_005,True,True,True,False,0,540.0,540.0,69.02276741027438,-0.04941877698821173,0.006513603268199053
main,discrete,3,random_nominal,qmix_reference,qmix_no_mixer_shared,47,47,47,E3_test_006,True,True,True,False,0,810.0,810.0,115.4937759126783,-0.3061482676938425,5.617728504603292e-14
main,discrete,3,random_nominal,qmix_reference,qmix_no_mixer_shared,47,47,47,E3_test_007,True,True,True,False,0,450.0,450.0,45.75251949531392,0.0651441870153846,0.005872024348516858
main,discrete,3,random_nominal,qmix_reference,qmix_no_mixer_shared,47,47,47,E3_test_008,True,True,True,False,0,450.0,450.0,90.33908429288428,-0.1357220731458142,0.0029360121742469936
main,discrete,3,random_nominal,qmix_reference,qmix_no_mixer_shared,47,47,47,E3_test_009,True,True,True,False,0,540.0,540.0,44.16835753207535,0.13710336410822066,0.020552085219883942
main,discrete,3,random_nominal,qmix_reference,qmix_no_mixer_shared,47,47,47,E3_test_010,True,True,True,False,0,540.0,540.0,111.05319782269737,-0.4752895305356297,0.012441492887790617
main,discrete,3,random_nominal,qmix_reference,qmix_no_mixer_shared,47,47,47,E3_test_011,True,True,True,False,0,540.0,540.0,82.12401788677306,0.329332787722187,0.009770404902303631
main,discrete,3,random_nominal,qmix_reference,qmix_static_mixer,7,7,7,E3_test_000,True,True,True,False,0,-90.0,-90.0,-60.04845964469308,-0.18465993877149245,0.01954080980459616
main,discrete,3,random_nominal,qmix_reference,qmix_static_mixer,7,7,7,E3_test_001,True,True,True,False,0,90.0,90.0,34.905923152655475,0.42768586395458996,0.0186622393316781
main,discrete,3,random_nominal,qmix_reference,qmix_static_mixer,7,7,7,E3_test_002,True,True,True,False,0,90.0,90.0,6.093241918159492,0.4974377892649464,0.02177261255361085
main,discrete,3,random_nominal,qmix_reference,qmix_static_mixer,7,7,7,E3_test_003,True,True,True,False,0,270.0,270.0,53.63279894782218,0.3159011276012116,0.015551866109738133
main,discrete,3,random_nominal,qmix_reference,qmix_static_mixer,7,7,7,E3_test_004,True,True,True,False,0,-360.0,-360.0,-86.09059720579893,-0.10643480751176071,0.0065136032682167055
main,discrete,3,random_nominal,qmix_reference,qmix_static_mixer,7,7,7,E3_test_005,True,True,True,False,0,180.0,180.0,36.38291003012054,0.5694592079172303,0.021772612553627724
main,discrete,3,random_nominal,qmix_reference,qmix_static_mixer,7,7,7,E3_test_006,True,True,True,False,0,0.0,0.0,-20.571551044609464,0.40026126651359206,0.015551866109721035
main,discrete,3,random_nominal,qmix_reference,qmix_static_mixer,7,7,7,E3_test_007,True,True,True,False,0,90.0,90.0,40.735736111021964,0.48285092754976233,0.02177261255358809
main,discrete,3,random_nominal,qmix_reference,qmix_static_mixer,7,7,7,E3_test_008,True,True,True,False,0,0.0,0.0,-11.897472918860728,0.0676182023440326,0.003256801634095585
main,discrete,3,random_nominal,qmix_reference,qmix_static_mixer,7,7,7,E3_test_009,True,True,True,False,0,-90.0,-90.0,4.246053046515897,0.07707239493129947,0.016284008170509012
main,discrete,3,random_nominal,qmix_reference,qmix_static_mixer,7,7,7,E3_test_010,True,True,True,False,0,0.0,0.0,-36.676102355917465,0.4495220687784709,0.015551866109730916
main,discrete,3,random_nominal,qmix_reference,qmix_static_mixer,7,7,7,E3_test_011,True,True,True,False,0,-180.0,-180.0,-43.82142220526093,-0.2797591754698683,0.013027206536379121
main,discrete,3,random_nominal,qmix_reference,qmix_static_mixer,17,17,17,E3_test_000,True,True,True,False,0,-2070.0,-2070.0,-83.01469685077689,-0.18597165422302453,0.04043485188532436
main,discrete,3,random_nominal,qmix_reference,qmix_static_mixer,17,17,17,E3_test_001,True,True,True,False,0,-1980.0,-1980.0,-92.55908765536958,0.010718662670154089,1.4077627952246985e-13
main,discrete,3,random_nominal,qmix_reference,qmix_static_mixer,17,17,17,E3_test_002,True,True,True,False,0,-900.0,-900.0,-18.67905804121233,-0.06272385606363073,0.006220746443865499
main,discrete,3,random_nominal,qmix_reference,qmix_static_mixer,17,17,17,E3_test_003,True,True,True,False,0,-2340.0,-2340.0,-116.62081606575222,0.011663955748709043,0.003256801634288209
main,discrete,3,random_nominal,qmix_reference,qmix_static_mixer,17,17,17,E3_test_004,True,True,True,False,0,-1620.0,-1620.0,-50.92180882665065,0.0475518495949494,0.04233842124323062
main,discrete,3,random_nominal,qmix_reference,qmix_static_mixer,17,17,17,E3_test_005,True,True,True,False,0,-1710.0,-1710.0,-63.3086854916379,0.03413497260950038,0.00325680163402986
main,discrete,3,random_nominal,qmix_reference,qmix_static_mixer,17,17,17,E3_test_006,True,True,True,False,0,-1260.0,-1260.0,76.80649419333406,0.3622435883424373,0.04559522287736284
main,discrete,3,random_nominal,qmix_reference,qmix_static_mixer,17,17,17,E3_test_007,True,True,True,False,0,-1890.0,-1890.0,-81.03303966296255,0.08351149380503031,0.003256801634133444
main,discrete,3,random_nominal,qmix_reference,qmix_static_mixer,17,17,17,E3_test_008,True,True,True,False,0,-1170.0,-1170.0,24.931642760837292,0.4940497567471702,0.0325680163408687
main,discrete,3,random_nominal,qmix_reference,qmix_static_mixer,17,17,17,E3_test_009,True,True,True,False,0,-1710.0,-1710.0,-58.69540091682387,-0.024485853355294296,0.0032568016340619454
main,discrete,3,random_nominal,qmix_reference,qmix_static_mixer,17,17,17,E3_test_010,True,True,True,False,0,-1440.0,-1440.0,-5.808793760362107,-0.421547036997552,0.02799335899755362
main,discrete,3,random_nominal,qmix_reference,qmix_static_mixer,17,17,17,E3_test_011,True,True,True,False,0,-810.0,-810.0,-0.06562203109083953,0.7483589193246392,0.04559522287734186
main,discrete,3,random_nominal,qmix_reference,qmix_static_mixer,27,27,27,E3_test_000,True,True,True,False,0,-270.0,-270.0,-45.75443710393675,-0.6575062319674387,0.02605441307278389
main,discrete,3,random_nominal,qmix_reference,qmix_static_mixer,27,27,27,E3_test_001,True,True,True,False,0,-90.0,-90.0,-27.17225326709874,0.12166502039640292,0.0031103732219626146
main,discrete,3,random_nominal,qmix_reference,qmix_static_mixer,27,27,27,E3_test_002,True,True,True,False,0,-90.0,-90.0,-6.05108030001179,0.09708996730854835,0.003110373221940077
main,discrete,3,random_nominal,qmix_reference,qmix_static_mixer,27,27,27,E3_test_003,True,True,True,False,0,-90.0,-90.0,-16.959549606993676,-0.07017188700073262,0.005872024348526406
main,discrete,3,random_nominal,qmix_reference,qmix_static_mixer,27,27,27,E3_test_004,True,True,True,False,0,-450.0,-450.0,-54.575765647524804,-0.4368044044140973,0.022797611438699517
main,discrete,3,random_nominal,qmix_reference,qmix_static_mixer,27,27,27,E3_test_005,True,True,True,False,0,-180.0,-180.0,-40.10464116369775,0.06655667814386845,3.674838211509268e-14
main,discrete,3,random_nominal,qmix_reference,qmix_static_mixer,27,27,27,E3_test_006,True,True,True,False,0,-270.0,-270.0,-62.28150454444554,0.030571074327422565,0.0058720243485506085
main,discrete,3,random_nominal,qmix_reference,qmix_static_mixer,27,27,27,E3_test_007,True,True,True,False,0,-180.0,-180.0,-28.66575189494398,-0.0450226140257719,0.006513603268197832
main,discrete,3,random_nominal,qmix_reference,qmix_static_mixer,27,27,27,E3_test_008,True,True,True,False,0,-90.0,-90.0,-10.065604582555608,-0.01934823391815499,0.006513603268198387
main,discrete,3,random_nominal,qmix_reference,qmix_static_mixer,27,27,27,E3_test_009,True,True,True,False,0,-180.0,-180.0,-51.95878142244632,0.05755150217258276,0.011744048697069354
main,discrete,3,random_nominal,qmix_reference,qmix_static_mixer,27,27,27,E3_test_010,True,True,True,False,0,-180.0,-180.0,-34.42694020472234,0.2081016096902495,0.015551866109709489
main,discrete,3,random_nominal,qmix_reference,qmix_static_mixer,27,27,27,E3_test_011,True,True,True,False,0,-270.0,-270.0,-22.51108451453935,-0.2792143068580817,0.013027206536415314
main,discrete,3,random_nominal,qmix_reference,qmix_static_mixer,37,37,37,E3_test_000,True,True,True,False,0,-180.0,-180.0,-24.50650176775406,0.21049710570892444,0.011744048697050924
main,discrete,3,random_nominal,qmix_reference,qmix_static_mixer,37,37,37,E3_test_001,True,True,True,False,0,-270.0,-270.0,-27.321630444741658,0.12079496570622439,2.6201263381153694e-14
main,discrete,3,random_nominal,qmix_reference,qmix_static_mixer,37,37,37,E3_test_002,True,True,True,False,0,-360.0,-360.0,-47.71602195695121,-0.12902290595931376,0.006220746443936442
main,discrete,3,random_nominal,qmix_reference,qmix_static_mixer,37,37,37,E3_test_003,True,True,True,False,0,-180.0,-180.0,-18.530034945616734,0.08012411409477593,1.7208456881689926e-14
main,discrete,3,random_nominal,qmix_reference,qmix_static_mixer,37,37,37,E3_test_004,True,True,True,False,0,-270.0,-270.0,-27.486901884721505,-0.0012595497172043224,0.006513603268223811
main,discrete,3,random_nominal,qmix_reference,qmix_static_mixer,37,37,37,E3_test_005,True,True,True,False,0,-270.0,-270.0,-44.254763767746425,0.1501759305234458,0.003256801634114015
main,discrete,3,random_nominal,qmix_reference,qmix_static_mixer,37,37,37,E3_test_006,True,True,True,False,0,-360.0,-360.0,-48.8270880533878,0.049433991528161414,0.0031103732219376345
main,discrete,3,random_nominal,qmix_reference,qmix_static_mixer,37,37,37,E3_test_007,True,True,True,False,0,-270.0,-270.0,-29.936166553429814,0.10292799047738654,1.199040866595169e-14
main,discrete,3,random_nominal,qmix_reference,qmix_static_mixer,37,37,37,E3_test_008,True,True,True,False,0,-360.0,-360.0,-40.3628061177175,-0.1292789118336799,0.005872024348538396
main,discrete,3,random_nominal,qmix_reference,qmix_static_mixer,37,37,37,E3_test_009,True,True,True,False,0,-270.0,-270.0,-16.269931475619785,0.042094246703115346,0.003256801634119233
main,discrete,3,random_nominal,qmix_reference,qmix_static_mixer,37,37,37,E3_test_010,True,True,True,False,0,-360.0,-360.0,-62.40274879963803,0.018961523488588483,0.0062207464438973625
main,discrete,3,random_nominal,qmix_reference,qmix_static_mixer,37,37,37,E3_test_011,True,True,True,False,0,-90.0,-90.0,-11.480804713175232,0.15955212667014962,0.003256801634094919
main,discrete,3,random_nominal,qmix_reference,qmix_static_mixer,47,47,47,E3_test_000,True,True,True,False,0,0.0,0.0,-4.7974397485345435,0.015991528954049983,2.5757174171303632e-14
main,discrete,3,random_nominal,qmix_reference,qmix_static_mixer,47,47,47,E3_test_001,True,True,True,False,0,180.0,180.0,22.753666587744362,0.3202536582557798,0.008808036522828355
main,discrete,3,random_nominal,qmix_reference,qmix_static_mixer,47,47,47,E3_test_002,True,True,True,False,0,-270.0,-270.0,-33.342622104095625,-0.2251218078896322,0.008808036522807039
main,discrete,3,random_nominal,qmix_reference,qmix_static_mixer,47,47,47,E3_test_003,True,True,True,False,0,90.0,90.0,15.42593349381201,0.2791776692013812,0.009331119665855203
main,discrete,3,random_nominal,qmix_reference,qmix_static_mixer,47,47,47,E3_test_004,True,True,True,False,0,90.0,90.0,7.805260175265147,0.10295073833347956,0.0032568016340821515
main,discrete,3,random_nominal,qmix_reference,qmix_static_mixer,47,47,47,E3_test_005,True,True,True,False,0,180.0,180.0,17.97110060652608,0.083193509106529,0.006513603268177959
main,discrete,3,random_nominal,qmix_reference,qmix_static_mixer,47,47,47,E3_test_006,True,True,True,False,0,90.0,90.0,4.797250866003651,-0.08533312154582262,0.0029360121742577627
main,discrete,3,random_nominal,qmix_reference,qmix_static_mixer,47,47,47,E3_test_007,True,True,True,False,0,90.0,90.0,11.909352022017828,0.27103908632517815,0.006513603268193946
main,discrete,3,random_nominal,qmix_reference,qmix_static_mixer,47,47,47,E3_test_008,True,True,True,False,0,-180.0,-180.0,-31.349183489315323,-0.009202688219652089,0.002936012174259317
main,discrete,3,random_nominal,qmix_reference,qmix_static_mixer,47,47,47,E3_test_009,True,True,True,False,0,90.0,90.0,20.002753412165248,0.3084354740446642,0.011744048697104659
main,discrete,3,random_nominal,qmix_reference,qmix_static_mixer,47,47,47,E3_test_010,True,True,True,False,0,-90.0,-90.0,-17.932732612589803,-0.26348666359297823,0.009331119665852317
main,discrete,3,random_nominal,qmix_reference,qmix_static_mixer,47,47,47,E3_test_011,True,True,True,False,0,180.0,180.0,18.15794498468418,0.34313842275186346,0.008808036522774954
main,discrete,3,random_nominal,qmix_reference,qmix_unshared,7,7,7,E3_test_000,True,True,True,False,0,-90.0,-90.0,-55.46767786226016,-0.14201866333765167,0.019540809804609705
main,discrete,3,random_nominal,qmix_reference,qmix_unshared,7,7,7,E3_test_001,True,True,True,False,0,720.0,720.0,134.17644720942707,0.6092353269361297,0.02799335899753086
main,discrete,3,random_nominal,qmix_reference,qmix_unshared,7,7,7,E3_test_002,True,True,True,False,0,-270.0,-270.0,-66.10202738882785,0.041543049379207275,0.003256801634114348
main,discrete,3,random_nominal,qmix_reference,qmix_unshared,7,7,7,E3_test_003,True,True,True,False,0,450.0,450.0,102.57127083943698,0.2746278455741482,0.015551866109717039
main,discrete,3,random_nominal,qmix_reference,qmix_unshared,7,7,7,E3_test_004,True,True,True,False,0,-270.0,-270.0,-66.9523526305558,-0.5089813192602115,0.019540809804607928
main,discrete,3,random_nominal,qmix_reference,qmix_unshared,7,7,7,E3_test_005,True,True,True,False,0,720.0,720.0,141.21018720648848,0.32965457180166524,0.021772612553636717
main,discrete,3,random_nominal,qmix_reference,qmix_unshared,7,7,7,E3_test_006,True,True,True,False,0,-360.0,-360.0,-117.76086346881118,-0.5112991222444876,0.018662239331676767
main,discrete,3,random_nominal,qmix_reference,qmix_unshared,7,7,7,E3_test_007,True,True,True,False,0,630.0,630.0,133.43166851350938,0.35818107757813067,0.021772612553632498
main,discrete,3,random_nominal,qmix_reference,qmix_unshared,7,7,7,E3_test_008,True,True,True,False,0,-270.0,-270.0,-53.49325886657314,-0.1727482995062033,0.016284008170499242
main,discrete,3,random_nominal,qmix_reference,qmix_unshared,7,7,7,E3_test_009,True,True,True,False,0,450.0,450.0,104.05788887935498,0.4759300320011448,0.04043485188529661
main,discrete,3,random_nominal,qmix_reference,qmix_unshared,7,7,7,E3_test_010,True,True,True,False,0,-180.0,-180.0,-74.94336343934577,0.31843295034886765,0.02055208521988916
main,discrete,3,random_nominal,qmix_reference,qmix_unshared,7,7,7,E3_test_011,True,True,True,False,0,-90.0,-90.0,-34.0361405040351,-0.06199094053641119,0.006513603268193391
main,discrete,3,random_nominal,qmix_reference,qmix_unshared,17,17,17,E3_test_000,True,True,True,False,0,-2430.0,-2430.0,-103.15652416901848,-1.077388178418321,0.046655598329207626
main,discrete,3,random_nominal,qmix_reference,qmix_unshared,17,17,17,E3_test_001,True,True,True,False,0,-2970.0,-2970.0,-276.1095672386153,-0.6048733634813352,0.02488298577565362
main,discrete,3,random_nominal,qmix_reference,qmix_unshared,17,17,17,E3_test_002,True,True,True,False,0,-1170.0,-1170.0,-62.453506436487714,-0.28576139564944114,0.027993358997493334
main,discrete,3,random_nominal,qmix_reference,qmix_unshared,17,17,17,E3_test_003,True,True,True,False,0,-3060.0,-3060.0,-241.0877120571434,-0.4627307832350738,0.0130272065365582
main,discrete,3,random_nominal,qmix_reference,qmix_unshared,17,17,17,E3_test_004,True,True,True,False,0,-2250.0,-2250.0,-179.50478633752303,0.0027023363567799663,0.04043485188533924
main,discrete,3,random_nominal,qmix_reference,qmix_unshared,17,17,17,E3_test_005,True,True,True,False,0,-2700.0,-2700.0,-253.02967299588565,0.033688980929859724,0.009331119665887955
main,discrete,3,random_nominal,qmix_reference,qmix_unshared,17,17,17,E3_test_006,True,True,True,False,0,-2250.0,-2250.0,-104.0167524039029,0.177641000746533,0.042338421243251156
main,discrete,3,random_nominal,qmix_reference,qmix_unshared,17,17,17,E3_test_007,True,True,True,False,0,-2790.0,-2790.0,-256.3865642529893,-0.2815842930964507,0.015551866109780321
main,discrete,3,random_nominal,qmix_reference,qmix_unshared,17,17,17,E3_test_008,True,True,True,False,0,-1440.0,-1440.0,-27.136080064152424,0.4788832143297057,0.0325680163408858
main,discrete,3,random_nominal,qmix_reference,qmix_unshared,17,17,17,E3_test_009,True,True,True,False,0,-2610.0,-2610.0,-250.40287488681113,-0.5333845300514106,0.024882985775688815
main,discrete,3,random_nominal,qmix_reference,qmix_unshared,17,17,17,E3_test_010,True,True,True,False,0,-2160.0,-2160.0,-143.59484971207843,-0.4282322185320666,0.043545225107303964
main,discrete,3,random_nominal,qmix_reference,qmix_unshared,17,17,17,E3_test_011,True,True,True,False,0,-990.0,-990.0,-18.956437808825896,0.804264365651802,0.04559522287733009
main,discrete,3,random_nominal,qmix_reference,qmix_unshared,27,27,27,E3_test_000,True,True,True,False,0,720.0,720.0,32.450864615637414,-0.42725334087653266,0.03732447866335975
main,discrete,3,random_nominal,qmix_reference,qmix_unshared,27,27,27,E3_test_001,True,True,True,False,0,720.0,720.0,95.25021649193735,0.06732345766023329,0.009331119665886733
main,discrete,3,random_nominal,qmix_reference,qmix_unshared,27,27,27,E3_test_002,True,True,True,False,0,1440.0,1440.0,235.62934298506786,0.35059429056240177,0.02177261255362062
main,discrete,3,random_nominal,qmix_reference,qmix_unshared,27,27,27,E3_test_003,True,True,True,False,0,630.0,630.0,68.63315313507087,0.03027977180175867,0.00622074644382542
main,discrete,3,random_nominal,qmix_reference,qmix_unshared,27,27,27,E3_test_004,True,True,True,False,0,270.0,270.0,13.093581187981414,-0.9428765121125515,0.03582481797505066
main,discrete,3,random_nominal,qmix_reference,qmix_unshared,27,27,27,E3_test_005,True,True,True,False,0,720.0,720.0,136.51987477948367,-0.08395733721707188,6.350475700855895e-14
main,discrete,3,random_nominal,qmix_reference,qmix_unshared,27,27,27,E3_test_006,True,True,True,False,0,90.0,90.0,-56.11091917263258,-1.3431914031627699,0.03908161960918044
main,discrete,3,random_nominal,qmix_reference,qmix_unshared,27,27,27,E3_test_007,True,True,True,False,0,990.0,990.0,127.77332011469466,-0.14655332703175716,0.0032568016340668304
main,discrete,3,random_nominal,qmix_reference,qmix_unshared,27,27,27,E3_test_008,True,True,True,False,0,1440.0,1440.0,207.09375273831688,0.13843402523238524,0.009331119665984766
main,discrete,3,random_nominal,qmix_reference,qmix_unshared,27,27,27,E3_test_009,True,True,True,False,0,720.0,720.0,25.965413597046762,-0.005156453768503155,0.02488298577557313
main,discrete,3,random_nominal,qmix_reference,qmix_unshared,27,27,27,E3_test_010,True,True,True,False,0,1530.0,1530.0,270.4115912463644,0.31190771201057643,0.04354522510726255
main,discrete,3,random_nominal,qmix_reference,qmix_unshared,27,27,27,E3_test_011,True,True,True,False,0,270.0,270.0,34.637138499311945,-0.6869852946541108,0.03908161960917089
main,discrete,3,random_nominal,qmix_reference,qmix_unshared,37,37,37,E3_test_000,True,True,True,False,0,1260.0,1260.0,16.055582657676382,1.3293777759385783,0.04697619478820114
main,discrete,3,random_nominal,qmix_reference,qmix_unshared,37,37,37,E3_test_001,True,True,True,False,0,2250.0,2250.0,173.88129102468238,0.15978595332862966,0.006513603268277657
main,discrete,3,random_nominal,qmix_reference,qmix_unshared,37,37,37,E3_test_002,True,True,True,False,0,90.0,90.0,-6.000691384707011,-0.1725096653265119,0.009770404902314844
main,discrete,3,random_nominal,qmix_reference,qmix_unshared,37,37,37,E3_test_003,True,True,True,False,0,1890.0,1890.0,141.71324195831312,0.03869638062225178,0.0029360121741870415
main,discrete,3,random_nominal,qmix_reference,qmix_unshared,37,37,37,E3_test_004,True,True,True,False,0,990.0,990.0,43.82920243271508,0.15168717031477286,0.04043485188531726
main,discrete,3,random_nominal,qmix_reference,qmix_unshared,37,37,37,E3_test_005,True,True,True,False,0,2520.0,2520.0,235.79946827388426,0.0656844070980327,0.0032568016341815165
main,discrete,3,random_nominal,qmix_reference,qmix_unshared,37,37,37,E3_test_006,True,True,True,False,0,450.0,450.0,76.16297453455769,-0.4965770991690768,0.02931121470694964
main,discrete,3,random_nominal,qmix_reference,qmix_unshared,37,37,37,E3_test_007,True,True,True,False,0,1890.0,1890.0,143.51400804295352,0.04993754117093374,0.0032568016341570916
main,discrete,3,random_nominal,qmix_reference,qmix_unshared,37,37,37,E3_test_008,True,True,True,False,0,450.0,450.0,10.460695058832812,-0.35441541061783255,0.045595222877378716
main,discrete,3,random_nominal,qmix_reference,qmix_unshared,37,37,37,E3_test_009,True,True,True,False,0,2340.0,2340.0,183.13175105143904,0.36853761761002346,0.01555186610977155
main,discrete,3,random_nominal,qmix_reference,qmix_unshared,37,37,37,E3_test_010,True,True,True,False,0,270.0,270.0,-2.1516484763562858,-0.17246016834378253,0.019540809804601378
main,discrete,3,random_nominal,qmix_reference,qmix_unshared,37,37,37,E3_test_011,True,True,True,False,0,900.0,900.0,35.83183027066757,0.5634032214459417,0.049765971551137156
main,discrete,3,random_nominal,qmix_reference,qmix_unshared,47,47,47,E3_test_000,True,False,False,False,-1,3510.0,,,,
main,discrete,3,random_nominal,qmix_reference,qmix_unshared,47,47,47,E3_test_001,True,False,False,False,-1,3510.0,,,,
main,discrete,3,random_nominal,qmix_reference,qmix_unshared,47,47,47,E3_test_002,True,False,False,False,-1,3240.0,,,,
main,discrete,3,random_nominal,qmix_reference,qmix_unshared,47,47,47,E3_test_003,True,False,False,False,-1,3690.0,,,,
main,discrete,3,random_nominal,qmix_reference,qmix_unshared,47,47,47,E3_test_004,True,False,False,False,-1,3600.0,,,,
main,discrete,3,random_nominal,qmix_reference,qmix_unshared,47,47,47,E3_test_005,True,False,False,False,-1,3330.0,,,,
main,discrete,3,random_nominal,qmix_reference,qmix_unshared,47,47,47,E3_test_006,True,False,False,False,-1,2880.0,,,,
main,discrete,3,random_nominal,qmix_reference,qmix_unshared,47,47,47,E3_test_007,True,False,False,False,-1,3420.0,,,,
main,discrete,3,random_nominal,qmix_reference,qmix_unshared,47,47,47,E3_test_008,True,False,False,False,-1,3240.0,,,,
main,discrete,3,random_nominal,qmix_reference,qmix_unshared,47,47,47,E3_test_009,True,False,False,False,-1,3420.0,,,,
main,discrete,3,random_nominal,qmix_reference,qmix_unshared,47,47,47,E3_test_010,True,False,False,False,-1,3150.0,,,,
main,discrete,3,random_nominal,qmix_reference,qmix_unshared,47,47,47,E3_test_011,True,False,False,False,-1,3960.0,,,,
main,discrete,3,random_nominal,qmix_reference,qmix_vdn,7,7,7,E3_test_000,True,True,True,False,0,0.0,0.0,-15.404170834165384,-0.02858504892147451,0.0032568016341066874
main,discrete,3,random_nominal,qmix_reference,qmix_vdn,7,7,7,E3_test_001,True,True,True,False,0,630.0,630.0,156.51069812475555,0.5453137169576792,0.027993358997563278
main,discrete,3,random_nominal,qmix_reference,qmix_vdn,7,7,7,E3_test_002,True,True,True,False,0,-90.0,-90.0,-12.713659138315165,0.18373065342917627,0.012441492887770744
main,discrete,3,random_nominal,qmix_reference,qmix_vdn,7,7,7,E3_test_003,True,True,True,False,0,270.0,270.0,73.27092028336031,0.3023392646780536,0.015551866109748791
main,discrete,3,random_nominal,qmix_reference,qmix_vdn,7,7,7,E3_test_004,True,True,True,False,0,-90.0,-90.0,-24.621363863215464,-0.09039061911542845,0.0031103732219428526
main,discrete,3,random_nominal,qmix_reference,qmix_vdn,7,7,7,E3_test_005,True,True,True,False,0,630.0,630.0,150.30543169579315,0.3126911760199924,0.021772612553636717
main,discrete,3,random_nominal,qmix_reference,qmix_vdn,7,7,7,E3_test_006,True,True,True,False,0,90.0,90.0,-20.7816162695691,0.0814236693150221,0.006220746443864833
main,discrete,3,random_nominal,qmix_reference,qmix_vdn,7,7,7,E3_test_007,True,True,True,False,0,630.0,630.0,148.89982606502448,0.4274610568003254,0.021772612553611626
main,discrete,3,random_nominal,qmix_reference,qmix_vdn,7,7,7,E3_test_008,True,True,True,False,0,90.0,90.0,1.1919014096226022,0.22669223805984373,0.008808036522824914
main,discrete,3,random_nominal,qmix_reference,qmix_vdn,7,7,7,E3_test_009,True,True,True,False,0,450.0,450.0,102.96052418279174,0.4024268877180148,0.034214105441418674
main,discrete,3,random_nominal,qmix_reference,qmix_vdn,7,7,7,E3_test_010,True,True,True,False,0,0.0,0.0,-12.175181049116134,-0.008333789227243926,2.9976021664879227e-15
main,discrete,3,random_nominal,qmix_reference,qmix_vdn,7,7,7,E3_test_011,True,True,True,False,0,-270.0,-270.0,-43.131874733656716,-0.3402295555672037,0.009770404902307628
main,discrete,3,random_nominal,qmix_reference,qmix_vdn,17,17,17,E3_test_000,True,True,True,False,0,-2160.0,-2160.0,-88.15600026233383,-1.1946502709347833,0.0497659715511688
main,discrete,3,random_nominal,qmix_reference,qmix_vdn,17,17,17,E3_test_001,True,True,True,False,0,-2070.0,-2070.0,-140.41918360744648,-0.1148133692781137,0.006513603268326618
main,discrete,3,random_nominal,qmix_reference,qmix_vdn,17,17,17,E3_test_002,True,True,True,False,0,-360.0,-360.0,39.80952836069832,0.08669509484698068,0.005872024348562932
main,discrete,3,random_nominal,qmix_reference,qmix_vdn,17,17,17,E3_test_003,True,True,True,False,0,-2340.0,-2340.0,-136.34369802237427,0.04882809417864209,1.5221157667610896e-13
main,discrete,3,random_nominal,qmix_reference,qmix_vdn,17,17,17,E3_test_004,True,True,True,False,0,-1530.0,-1530.0,-75.9455945859894,0.10006287395162161,0.0423384212432123
main,discrete,3,random_nominal,qmix_reference,qmix_vdn,17,17,17,E3_test_005,True,True,True,False,0,-1800.0,-1800.0,-100.72064836201935,-0.060198908463807044,0.003256801634139883
main,discrete,3,random_nominal,qmix_reference,qmix_vdn,17,17,17,E3_test_006,True,True,True,False,0,-630.0,-630.0,148.54532428358618,0.39962513804631783,0.04559522287741291
main,discrete,3,random_nominal,qmix_reference,qmix_vdn,17,17,17,E3_test_007,True,True,True,False,0,-1980.0,-1980.0,-125.27306704838435,0.019732582615713312,8.237854842718662e-14
main,discrete,3,random_nominal,qmix_reference,qmix_vdn,17,17,17,E3_test_008,True,True,True,False,0,-630.0,-630.0,91.75257801277402,0.636817451806305,0.03908161960913281
main,discrete,3,random_nominal,qmix_reference,qmix_vdn,17,17,17,E3_test_009,True,True,True,False,0,-1800.0,-1800.0,-138.37351736229436,-0.1839619537672803,0.006220746443977854
main,discrete,3,random_nominal,qmix_reference,qmix_vdn,17,17,17,E3_test_010,True,True,True,False,0,-990.0,-990.0,26.422555524635982,-0.13152059222446866,0.003110373222010576
main,discrete,3,random_nominal,qmix_reference,qmix_vdn,17,17,17,E3_test_011,True,True,True,False,0,-900.0,-900.0,-10.77972735088413,0.706967518814066,0.04559522287735318
main,discrete,3,random_nominal,qmix_reference,qmix_vdn,27,27,27,E3_test_000,True,True,True,False,0,-270.0,-270.0,-20.030593866072977,-0.5305446837665428,0.01628400817048925
main,discrete,3,random_nominal,qmix_reference,qmix_vdn,27,27,27,E3_test_001,True,True,True,False,0,0.0,0.0,13.824655371024278,0.12388691937130147,0.006220746443912906
main,discrete,3,random_nominal,qmix_reference,qmix_vdn,27,27,27,E3_test_002,True,True,True,False,0,0.0,0.0,12.188737381403143,0.1768375371649782,0.009331119665833887
main,discrete,3,random_nominal,qmix_reference,qmix_vdn,27,27,27,E3_test_003,True,True,True,False,0,90.0,90.0,17.016439242193172,0.14955894056903674,0.0062207464438422955
main,discrete,3,random_nominal,qmix_reference,qmix_vdn,27,27,27,E3_test_004,True,True,True,False,0,-360.0,-360.0,-35.001800711488215,-0.27293775583505564,0.009770404902294971
main,discrete,3,random_nominal,qmix_reference,qmix_vdn,27,27,27,E3_test_005,True,True,True,False,0,0.0,0.0,17.747595962171687,-0.037402347502776934,0.003256801634084816
main,discrete,3,random_nominal,qmix_reference,qmix_vdn,27,27,27,E3_test_006,True,True,True,False,0,0.0,0.0,7.854409795734256,0.24942556852502307,0.01244149288778218
main,discrete,3,random_nominal,qmix_reference,qmix_vdn,27,27,27,E3_test_007,True,True,True,False,0,0.0,0.0,14.46623634201427,0.059956678842137734,0.0031103732219459612
main,discrete,3,random_nominal,qmix_reference,qmix_vdn,27,27,27,E3_test_008,True,True,True,False,0,0.0,0.0,20.576624302094956,0.11413979948702035,0.006220746443973746
main,discrete,3,random_nominal,qmix_reference,qmix_vdn,27,27,27,E3_test_009,True,True,True,False,0,90.0,90.0,14.783903432080223,0.448626013280947,0.02177261255362506
main,discrete,3,random_nominal,qmix_reference,qmix_vdn,27,27,27,E3_test_010,True,True,True,False,0,-90.0,-90.0,6.831663885638221,0.15560193895015573,0.015551866109718815
main,discrete,3,random_nominal,qmix_reference,qmix_vdn,27,27,27,E3_test_011,True,True,True,False,0,-180.0,-180.0,-11.239866402293401,-0.023846108006491562,0.006513603268215151
main,discrete,3,random_nominal,qmix_reference,qmix_vdn,37,37,37,E3_test_000,True,True,True,False,0,-180.0,-180.0,-34.12621469122536,0.3500496345723114,0.017616073045595426
main,discrete,3,random_nominal,qmix_reference,qmix_vdn,37,37,37,E3_test_001,True,True,True,False,0,-270.0,-270.0,-19.342380705563556,0.15443187046524542,1.6764367671839864e-14
main,discrete,3,random_nominal,qmix_reference,qmix_vdn,37,37,37,E3_test_002,True,True,True,False,0,-450.0,-450.0,-62.61616437647771,-0.14652261975201597,0.009331119665881737
main,discrete,3,random_nominal,qmix_reference,qmix_vdn,37,37,37,E3_test_003,True,True,True,False,0,-180.0,-180.0,-10.782641884926505,0.09929177249906829,1.2545520178264269e-14
main,discrete,3,random_nominal,qmix_reference,qmix_vdn,37,37,37,E3_test_004,True,True,True,False,0,-270.0,-270.0,-30.530042213353966,-0.034279267224523124,0.009770404902327945
main,discrete,3,random_nominal,qmix_reference,qmix_vdn,37,37,37,E3_test_005,True,True,True,False,0,-270.0,-270.0,-34.41167791062634,0.18247868564030512,0.0032568016340972505
main,discrete,3,random_nominal,qmix_reference,qmix_vdn,37,37,37,E3_test_006,True,True,True,False,0,-450.0,-450.0,-70.36494751371927,0.03973225150510018,0.00622074644389381
main,discrete,3,random_nominal,qmix_reference,qmix_vdn,37,37,37,E3_test_007,True,True,True,False,0,-270.0,-270.0,-19.675516939890088,0.1377673465501168,2.1094237467877974e-14
main,discrete,3,random_nominal,qmix_reference,qmix_vdn,37,37,37,E3_test_008,True,True,True,False,0,-450.0,-450.0,-59.72129515885834,-0.20754254469181177,0.006513603268207824
main,discrete,3,random_nominal,qmix_reference,qmix_vdn,37,37,37,E3_test_009,True,True,True,False,0,-270.0,-270.0,-10.044359877087572,0.07540475827044446,0.0032568016341308903
main,discrete,3,random_nominal,qmix_reference,qmix_vdn,37,37,37,E3_test_010,True,True,True,False,0,-450.0,-450.0,-80.21951431659704,-0.042372120110659495,0.012441492887767303
main,discrete,3,random_nominal,qmix_reference,qmix_vdn,37,37,37,E3_test_011,True,True,True,False,0,-180.0,-180.0,-20.669496778588837,-0.03949886069612596,0.005872024348518745
main,discrete,3,random_nominal,qmix_reference,qmix_vdn,47,47,47,E3_test_000,True,True,True,False,0,-180.0,-180.0,-25.610627472371164,-0.1052874133611752,0.024882985775576794
main,discrete,3,random_nominal,qmix_reference,qmix_vdn,47,47,47,E3_test_001,True,True,True,False,0,-90.0,-90.0,-23.65604719420415,0.03781201354760455,0.012441492887772077
main,discrete,3,random_nominal,qmix_reference,qmix_vdn,47,47,47,E3_test_002,True,True,True,False,0,-540.0,-540.0,-72.75617092703376,-0.47394229953316724,0.027993358997505213
main,discrete,3,random_nominal,qmix_reference,qmix_vdn,47,47,47,E3_test_003,True,True,True,False,0,0.0,0.0,7.519709132689158,0.2589519157555493,0.008808036522838347
main,discrete,3,random_nominal,qmix_reference,qmix_vdn,47,47,47,E3_test_004,True,True,True,False,0,0.0,0.0,17.719244092834003,0.06201112067288861,0.003110373221970275
main,discrete,3,random_nominal,qmix_reference,qmix_vdn,47,47,47,E3_test_005,True,True,True,False,0,-270.0,-270.0,-48.73194777690313,-0.2574965596487644,0.015551866109729029
main,discrete,3,random_nominal,qmix_reference,qmix_vdn,47,47,47,E3_test_006,True,True,True,False,0,-540.0,-540.0,-116.75041199359222,-0.4141730060961635,0.024882985775596222
main,discrete,3,random_nominal,qmix_reference,qmix_vdn,47,47,47,E3_test_007,True,True,True,False,0,-180.0,-180.0,-30.625647872980153,-0.008261433534332951,0.012441492887784622
main,discrete,3,random_nominal,qmix_reference,qmix_vdn,47,47,47,E3_test_008,True,True,True,False,0,-540.0,-540.0,-89.58609614005056,-0.3119506168405479,0.009770404902344931
main,discrete,3,random_nominal,qmix_reference,qmix_vdn,47,47,47,E3_test_009,True,True,True,False,0,-180.0,-180.0,3.367803575487571,-0.06460898535699044,0.015551866109721812
main,discrete,3,random_nominal,qmix_reference,qmix_vdn,47,47,47,E3_test_010,True,True,True,False,0,-450.0,-450.0,-70.70374303896813,-0.48617493587622107,0.03732447866337585
main,discrete,3,random_nominal,qmix_reference,qmix_vdn,47,47,47,E3_test_011,True,True,True,False,0,90.0,90.0,24.00383036100672,0.031579516395812135,0.0032568016340873696
