method_id,n_agents,action_kind,test_family,study_panel,initial_condition_family,training_seeds,episodes,safe_success_rate,seed_bootstrap_ci_low,seed_bootstrap_ci_high,constraints_rate,sampled_physical_limits_respected_rate,failed_or_censored,successful_only_mean_charge_s,mean_failure_capped_charge_s,mean_soc_std_integral,mean_intervention_fraction,note
iql_independent,3,discrete,familiar_A_B,main,all,5,10,0.9,0.7,1.0,1.0,1.0,1,2720.0,3015.0,314.85923276829016,0.7814980750250736,Conditional charging time is not a standalone ranking. Discrete and continuous tracks have different action authority.
iql_independent,3,discrete,random_nominal,main,all,5,60,0.9833333333333332,0.95,1.0,1.0,1.0,1,2672.5423728813557,2722.5,234.10989095705506,0.8400630185708119,Conditional charging time is not a standalone ranking. Discrete and continuous tracks have different action authority.
qmix_no_balance_reward,3,discrete,familiar_A_B,main,all,5,10,0.8,0.4,1.0,1.0,1.0,2,3465.0,3906.0,444.6295505917181,0.7108538611983317,Conditional charging time is not a standalone ranking. Discrete and continuous tracks have different action authority.
qmix_no_balance_reward,3,discrete,random_nominal,main,all,5,60,0.8,0.4,1.0,1.0,1.0,12,2544.375,3169.5,326.7617124332655,0.7227435881274064,Conditional charging time is not a standalone ranking. Discrete and continuous tracks have different action authority.
qmix_no_gru,3,discrete,familiar_A_B,main,all,5,10,1.0,1.0,1.0,1.0,1.0,0,2601.0,2601.0,188.41136282808424,0.7645075331542722,Conditional charging time is not a standalone ranking. Discrete and continuous tracks have different action authority.
qmix_no_gru,3,discrete,random_nominal,main,all,5,60,1.0,1.0,1.0,1.0,1.0,0,2512.5,2512.5,196.35850031905073,0.8548906168292318,Conditional charging time is not a standalone ranking. Discrete and continuous tracks have different action authority.
qmix_no_mixer_shared,3,discrete,familiar_A_B,main,all,5,10,1.0,1.0,1.0,1.0,1.0,0,2961.0,2961.0,247.34945816469536,0.7389197696622509,Conditional charging time is not a standalone ranking. Discrete and continuous tracks have different action authority.
qmix_no_mixer_shared,3,discrete,random_nominal,main,all,5,60,1.0,1.0,1.0,1.0,1.0,0,2641.5,2641.5,235.17292757410854,0.7988648934995658,Conditional charging time is not a standalone ranking. Discrete and continuous tracks have different action authority.
qmix_reference,3,discrete,familiar_A_B,main,all,5,10,1.0,1.0,1.0,1.0,1.0,0,2853.0,2853.0,212.39727945888384,0.741603381456993,Conditional charging time is not a standalone ranking. Discrete and continuous tracks have different action authority.
qmix_reference,3,discrete,random_nominal,main,all,5,60,1.0,1.0,1.0,1.0,1.0,0,2701.5,2701.5,205.42040051687277,0.7969180156900483,Conditional charging time is not a standalone ranking. Discrete and continuous tracks have different action authority.
qmix_static_mixer,3,discrete,familiar_A_B,main,all,5,10,1.0,1.0,1.0,1.0,1.0,0,2484.0,2484.0,185.15810746533987,0.7683094372102992,Conditional charging time is not a standalone ranking. Discrete and continuous tracks have different action authority.
qmix_static_mixer,3,discrete,random_nominal,main,all,5,60,1.0,1.0,1.0,1.0,1.0,0,2301.0,2301.0,183.415411765922,0.8768063508873574,Conditional charging time is not a standalone ranking. Discrete and continuous tracks have different action authority.
qmix_unshared,3,discrete,familiar_A_B,main,all,5,10,0.8,0.4,1.0,1.0,1.0,2,2857.5,3420.0,302.02513184244555,0.7287489840938117,Conditional charging time is not a standalone ranking. Discrete and continuous tracks have different action authority.
qmix_unshared,3,discrete,random_nominal,main,all,5,60,0.8,0.4,1.0,1.0,1.0,12,2801.25,3375.0,370.7127487852667,0.8078014928052408,Conditional charging time is not a standalone ranking. Discrete and continuous tracks have different action authority.
qmix_vdn,3,discrete,familiar_A_B,main,all,5,10,1.0,1.0,1.0,1.0,1.0,0,2583.0,2583.0,193.7438632962204,0.7824869579372622,Conditional charging time is not a standalone ranking. Discrete and continuous tracks have different action authority.
qmix_vdn,3,discrete,random_nominal,main,all,5,60,1.0,1.0,1.0,1.0,1.0,0,2332.5,2332.5,191.67929439298575,0.8636823287695482,Conditional charging time is not a standalone ranking. Discrete and continuous tracks have different action authority.
